time_index,timestamp,period,case_role,wind_speed,expected_power_kw,power_kw,raw,monitoring_indicator,anomaly_score,threshold,alarm,in_event_window,instance_label
0,0,train,faulty,8.2251,622.5159,628.7499,628.7499,-6.234,0.0,3.561,0,0,0
1,1,train,faulty,8.6522,729.8249,740.3584,740.3584,-10.5334,0.0,3.561,0,0,0
2,2,train,faulty,8.653,730.0209,723.9786,723.9786,6.0423,0.224,3.561,0,0,0
3,3,train,faulty,8.9439,809.4612,802.6076,802.6076,6.8536,0.5418,3.561,0,0,0
4,4,train,faulty,9.4137,949.1155,952.1228,952.1228,-3.0073,0.0,3.561,0,0,0
5,5,train,faulty,9.3483,928.8188,942.6872,942.6872,-13.8685,0.0,3.561,0,0,0
6,6,train,faulty,8.8111,772.5553,775.9648,775.9648,-3.4095,0.0,3.561,0,0,0
7,7,train,faulty,8.4459,676.6324,667.6699,667.6699,8.9626,0.5614,3.561,0,0,0
8,8,train,faulty,8.1427,603.0552,597.1874,597.1874,5.8677,0.7653,3.561,0,0,0
9,9,train,faulty,8.3747,658.8712,658.6837,658.6837,0.1875,0.3128,3.561,0,0,0
10,10,train,faulty,8.2728,633.9493,641.6519,641.6519,-7.7026,0.0,3.561,0,0,0
11,11,train,faulty,8.4271,671.9021,672.0561,672.0561,-0.154,0.0,3.561,0,0,0
12,12,train,faulty,8.7071,744.4095,741.804,741.804,2.6055,0.0,3.561,0,0,0
13,13,train,faulty,9.0888,851.0098,849.4609,849.4609,1.5489,0.0,3.561,0,0,0
14,14,train,faulty,9.2551,900.3788,901.9577,901.9577,-1.5788,0.0,3.561,0,0,0
15,15,train,faulty,8.7123,745.7923,740.1944,740.1944,5.5979,0.1727,3.561,0,0,0
16,16,train,faulty,8.3272,647.1755,647.4308,647.4308,-0.2553,0.0,3.561,0,0,0
17,17,train,faulty,7.9947,569.0682,571.4074,571.4074,-2.3392,0.0,3.561,0,0,0
18,18,train,faulty,7.6949,503.9609,517.0659,517.0659,-13.105,0.0,3.561,0,0,0
19,19,train,faulty,8.0021,570.7288,570.5279,570.5279,0.2008,0.0,3.561,0,0,0
20,20,train,faulty,8.1413,602.7163,610.5436,610.5436,-7.8273,0.0,3.561,0,0,0
21,21,train,faulty,7.9819,566.1846,558.3612,558.3612,7.8235,0.4298,3.561,0,0,0
22,22,train,faulty,7.7456,514.6354,521.6177,521.6177,-6.9823,0.0,3.561,0,0,0
23,23,train,faulty,7.4113,446.8989,448.4168,448.4168,-1.5179,0.0,3.561,0,0,0
24,24,train,faulty,7.0758,384.7878,380.8191,380.8191,3.9687,0.0,3.561,0,0,0
25,25,train,faulty,7.6356,491.6746,491.7357,491.7357,-0.061,0.0,3.561,0,0,0
26,26,train,faulty,7.5344,471.1455,478.4686,478.4686,-7.3231,0.0,3.561,0,0,0
27,27,train,faulty,7.3859,441.9812,439.7013,439.7013,2.2799,0.0,3.561,0,0,0
28,28,train,faulty,7.3893,442.6415,450.9499,450.9499,-8.3084,0.0,3.561,0,0,0
29,29,train,faulty,7.7444,514.3701,526.5646,526.5646,-12.1945,0.0,3.561,0,0,0
30,30,train,faulty,7.7473,514.9868,527.9714,527.9714,-12.9846,0.0,3.561,0,0,0
31,31,train,faulty,8.2465,627.623,640.5875,640.5875,-12.9646,0.0,3.561,0,0,0
32,32,train,faulty,7.774,520.6637,510.9622,510.9622,9.7016,0.6468,3.561,0,0,0
33,33,train,faulty,7.4258,449.6997,452.6425,452.6425,-2.9428,0.0,3.561,0,0,0
34,34,train,faulty,7.3904,442.8552,437.7771,437.7771,5.0781,0.1126,3.561,0,0,0
35,35,train,faulty,7.5889,482.1388,489.825,489.825,-7.6863,0.0,3.561,0,0,0
36,36,train,faulty,7.2044,407.9109,408.7607,408.7607,-0.8498,0.0,3.561,0,0,0
37,37,train,faulty,7.1658,400.8952,402.9255,402.9255,-2.0303,0.0,3.561,0,0,0
38,38,train,faulty,6.8473,345.7323,349.6278,349.6278,-3.8955,0.0,3.561,0,0,0
39,39,train,faulty,6.5919,305.0371,300.6678,300.6678,4.3693,0.0307,3.561,0,0,0
40,40,train,faulty,6.6567,315.0775,316.1115,316.1115,-1.0341,0.0,3.561,0,0,0
41,41,train,faulty,6.8004,338.0195,332.6464,332.6464,5.3731,0.1467,3.561,0,0,0
42,42,train,faulty,6.7719,333.3869,350.0095,350.0095,-16.6226,0.0,3.561,0,0,0
43,43,train,faulty,6.8906,352.9342,349.6298,349.6298,3.3044,0.0,3.561,0,0,0
44,44,train,faulty,7.3119,427.8855,428.2941,428.2941,-0.4086,0.0,3.561,0,0,0
45,45,train,faulty,7.5114,466.5464,452.9816,452.9816,13.5647,1.0932,3.561,0,0,0
46,46,train,faulty,7.2385,414.1818,402.8713,402.8713,11.3105,1.9258,3.561,0,0,0
47,47,train,faulty,7.9354,555.795,549.5059,549.5059,6.2891,2.1784,3.561,0,0,0
48,48,train,faulty,8.5626,706.3962,712.9317,712.9317,-6.5355,0.9491,3.561,0,0,0
49,49,train,faulty,8.3701,657.7153,664.0468,664.0468,-6.3316,0.0,3.561,0,0,0
50,50,train,faulty,8.5123,693.468,695.962,695.962,-2.494,0.0,3.561,0,0,0
51,51,train,faulty,8.4011,665.4089,660.6639,660.6639,4.745,0.0741,3.561,0,0,0
52,52,train,faulty,8.3535,653.6368,668.4503,668.4503,-14.8136,0.0,3.561,0,0,0
53,53,train,faulty,8.4302,672.6798,664.9157,664.9157,7.764,0.4229,3.561,0,0,0
54,54,train,faulty,7.7933,524.795,518.3654,518.3654,6.4296,0.6917,3.561,0,0,0
55,55,train,faulty,8.0896,590.7128,594.8157,594.8157,-4.1029,0.0,3.561,0,0,0
56,56,train,faulty,8.1197,597.6848,590.1529,590.1529,7.532,0.3961,3.561,0,0,0
57,57,train,faulty,8.3798,660.1234,662.5017,662.5017,-2.3783,0.0,3.561,0,0,0
58,58,train,faulty,8.1966,615.7271,623.6322,623.6322,-7.9052,0.0,3.561,0,0,0
59,59,train,faulty,8.3574,654.5977,654.3415,654.3415,0.2562,0.0,3.561,0,0,0
60,60,train,faulty,8.4207,670.3106,673.8004,673.8004,-3.4898,0.0,3.561,0,0,0
61,61,train,faulty,8.136,601.4718,602.0658,602.0658,-0.5941,0.0,3.561,0,0,0
62,62,train,faulty,8.2529,629.1791,624.1731,624.1731,5.006,0.1043,3.561,0,0,0
63,63,train,faulty,8.1422,602.9283,578.2937,578.2937,24.6347,2.4765,3.561,0,0,0
64,64,train,faulty,7.7192,509.0538,499.7521,499.7521,9.3017,3.077,3.561,0,0,0
65,65,train,faulty,8.1919,614.6131,614.8463,614.8463,-0.2332,2.576,3.561,0,0,0
66,66,train,faulty,8.7385,752.8295,740.205,740.205,12.6245,3.5605,3.561,0,0,0
67,67,train,faulty,8.9137,800.9837,796.8439,796.8439,4.1398,3.5647,3.561,1,0,0
68,68,train,faulty,8.5731,709.1284,711.0448,711.0448,-1.9164,2.8691,3.561,0,0,0
69,69,train,faulty,8.3889,662.3909,673.1841,673.1841,-10.7932,1.148,3.561,0,0,0
70,70,train,faulty,8.5812,711.2201,700.7476,700.7476,10.4725,1.8838,3.561,0,0,0
71,71,train,faulty,8.6517,729.6853,725.8041,725.8041,3.8812,1.8582,3.561,0,0,0
72,72,train,faulty,8.9062,798.8714,800.9326,800.9326,-2.0611,1.1459,3.561,0,0,0
73,73,train,faulty,8.829,777.4714,781.9004,781.9004,-4.429,0.16,3.561,0,0,0
74,74,train,faulty,9.4008,945.0797,934.4867,934.4867,10.593,0.9098,3.561,0,0,0
75,75,train,faulty,9.081,848.7621,863.693,863.693,-14.9309,0.0,3.561,0,0,0
76,76,train,faulty,8.5932,714.3547,708.2002,708.2002,6.1545,0.237,3.561,0,0,0
77,77,train,faulty,8.0607,584.07,592.9315,592.9315,-8.8615,0.0,3.561,0,0,0
78,78,train,faulty,7.8155,529.5553,528.2545,528.2545,1.3009,0.0,3.561,0,0,0
79,79,train,faulty,7.336,432.4483,435.9497,435.9497,-3.5015,0.0,3.561,0,0,0
80,80,train,faulty,8.1904,614.2579,627.6939,627.6939,-13.436,0.0,3.561,0,0,0
81,81,train,faulty,8.3373,649.6599,655.5389,655.5389,-5.8789,0.0,3.561,0,0,0
82,82,train,faulty,7.8042,527.132,528.4421,528.4421,-1.3101,0.0,3.561,0,0,0
83,83,train,faulty,7.5432,472.9032,465.26,465.26,7.6432,0.409,3.561,0,0,0
84,84,train,faulty,7.6192,488.3117,483.4285,483.4285,4.8833,0.4991,3.561,0,0,0
85,85,train,faulty,7.1836,404.1175,393.1461,393.1461,10.9714,1.2926,3.561,0,0,0
86,86,train,faulty,7.1063,390.1966,406.4129,406.4129,-16.2163,0.0,3.561,0,0,0
87,87,train,faulty,6.8606,347.923,335.9372,335.9372,11.9858,0.9107,3.561,0,0,0
88,88,train,faulty,7.109,390.6802,370.6169,370.6169,20.0633,2.7547,3.561,0,0,0
89,89,train,faulty,7.4661,457.5824,470.8493,470.8493,-13.2669,0.7477,3.561,0,0,0
90,90,train,faulty,7.5174,467.7503,478.1284,478.1284,-10.3781,0.0,3.561,0,0,0
91,91,train,faulty,7.9322,555.075,552.5095,552.5095,2.5655,0.0,3.561,0,0,0
92,92,train,faulty,8.0043,571.2195,578.1214,578.1214,-6.9019,0.0,3.561,0,0,0
93,93,train,faulty,7.506,465.4785,459.2511,459.2511,6.2274,0.2454,3.561,0,0,0
94,94,train,faulty,7.6623,497.1865,492.9085,492.9085,4.2781,0.2656,3.561,0,0,0
95,95,train,faulty,8.6048,717.3692,721.6173,721.6173,-4.248,0.0,3.561,0,0,0
96,96,train,faulty,9.1853,879.4244,882.8151,882.8151,-3.3907,0.0,3.561,0,0,0
97,97,train,faulty,9.4096,947.8176,944.4754,944.4754,3.3422,0.0,3.561,0,0,0
98,98,train,faulty,9.0122,828.888,842.0081,842.0081,-13.1201,0.0,3.561,0,0,0
99,99,train,faulty,9.0163,830.0592,836.1663,836.1663,-6.1071,0.0,3.561,0,0,0
100,100,train,faulty,9.0957,853.0267,854.4027,854.4027,-1.3761,0.0,3.561,0,0,0
101,101,train,faulty,9.4675,966.0364,956.9483,956.9483,9.088,0.5759,3.561,0,0,0
102,102,train,faulty,8.8078,771.6597,773.0211,773.0211,-1.3613,0.0,3.561,0,0,0
103,103,train,faulty,8.7702,761.4004,759.1631,759.1631,2.2373,0.0,3.561,0,0,0
104,104,train,faulty,8.9709,817.1133,816.7817,816.7817,0.3316,0.0,3.561,0,0,0
105,105,train,faulty,9.4633,964.695,971.3061,971.3061,-6.6111,0.0,3.561,0,0,0
106,106,train,faulty,9.9314,1119.9977,1115.716,1115.716,4.2816,0.0206,3.561,0,0,0
107,107,train,faulty,10.0974,1178.7348,1181.1044,1181.1044,-2.3696,0.0,3.561,0,0,0
108,108,train,faulty,9.7395,1054.5083,1061.0946,1061.0946,-6.5863,0.0,3.561,0,0,0
109,109,train,faulty,9.9526,1127.4055,1130.4771,1130.4771,-3.0716,0.0,3.561,0,0,0
110,110,train,faulty,10.4438,1307.6108,1326.0743,1326.0743,-18.4635,0.0,3.561,0,0,0
111,111,train,faulty,10.2158,1221.8039,1208.2373,1208.2373,13.5666,1.0934,3.561,0,0,0
112,112,train,faulty,10.2474,1233.4817,1233.2434,1233.2434,0.2383,0.6468,3.561,0,0,0
113,113,train,faulty,9.4626,964.4928,955.3608,955.3608,9.132,1.2278,3.561,0,0,0
114,114,train,faulty,9.7494,1057.8296,1057.5483,1057.5483,0.2812,0.7861,3.561,0,0,0
115,115,train,faulty,9.5438,990.3361,1010.5449,1010.5449,-20.2088,0.0,3.561,0,0,0
116,116,train,faulty,9.1449,867.4627,854.7095,854.7095,12.7533,0.9994,3.561,0,0,0
117,117,train,faulty,9.0938,852.472,850.4005,850.4005,2.0715,0.7646,3.561,0,0,0
118,118,train,faulty,8.4465,676.785,682.2217,682.2217,-5.4367,0.0,3.561,0,0,0
119,119,train,faulty,8.3896,662.5567,663.5337,663.5337,-0.977,0.0,3.561,0,0,0
120,120,train,faulty,8.5762,709.9292,717.4316,717.4316,-7.5024,0.0,3.561,0,0,0
121,121,train,faulty,8.5694,708.1612,696.0493,696.0493,12.1119,0.9253,3.561,0,0,0
122,122,train,faulty,9.1919,881.3938,889.3705,889.3705,-7.9767,0.0,3.561,0,0,0
123,123,train,faulty,9.126,861.9042,854.5494,854.5494,7.3547,0.3756,3.561,0,0,0
124,124,train,faulty,9.2454,897.4375,888.0014,888.0014,9.4361,0.9918,3.561,0,0,0
125,125,train,faulty,8.7524,756.5754,761.3027,761.3027,-4.7274,0.0,3.561,0,0,0
126,126,train,faulty,8.3619,655.7094,659.7213,659.7213,-4.0119,0.0,3.561,0,0,0
127,127,train,faulty,8.2936,639.0047,633.4346,633.4346,5.5701,0.1695,3.561,0,0,0
128,128,train,faulty,8.9681,816.3067,810.0264,810.0264,6.2803,0.421,3.561,0,0,0
129,129,train,faulty,9.093,852.2488,850.8725,850.8725,1.3763,0.1058,3.561,0,0,0
130,130,train,faulty,9.2227,890.6164,890.7477,890.7477,-0.1313,0.0,3.561,0,0,0
131,131,train,faulty,9.387,940.7985,939.6586,939.6586,1.1399,0.0,3.561,0,0,0
132,132,train,faulty,9.507,978.5771,970.7276,970.7276,7.8495,0.4328,3.561,0,0,0
133,133,train,faulty,9.0155,829.8267,811.5938,811.5938,18.233,2.0653,3.561,0,0,0
134,134,train,faulty,9.3007,914.2147,924.8347,924.8347,-10.62,0.3642,3.561,0,0,0
135,135,train,faulty,9.7976,1074.0726,1075.6523,1075.6523,-1.5796,0.0,3.561,0,0,0
136,136,train,faulty,9.2106,886.9739,877.3063,877.3063,9.6676,0.6429,3.561,0,0,0
137,137,train,faulty,9.0175,830.3927,818.1121,818.1121,12.2806,1.5877,3.561,0,0,0
138,138,train,faulty,8.3661,656.7485,651.4256,651.4256,5.323,1.7285,3.561,0,0,0
139,139,train,faulty,8.3833,660.9876,657.8693,657.8693,3.1183,1.6147,3.561,0,0,0
140,140,train,faulty,7.9451,557.9531,541.2045,541.2045,16.7486,3.0757,3.561,0,0,0
141,141,train,faulty,7.7787,521.6722,532.9615,532.9615,-11.2893,1.2972,3.561,0,0,0
142,142,train,faulty,7.5052,465.319,468.8709,468.8709,-3.5518,0.4127,3.561,0,0,0
143,143,train,faulty,7.2957,424.8394,422.4453,422.4453,2.3941,0.2152,3.561,0,0,0
144,144,train,faulty,7.3164,428.7431,431.6841,431.6841,-2.941,0.0,3.561,0,0,0
145,145,train,faulty,7.841,535.0577,537.052,537.052,-1.9944,0.0,3.561,0,0,0
146,146,train,faulty,8.1119,595.8653,604.4613,604.4613,-8.596,0.0,3.561,0,0,0
147,147,train,faulty,7.7274,510.7816,512.1606,512.1606,-1.379,0.0,3.561,0,0,0
148,148,train,faulty,7.3432,433.8179,444.003,444.003,-10.1851,0.0,3.561,0,0,0
149,149,train,faulty,6.9574,364.2203,376.6628,376.6628,-12.4425,0.0,3.561,0,0,0
150,150,train,faulty,7.1521,398.4079,396.076,396.076,2.332,0.0,3.561,0,0,0
151,151,train,faulty,7.0466,379.6628,376.2164,376.2164,3.4464,0.0,3.561,0,0,0
152,152,train,faulty,6.8235,341.8032,334.9279,334.9279,6.8753,0.3203,3.561,0,0,0
153,153,train,faulty,6.7565,330.9094,329.2058,329.2058,1.7036,0.043,3.561,0,0,0
154,154,train,faulty,6.5418,297.424,291.7945,291.7945,5.6295,0.2193,3.561,0,0,0
155,155,train,faulty,6.5938,305.3409,305.558,305.558,-0.217,0.0,3.561,0,0,0
156,156,train,faulty,6.5349,296.3825,298.9491,298.9491,-2.5667,0.0,3.561,0,0,0
157,157,train,faulty,6.4542,284.3687,288.7768,288.7768,-4.408,0.0,3.561,0,0,0
158,158,train,faulty,6.7637,332.0642,323.008,323.008,9.0563,0.5722,3.561,0,0,0
159,159,train,faulty,6.4267,280.3465,289.0884,289.0884,-8.7419,0.0,3.561,0,0,0
160,160,train,faulty,6.0648,230.536,228.1965,228.1965,2.3395,0.0,3.561,0,0,0
161,161,train,faulty,6.7402,328.2935,327.5328,327.5328,0.7607,0.0,3.561,0,0,0
162,162,train,faulty,6.3243,265.6743,261.7127,261.7127,3.9616,0.0,3.561,0,0,0
163,163,train,faulty,5.9605,217.2437,201.4538,201.4538,15.7899,1.3502,3.561,0,0,0
164,164,train,faulty,5.9407,214.7701,216.9175,216.9175,-2.1475,0.628,3.561,0,0,0
165,165,train,faulty,6.7355,327.5305,313.545,313.545,13.9855,1.7698,3.561,0,0,0
166,166,train,faulty,6.4316,281.066,289.988,289.988,-8.922,0.2648,3.561,0,0,0
167,167,train,faulty,6.9501,362.9858,363.4247,363.4247,-0.4389,0.0,3.561,0,0,0
168,168,train,faulty,6.5228,294.5691,307.0951,307.0951,-12.526,0.0,3.561,0,0,0
169,169,train,faulty,6.459,285.0869,290.367,290.367,-5.2801,0.0,3.561,0,0,0
170,170,train,faulty,7.1483,397.7197,403.4252,403.4252,-5.7055,0.0,3.561,0,0,0
171,171,train,faulty,7.5392,472.1064,483.356,483.356,-11.2496,0.0,3.561,0,0,0
172,172,train,faulty,7.4211,448.7982,448.5726,448.5726,0.2256,0.0,3.561,0,0,0
173,173,train,faulty,7.3679,438.5368,450.8929,450.8929,-12.356,0.0,3.561,0,0,0
174,174,train,faulty,7.1678,401.2478,400.3368,400.3368,0.911,0.0,3.561,0,0,0
175,175,train,faulty,6.7919,336.6401,338.7966,338.7966,-2.1565,0.0,3.561,0,0,0
176,176,train,faulty,7.1365,395.5963,390.3234,390.3234,5.2728,0.1351,3.561,0,0,0
177,177,train,faulty,8.2878,637.6006,642.026,642.026,-4.4254,0.0,3.561,0,0,0
178,178,train,faulty,7.8295,532.5781,538.0085,538.0085,-5.4304,0.0,3.561,0,0,0
179,179,train,faulty,8.7021,743.0745,739.1682,739.1682,3.9062,0.0,3.561,0,0,0
180,180,train,faulty,8.2674,632.6698,622.5713,622.5713,10.0985,0.6927,3.561,0,0,0
181,181,train,faulty,8.663,732.6804,732.4823,732.4823,0.1981,0.2414,3.561,0,0,0
182,182,train,faulty,8.3006,640.7012,644.1544,644.1544,-3.4532,0.0,3.561,0,0,0
183,183,train,faulty,7.9927,568.6089,567.4439,567.4439,1.165,0.0,3.561,0,0,0
184,184,train,faulty,7.6131,487.0747,479.4056,479.4056,7.6691,0.412,3.561,0,0,0
185,185,train,faulty,7.5603,476.3421,470.6828,470.6828,5.6593,0.5917,3.561,0,0,0
186,186,train,faulty,7.2144,409.742,407.7187,407.7187,2.0233,0.3514,3.561,0,0,0
187,187,train,faulty,7.5483,473.9242,453.1161,453.1161,20.8081,2.2814,3.561,0,0,0
188,188,train,faulty,7.3988,444.4735,439.8957,439.8957,4.5778,2.3362,3.561,0,0,0
189,189,train,faulty,7.5643,477.1589,488.6879,488.6879,-11.5289,0.53,3.561,0,0,0
190,190,train,faulty,7.2029,407.6394,397.513,397.513,10.1263,1.2259,3.561,0,0,0
191,191,train,faulty,6.9915,370.0742,368.419,368.419,1.6552,0.943,3.561,0,0,0
192,192,train,faulty,7.0564,381.3814,394.9088,394.9088,-13.5274,0.0,3.561,0,0,0
193,193,train,faulty,7.0687,383.5347,389.2602,389.2602,-5.7255,0.0,3.561,0,0,0
194,194,train,faulty,7.8759,542.659,550.0748,550.0748,-7.4157,0.0,3.561,0,0,0
195,195,train,faulty,8.5687,707.9815,706.895,706.895,1.0864,0.0,3.561,0,0,0
196,196,train,faulty,8.4024,665.7502,655.2599,655.2599,10.4902,0.7379,3.561,0,0,0
197,197,train,faulty,8.3394,650.1623,673.1646,673.1646,-23.0023,0.0,3.561,0,0,0
198,198,train,faulty,7.9467,558.3052,560.7881,560.7881,-2.4829,0.0,3.561,0,0,0
199,199,train,faulty,7.8188,530.2584,532.2504,532.2504,-1.9919,0.0,3.561,0,0,0
200,200,train,faulty,8.2051,617.7538,630.9035,630.9035,-13.1498,0.0,3.561,0,0,0
201,201,train,faulty,8.2739,634.2308,640.7583,640.7583,-6.5274,0.0,3.561,0,0,0
202,202,train,faulty,7.9823,566.2671,566.8101,566.8101,-0.5429,0.0,3.561,0,0,0
203,203,train,faulty,7.9234,553.1253,544.4203,544.4203,8.705,0.5317,3.561,0,0,0
204,204,train,faulty,8.8256,776.5261,775.37,775.37,1.1561,0.1911,3.561,0,0,0
205,205,train,faulty,8.4226,670.7713,669.6665,669.6665,1.1048,0.0,3.561,0,0,0
206,206,train,faulty,8.062,584.3553,579.0386,579.0386,5.3167,0.1402,3.561,0,0,0
207,207,train,faulty,8.5471,702.3982,695.5752,695.5752,6.823,0.4544,3.561,0,0,0
208,208,train,faulty,8.4256,671.5445,663.6457,663.6457,7.8988,0.8929,3.561,0,0,0
209,209,train,faulty,8.4587,679.8577,678.9893,678.9893,0.8683,0.5191,3.561,0,0,0
210,210,train,faulty,8.134,601.0199,596.3614,596.3614,4.6585,0.5832,3.561,0,0,0
211,211,train,faulty,8.2612,631.1761,634.4935,634.4935,-3.3174,0.0,3.561,0,0,0
212,212,train,faulty,8.4685,682.319,690.4549,690.4549,-8.1359,0.0,3.561,0,0,0
213,213,train,faulty,8.402,665.6416,668.2186,668.2186,-2.577,0.0,3.561,0,0,0
214,214,train,faulty,7.8632,539.8943,540.1251,540.1251,-0.2309,0.0,3.561,0,0,0
215,215,train,faulty,8.3385,649.9464,662.4304,662.4304,-12.484,0.0,3.561,0,0,0
216,216,train,faulty,8.7315,750.9364,756.2022,756.2022,-5.2657,0.0,3.561,0,0,0
217,217,train,faulty,8.5299,697.9864,686.2842,686.2842,11.7022,0.878,3.561,0,0,0
218,218,train,faulty,8.0988,592.8343,587.1813,587.1813,5.6529,1.057,3.561,0,0,0
219,219,train,faulty,8.0396,579.2337,580.8379,580.8379,-1.6042,0.3975,3.561,0,0,0
220,220,train,faulty,8.0543,582.588,575.6411,575.6411,6.9469,0.726,3.561,0,0,0
221,221,train,faulty,7.6919,503.3366,509.4296,509.4296,-6.093,0.0,3.561,0,0,0
222,222,train,faulty,7.4386,452.1951,438.2981,438.2981,13.897,1.1315,3.561,0,0,0
223,223,train,faulty,8.0275,576.4815,561.3387,561.3387,15.1428,2.407,3.561,0,0,0
224,224,train,faulty,7.6412,492.8333,500.6929,500.6929,-7.8596,1.0248,3.561,0,0,0
225,225,train,faulty,7.9493,558.8693,563.5446,563.5446,-4.6752,0.0105,3.561,0,0,0
226,226,train,faulty,8.1008,593.3015,580.6037,580.6037,12.6978,1.0035,3.561,0,0,0
227,227,train,faulty,7.757,517.0525,517.7005,517.7005,-0.648,0.4545,3.561,0,0,0
228,228,train,faulty,7.8048,527.2557,538.0017,538.0017,-10.7459,0.0,3.561,0,0,0
229,229,train,faulty,7.5221,468.6862,459.8515,459.8515,8.8347,0.5466,3.561,0,0,0
230,230,train,faulty,7.883,544.2173,534.7898,534.7898,9.4275,1.1618,3.561,0,0,0
231,231,train,faulty,7.5162,467.5136,457.8695,457.8695,9.6441,1.8019,3.561,0,0,0
232,232,train,faulty,7.8634,539.937,532.1384,532.1384,7.7986,2.2289,3.561,0,0,0
233,233,train,faulty,8.2272,623.0203,609.2417,609.2417,13.7785,3.3467,3.561,0,0,0
234,234,train,faulty,8.1735,610.2678,606.4501,606.4501,3.8177,3.3137,3.561,0,0,0
235,235,train,faulty,8.2689,633.0119,621.5024,621.5024,11.5095,4.1694,3.561,1,0,0
236,236,train,faulty,8.171,609.6769,610.2028,610.2028,-0.5259,3.6345,3.561,1,0,0
237,237,train,faulty,7.7459,514.6979,532.5252,532.5252,-17.8272,1.1006,3.561,0,0,0
238,238,train,faulty,7.5472,473.7041,465.3725,465.3725,8.3316,1.5891,3.561,0,0,0
239,239,train,faulty,8.584,711.9362,719.1933,719.1933,-7.2571,0.2765,3.561,0,0,0
240,240,train,faulty,8.6745,735.7148,745.049,745.049,-9.3342,0.0,3.561,0,0,0
241,241,train,faulty,8.5415,700.9587,682.5922,682.5922,18.3665,1.648,3.561,0,0,0
242,242,train,faulty,8.4693,682.5436,683.447,683.447,-0.9034,1.0694,3.561,0,0,0
243,243,train,faulty,8.2083,618.513,618.4516,618.4516,0.0614,0.6024,3.561,0,0,0
244,244,train,faulty,8.1648,608.2198,605.5689,605.5689,2.6509,0.4346,3.561,0,0,0
245,245,train,faulty,8.6683,734.0861,740.4729,740.4729,-6.3867,0.0,3.561,0,0,0
246,246,train,faulty,8.8282,777.2469,773.7693,773.7693,3.4776,0.0,3.561,0,0,0
247,247,train,faulty,8.4148,668.8237,671.6559,671.6559,-2.8322,0.0,3.561,0,0,0
248,248,train,faulty,8.4725,683.3479,680.2718,680.2718,3.0761,0.0,3.561,0,0,0
249,249,train,faulty,8.1658,608.4743,607.405,607.405,1.0693,0.0,3.561,0,0,0
250,250,train,faulty,7.5987,484.1217,477.8974,477.8974,6.2243,0.245,3.561,0,0,0
251,251,train,faulty,7.483,460.9117,479.0534,479.0534,-18.1417,0.0,3.561,0,0,0
252,252,train,faulty,7.3342,432.1174,431.6895,431.6895,0.4279,0.0,3.561,0,0,0
253,253,train,faulty,7.2541,417.0766,408.1745,408.1745,8.9021,0.5544,3.561,0,0,0
254,254,train,faulty,7.4495,454.3245,469.873,469.873,-15.5485,0.0,3.561,0,0,0
255,255,train,faulty,7.071,383.9413,396.5137,396.5137,-12.5724,0.0,3.561,0,0,0
256,256,train,faulty,7.1336,395.0734,393.5238,393.5238,1.5496,0.0,3.561,0,0,0
257,257,train,faulty,6.7822,335.0552,329.8498,329.8498,5.2053,0.1273,3.561,0,0,0
258,258,train,faulty,7.0235,375.6165,369.7646,369.7646,5.8519,0.3293,3.561,0,0,0
259,259,train,faulty,6.733,327.1382,336.9916,336.9916,-9.8534,0.0,3.561,0,0,0
260,260,train,faulty,6.5469,298.1913,295.6007,295.6007,2.5906,0.0,3.561,0,0,0
261,261,train,faulty,6.5268,295.167,289.5119,289.5119,5.6551,0.1793,3.561,0,0,0
262,262,train,faulty,6.6552,314.8378,321.5636,321.5636,-6.7258,0.0,3.561,0,0,0
263,263,train,faulty,7.1311,394.6377,392.51,392.51,2.1276,0.0,3.561,0,0,0
264,264,train,faulty,6.9278,359.1915,358.7798,358.7798,0.4116,0.0,3.561,0,0,0
265,265,train,faulty,7.0992,388.9279,404.3801,404.3801,-15.4522,0.0,3.561,0,0,0
266,266,train,faulty,6.9936,370.436,377.3348,377.3348,-6.8987,0.0,3.561,0,0,0
267,267,train,faulty,7.4563,455.6568,465.5926,465.5926,-9.9358,0.0,3.561,0,0,0
268,268,train,faulty,7.9969,569.5443,572.8893,572.8893,-3.345,0.0,3.561,0,0,0
269,269,train,faulty,8.3595,655.1198,665.3886,665.3886,-10.2688,0.0,3.561,0,0,0
270,270,train,faulty,8.0222,575.2849,573.9466,573.9466,1.3383,0.0,3.561,0,0,0
271,271,train,faulty,8.3269,647.0995,654.7931,654.7931,-7.6935,0.0,3.561,0,0,0
272,272,train,faulty,7.8921,546.2126,554.5716,554.5716,-8.359,0.0,3.561,0,0,0
273,273,train,faulty,7.9767,565.0048,561.7397,561.7397,3.2652,0.0,3.561,0,0,0
274,274,train,faulty,7.8733,542.1076,531.8831,531.8831,10.2245,0.7072,3.561,0,0,0
275,275,train,faulty,7.9807,565.9153,570.1971,570.1971,-4.2818,0.0,3.561,0,0,0
276,276,train,faulty,7.8394,534.7187,533.7717,533.7717,0.9471,0.0,3.561,0,0,0
277,277,train,faulty,8.3207,645.5919,650.4525,650.4525,-4.8606,0.0,3.561,0,0,0
278,278,train,faulty,8.3419,650.7722,645.9962,645.9962,4.776,0.0777,3.561,0,0,0
279,279,train,faulty,7.8594,539.0661,543.2963,543.2963,-4.2302,0.0,3.561,0,0,0
280,280,train,faulty,8.174,610.3896,618.0681,618.0681,-7.6785,0.0,3.561,0,0,0
281,281,train,faulty,7.989,567.7816,586.639,586.639,-18.8573,0.0,3.561,0,0,0
282,282,train,faulty,8.1115,595.7723,610.0232,610.0232,-14.2509,0.0,3.561,0,0,0
283,283,train,faulty,8.252,628.9417,632.0685,632.0685,-3.1269,0.0,3.561,0,0,0
284,284,train,faulty,8.9888,822.2088,833.6669,833.6669,-11.4581,0.0,3.561,0,0,0
285,285,train,faulty,9.6929,1038.9977,1034.0179,1034.0179,4.9798,0.1012,3.561,0,0,0
286,286,train,faulty,9.0815,848.9053,858.2739,858.2739,-9.3685,0.0,3.561,0,0,0
287,287,train,faulty,8.666,733.4758,734.5988,734.5988,-1.123,0.0,3.561,0,0,0
288,288,val,faulty,8.3118,643.4243,654.0393,654.0393,-10.615,0.0,3.561,0,0,0
289,289,val,faulty,7.98,565.7576,568.4311,568.4311,-2.6735,0.0,3.561,0,0,0
290,290,val,faulty,7.499,464.0945,462.2764,462.2764,1.818,0.0,3.561,0,0,0
291,291,val,faulty,7.8764,542.7696,537.125,537.125,5.6445,0.1781,3.561,0,0,0
292,292,val,faulty,7.7741,520.6918,530.7117,530.7117,-10.0199,0.0,3.561,0,0,0
293,293,val,faulty,7.7558,516.7847,517.2636,517.2636,-0.479,0.0,3.561,0,0,0
294,294,val,faulty,7.6719,499.1751,504.8753,504.8753,-5.7001,0.0,3.561,0,0,0
295,295,val,faulty,7.2404,414.5424,418.3911,418.3911,-3.8487,0.0,3.561,0,0,0
296,296,val,faulty,7.0381,378.1736,361.9088,361.9088,16.2648,1.4051,3.561,0,0,0
297,297,val,faulty,6.604,306.8933,311.7181,311.7181,-4.8248,0.3735,3.561,0,0,0
298,298,val,faulty,7.1306,394.5511,391.6014,391.6014,2.9497,0.2402,3.561,0,0,0
299,299,val,faulty,7.0314,377.0059,380.1452,380.1452,-3.1394,0.0,3.561,0,0,0
300,300,val,faulty,6.92,357.8737,361.7272,361.7272,-3.8534,0.0,3.561,0,0,0
301,301,val,faulty,6.7568,330.9629,316.5989,316.5989,14.364,1.1855,3.561,0,0,0
302,302,val,faulty,6.7159,324.4086,321.9117,321.9117,2.4969,0.9999,3.561,0,0,0
303,303,val,faulty,6.4882,289.3899,288.9231,288.9231,0.4668,0.5797,3.561,0,0,0
304,304,val,faulty,6.756,330.8264,333.9324,333.9324,-3.1059,0.0,3.561,0,0,0
305,305,val,faulty,6.4126,278.3,285.8082,285.8082,-7.5083,0.0,3.561,0,0,0
306,306,val,faulty,6.5831,303.69,298.2774,298.2774,5.4126,0.1512,3.561,0,0,0
307,307,val,faulty,6.5718,301.9754,300.1451,300.1451,1.8303,0.0,3.561,0,0,0
308,308,val,faulty,6.2836,259.966,264.9453,264.9453,-4.9793,0.0,3.561,0,0,0
309,309,val,faulty,6.2078,249.5383,234.9573,234.9573,14.581,1.2106,3.561,0,0,0
310,310,val,faulty,6.4907,289.775,304.5648,304.5648,-14.7899,0.0,3.561,0,0,0
311,311,val,faulty,6.8439,345.1577,337.6408,337.6408,7.5169,0.3944,3.561,0,0,0
312,312,val,faulty,7.058,381.651,392.1539,392.1539,-10.5029,0.0,3.561,0,0,0
313,313,val,faulty,6.9854,369.0354,370.2019,370.2019,-1.1666,0.0,3.561,0,0,0
314,314,val,faulty,6.4695,286.6355,301.6462,301.6462,-15.0107,0.0,3.561,0,0,0
315,315,val,faulty,6.1869,246.7026,255.0091,255.0091,-8.3065,0.0,3.561,0,0,0
316,316,val,faulty,6.381,273.7333,273.4727,273.4727,0.2606,0.0,3.561,0,0,0
317,317,val,faulty,6.5591,300.0343,286.5355,286.5355,13.4988,1.0855,3.561,0,0,0
318,318,val,faulty,6.3575,270.3843,271.4451,271.4451,-1.0607,0.4888,3.561,0,0,0
319,319,val,faulty,6.657,315.121,317.7184,317.7184,-2.5974,0.0,3.561,0,0,0
320,320,val,faulty,6.8029,338.4216,342.7738,342.7738,-4.3522,0.0,3.561,0,0,0
321,321,val,faulty,7.7566,516.9683,506.946,506.946,10.0223,0.6839,3.561,0,0,0
322,322,val,faulty,8.073,586.8948,580.3235,580.3235,6.5713,0.969,3.561,0,0,0
323,323,val,faulty,7.9922,568.4981,562.3053,562.3053,6.1928,1.2104,3.561,0,0,0
324,324,val,faulty,7.7886,523.7816,526.0319,526.0319,-2.2503,0.4763,3.561,0,0,0
325,325,val,faulty,7.6677,498.3154,491.4064,491.4064,6.909,0.8004,3.561,0,0,0
326,326,val,faulty,7.7778,521.4762,520.553,520.553,0.9232,0.4329,3.561,0,0,0
327,327,val,faulty,7.3169,428.8302,436.24,436.24,-7.4098,0.0,3.561,0,0,0
328,328,val,faulty,7.2266,411.9961,408.6591,408.6591,3.337,0.0,3.561,0,0,0
329,329,val,faulty,7.6298,490.4864,501.2163,501.2163,-10.7299,0.0,3.561,0,0,0
330,330,val,faulty,8.2008,616.7376,619.1054,619.1054,-2.3678,0.0,3.561,0,0,0
331,331,val,faulty,7.6621,497.149,495.1939,495.1939,1.9551,0.0,3.561,0,0,0
332,332,val,faulty,7.1288,394.2277,402.9553,402.9553,-8.7276,0.0,3.561,0,0,0
333,333,val,faulty,6.7665,332.5178,336.4671,336.4671,-3.9493,0.0,3.561,0,0,0
334,334,val,faulty,6.7366,327.7081,325.4397,325.4397,2.2684,0.0,3.561,0,0,0
335,335,val,faulty,6.9744,367.1459,362.4777,362.4777,4.6682,0.0652,3.561,0,0,0
336,336,val,faulty,7.5303,470.3268,469.9803,469.9803,0.3465,0.0,3.561,0,0,0
337,337,val,faulty,7.7661,518.9711,521.7336,521.7336,-2.7625,0.0,3.561,0,0,0
338,338,val,faulty,8.0279,576.5671,585.6657,585.6657,-9.0986,0.0,3.561,0,0,0
339,339,val,faulty,7.5821,480.7569,482.92,482.92,-2.1631,0.0,3.561,0,0,0
340,340,val,faulty,7.2183,410.4618,405.555,405.555,4.9069,0.0928,3.561,0,0,0
341,341,val,faulty,7.0016,371.828,361.2703,361.2703,10.5577,0.8385,3.561,0,0,0
342,342,val,faulty,7.4354,451.583,453.629,453.629,-2.046,0.128,3.561,0,0,0
343,343,val,faulty,7.7028,505.6203,508.7645,508.7645,-3.1442,0.0,3.561,0,0,0
344,344,val,faulty,7.8775,543.0101,552.0357,552.0357,-9.0256,0.0,3.561,0,0,0
345,345,val,faulty,7.4138,447.3704,443.1831,443.1831,4.1873,0.0097,3.561,0,0,0
346,346,val,faulty,7.7899,524.0504,513.7661,513.7661,10.2843,0.7238,3.561,0,0,0
347,347,val,faulty,7.5158,467.4334,474.1043,474.1043,-6.6709,0.0,3.561,0,0,0
348,348,val,faulty,7.3611,437.2341,435.8786,435.8786,1.3555,0.0,3.561,0,0,0
349,349,val,faulty,7.3313,431.5692,421.908,421.908,9.6612,0.6421,3.561,0,0,0
350,350,val,faulty,6.8916,353.1013,366.3152,366.3152,-13.2139,0.0,3.561,0,0,0
351,351,val,faulty,7.1732,402.222,409.3049,409.3049,-7.0829,0.0,3.561,0,0,0
352,352,val,faulty,7.1778,403.0656,403.5854,403.5854,-0.5198,0.0,3.561,0,0,0
353,353,val,faulty,7.5824,480.8181,483.0584,483.0584,-2.2403,0.0,3.561,0,0,0
354,354,val,faulty,8.0761,587.6075,581.695,581.695,5.9125,0.209,3.561,0,0,0
355,355,val,faulty,8.7674,760.6362,768.5344,768.5344,-7.8982,0.0,3.561,0,0,0
356,356,val,faulty,8.8382,780.0016,776.5744,776.5744,3.4271,0.0,3.561,0,0,0
357,357,val,faulty,9.1759,876.6546,873.0856,873.0856,3.569,0.0,3.561,0,0,0
358,358,val,faulty,9.6451,1023.2315,1020.8889,1020.8889,2.3426,0.0,3.561,0,0,0
359,359,val,faulty,8.9358,807.1716,798.1349,798.1349,9.0366,0.57,3.561,0,0,0
360,360,test,faulty,9.023,831.9902,840.187,840.187,-8.1967,0.0,3.561,0,0,0
361,361,test,faulty,8.5467,702.2933,715.5772,715.5772,-13.2839,0.0,3.561,0,0,0
362,362,test,faulty,8.2912,638.4239,644.5004,644.5004,-6.0765,0.0,3.561,0,0,0
363,363,test,faulty,8.0307,577.2082,560.8917,560.8917,16.3165,1.4111,3.561,0,0,0
364,364,test,faulty,7.8564,538.4198,536.0187,536.0187,2.4011,1.2144,3.561,0,0,0
365,365,test,faulty,7.3866,442.1154,437.0559,437.0559,5.0594,1.3248,3.561,0,0,0
366,366,test,faulty,7.0548,381.0905,384.079,384.079,-2.9885,0.5054,3.561,0,0,0
367,367,test,faulty,6.9036,355.1081,338.0968,338.0968,17.0112,1.9968,3.561,0,0,0
368,368,test,faulty,6.8996,354.4359,337.3218,337.3218,17.1141,3.5,3.561,0,0,0
369,369,test,faulty,6.783,335.1855,331.5566,331.5566,3.6289,3.4452,3.561,0,0,0
370,370,test,faulty,6.6498,313.9896,321.8065,321.8065,-7.8169,2.0679,3.561,0,0,0
371,371,test,faulty,6.6725,317.5472,316.065,316.065,1.4822,1.765,3.561,0,0,0
372,372,test,faulty,6.7359,327.6046,345.1625,345.1625,-17.5579,0.0,3.561,0,0,0
373,373,test,faulty,7.1815,403.7384,397.0198,397.0198,6.7187,0.3022,3.561,0,0,0
374,374,test,faulty,6.9032,355.0383,355.3657,355.3657,-0.3275,0.0,3.561,0,0,0
375,375,test,faulty,6.9641,365.3692,364.2115,364.2115,1.1577,0.0,3.561,0,0,0
376,376,test,faulty,7.5881,481.9715,475.3798,475.3798,6.5917,0.2875,3.561,0,0,0
377,377,test,faulty,7.9426,557.3911,566.2376,566.2376,-8.8465,0.0,3.561,0,0,0
378,378,test,faulty,7.5706,478.4165,467.9183,467.9183,10.4982,0.7388,3.561,0,0,0
379,379,test,faulty,7.8053,527.3553,518.9784,518.9784,8.3769,1.2326,3.561,0,0,0
380,380,test,faulty,7.8783,543.186,540.32,540.32,2.866,1.0896,3.561,0,0,0
381,381,test,faulty,7.6933,503.637,499.8517,499.8517,3.7853,1.0528,3.561,0,0,0
382,382,test,faulty,7.3557,436.2088,445.2032,445.2032,-8.9944,0.0,3.561,0,0,0
383,383,test,faulty,7.527,469.6668,465.4894,465.4894,4.1774,0.0085,3.561,0,0,0
384,384,test,faulty,7.6266,489.8248,493.8342,493.8342,-4.0094,0.0,3.561,0,0,0
385,385,test,faulty,7.6842,501.7411,498.0554,498.0554,3.6857,0.0,3.561,0,0,0
386,386,test,faulty,8.4306,672.7827,682.9603,682.9603,-10.1776,0.0,3.561,0,0,0
387,387,test,faulty,8.0174,574.1837,574.0596,574.0596,0.124,0.0,3.561,0,0,0
388,388,test,faulty,8.8094,772.0768,774.178,774.178,-2.1012,0.0,3.561,0,0,0
389,389,test,faulty,8.2499,628.4525,615.4913,615.4913,12.9612,1.0234,3.561,0,0,0
390,390,test,faulty,8.5773,710.2013,715.8238,715.8238,-5.6225,0.0,3.561,0,0,0
391,391,test,faulty,8.8713,789.1611,784.0635,784.0635,5.0976,0.1149,3.561,0,0,0
392,392,test,faulty,8.4534,678.5119,685.5916,685.5916,-7.0797,0.0,3.561,0,0,0
393,393,test,faulty,8.0945,591.8369,595.8938,595.8938,-4.0569,0.0,3.561,0,0,0
394,394,test,faulty,8.3172,644.735,649.077,649.077,-4.342,0.0,3.561,0,0,0
395,395,test,faulty,8.2055,617.8547,626.8269,626.8269,-8.9722,0.0,3.561,0,0,0
396,396,test,faulty,8.1688,609.1738,612.186,612.186,-3.0122,0.0,3.561,0,0,0
397,397,test,faulty,7.9293,554.423,547.4591,547.4591,6.9639,0.3305,3.561,0,0,0
398,398,test,faulty,8.2301,623.6946,624.9668,624.9668,-1.2722,0.0,3.561,0,0,0
399,399,test,faulty,7.887,545.0914,546.4643,546.4643,-1.3729,0.0,3.561,0,0,0
400,400,test,faulty,7.299,425.4639,416.1318,416.1318,9.3322,0.6041,3.561,0,0,0
401,401,test,faulty,7.1395,396.1424,401.0497,401.0497,-4.9074,0.0,3.561,0,0,0
402,402,test,faulty,6.7746,333.8262,345.5035,345.5035,-11.6774,0.0,3.561,0,0,0
403,403,test,faulty,6.4161,278.8087,280.7557,280.7557,-1.947,0.0,3.561,0,0,0
404,404,test,faulty,6.6116,308.0656,308.9922,308.9922,-0.9266,0.0,3.561,0,0,0
405,405,test,faulty,6.3755,272.9523,276.6446,276.6446,-3.6923,0.0,3.561,0,0,0
406,406,test,faulty,6.1725,244.7587,253.5058,253.5058,-8.7471,0.0,3.561,0,0,0
407,407,test,faulty,6.204,249.0175,244.7458,244.7458,4.2716,0.0194,3.561,0,0,0
408,408,test,faulty,6.7837,335.3025,342.8982,342.8982,-7.5957,0.0,3.561,0,0,0
409,409,test,faulty,6.7394,328.1659,322.2798,322.2798,5.8861,0.206,3.561,0,0,0
410,410,test,faulty,6.4191,279.2518,283.4995,283.4995,-4.2477,0.0,3.561,0,0,0
411,411,test,faulty,6.69,320.3095,324.4438,324.4438,-4.1343,0.0,3.561,0,0,0
412,412,test,faulty,6.6301,310.9251,300.7482,300.7482,10.1769,0.7017,3.561,0,0,0
413,413,test,faulty,6.3368,267.4412,272.6864,272.6864,-5.2452,0.0,3.561,0,0,0
414,414,test,faulty,6.3444,268.5143,270.2602,270.2602,-1.7459,0.0,3.561,0,0,0
415,415,test,faulty,7.143,396.7637,383.531,383.531,13.2328,1.0548,3.561,0,0,0
416,416,test,faulty,7.0593,381.8816,378.3147,378.3147,3.5669,0.9928,3.561,0,0,0
417,417,test,faulty,7.3354,432.3389,427.3786,427.3786,4.9603,1.0918,3.561,0,0,0
418,418,test,faulty,7.0304,376.8194,369.7622,369.7622,7.0571,1.4331,3.561,0,0,0
419,419,test,faulty,6.9304,359.6378,362.9516,362.9516,-3.3138,0.5761,3.561,0,0,0
420,420,test,faulty,7.158,399.4717,393.2007,393.2007,6.271,0.8265,3.561,0,0,0
421,421,test,faulty,6.8244,341.9447,342.3559,342.3559,-0.4112,0.3048,3.561,0,0,0
422,422,test,faulty,6.772,333.4049,324.7893,324.7893,8.6156,0.8262,3.561,0,0,0
423,423,test,faulty,6.9789,367.9144,365.8277,365.8277,2.0867,0.5931,3.561,0,0,0
424,424,test,faulty,6.7272,326.2085,340.7239,340.7239,-14.5154,0.0,3.561,0,0,0
425,425,test,faulty,6.4329,281.2522,284.5497,284.5497,-3.2975,0.0,3.561,0,0,0
426,426,test,faulty,6.1602,243.1166,230.7763,230.7763,12.3403,0.9517,3.561,0,0,0
427,427,test,faulty,5.9211,212.3319,204.8822,204.8822,7.4497,1.3383,3.561,0,0,0
428,428,test,faulty,5.9129,211.3236,210.229,210.229,1.0945,0.9906,3.561,0,0,0
429,429,test,faulty,5.871,206.188,193.2732,193.2732,12.9148,2.0087,3.561,0,0,0
430,430,test,faulty,5.912,211.2066,218.9811,218.9811,-7.7745,0.6363,3.561,0,0,0
431,431,test,faulty,6.0152,224.1548,223.835,223.835,0.3198,0.1991,3.561,0,0,0
432,432,test,faulty,5.6149,176.3921,175.8482,175.8482,0.5439,0.0,3.561,0,0,0
433,433,test,faulty,5.9004,209.7786,210.2082,210.2082,-0.4295,0.0,3.561,0,0,0
434,434,test,faulty,6.5684,301.446,296.0337,296.0337,5.4123,0.1512,3.561,0,0,0
435,435,test,faulty,6.4612,285.4045,276.3381,276.3381,9.0664,0.7246,3.561,0,0,0
436,436,test,faulty,6.5454,297.9657,273.2796,273.2796,24.6861,3.1028,3.561,0,0,0
437,437,test,faulty,6.5822,303.5523,290.692,290.692,12.8603,4.1145,3.561,1,0,0
438,438,test,faulty,6.572,301.9978,303.8781,303.8781,-1.8803,3.4231,3.561,0,0,0
439,439,test,faulty,6.8941,353.5187,358.9469,358.9469,-5.4283,2.3218,3.561,0,0,0
440,440,test,faulty,7.2548,417.2066,415.7509,415.7509,1.4557,2.0159,3.561,0,0,0
441,441,test,faulty,7.8443,535.7881,521.2256,521.2256,14.5625,3.2243,3.561,0,0,0
442,442,test,faulty,7.5742,479.1532,476.479,476.479,2.6741,3.0592,3.561,0,0,0
443,443,test,faulty,7.1913,405.5306,405.8202,405.8202,-0.2895,2.5516,3.561,0,0,0
444,444,test,faulty,7.0489,380.0518,369.775,369.775,10.2767,3.2649,3.561,0,0,0
445,445,test,faulty,7.5401,472.2771,483.1625,483.1625,-10.8854,1.533,3.561,0,0,0
446,446,test,faulty,7.043,379.0173,370.1164,370.1164,8.9009,2.0873,3.561,0,0,0
447,447,test,faulty,6.7936,336.92,336.9293,336.9293,-0.0093,1.6121,3.561,0,0,0
448,448,test,faulty,6.8416,344.7773,336.1278,336.1278,8.6495,2.1374,3.561,0,0,0
449,449,test,faulty,8.2007,616.7177,623.9236,623.9236,-7.2058,0.8307,3.561,0,0,0
450,450,test,faulty,7.8414,535.1434,525.1283,525.1283,10.0151,1.5137,3.561,0,0,0
451,451,test,faulty,7.709,506.9261,499.7939,499.7939,7.1322,1.8637,3.561,0,0,0
452,452,test,faulty,7.5882,481.9965,490.8394,490.8394,-8.8429,0.3678,3.561,0,0,0
453,453,test,faulty,8.4217,670.5462,660.5505,660.5505,9.9957,1.0486,3.561,0,0,0
454,454,test,faulty,8.1492,604.5596,600.2671,600.2671,4.2925,1.0704,3.561,0,0,0
455,455,test,faulty,8.8195,774.8557,779.1528,779.1528,-4.2971,0.0998,3.561,0,0,0
456,456,test,faulty,8.7325,751.209,754.0348,754.0348,-2.8258,0.0,3.561,0,0,0
457,457,test,faulty,9.0346,835.3311,821.4181,821.4181,13.9129,1.1334,3.561,0,0,0
458,458,test,faulty,9.0398,836.8134,841.6061,841.6061,-4.7927,0.1055,3.561,0,0,0
459,459,test,faulty,8.5622,706.2955,703.972,703.972,2.3235,0.0,3.561,0,0,0
460,460,test,faulty,8.2648,632.0403,641.734,641.734,-9.6937,0.0,3.561,0,0,0
461,461,test,faulty,7.9284,554.2337,540.4765,540.4765,13.7572,1.1154,3.561,0,0,0
462,462,test,faulty,8.0862,589.9246,595.9968,595.9968,-6.0722,0.0,3.561,0,0,0
463,463,test,faulty,8.1394,602.2832,605.4846,605.4846,-3.2015,0.0,3.561,0,0,0
464,464,test,faulty,7.9988,569.993,566.9909,566.9909,3.0021,0.0,3.561,0,0,0
465,465,test,faulty,8.6827,737.8923,734.5438,734.5438,3.3485,0.0,3.561,0,0,0
466,466,test,faulty,8.6658,733.4093,736.4725,736.4725,-3.0632,0.0,3.561,0,0,0
467,467,test,faulty,8.0873,590.1878,584.7107,584.7107,5.4771,0.1587,3.561,0,0,0
468,468,test,faulty,7.8229,531.1546,528.3918,528.3918,2.7628,0.0038,3.561,0,0,0
469,469,test,faulty,7.4737,459.094,452.9902,452.9902,6.1038,0.2349,3.561,0,0,0
470,470,test,faulty,7.6672,498.2079,499.289,499.289,-1.0811,0.0,3.561,0,0,0
471,471,test,faulty,7.4918,462.6596,467.9994,467.9994,-5.3397,0.0,3.561,0,0,0
472,472,test,faulty,7.2431,415.042,402.4022,402.4022,12.6398,0.9863,3.561,0,0,0
473,473,test,faulty,7.0897,387.2545,387.4478,387.4478,-0.1933,0.4898,3.561,0,0,0
474,474,test,faulty,7.1773,402.9691,405.4125,405.4125,-2.4434,0.0,3.561,0,0,0
475,475,test,faulty,7.5539,475.0479,486.9838,486.9838,-11.9359,0.0,3.561,0,0,0
476,476,test,faulty,8.3932,663.456,657.5545,657.5545,5.9014,0.2077,3.561,0,0,0
477,477,test,faulty,7.9711,563.7463,573.7102,573.7102,-9.964,0.0,3.561,0,0,0
478,478,test,faulty,7.5247,469.2024,465.6572,465.6572,3.5452,0.0,3.561,0,0,0
479,479,test,faulty,7.7397,513.3835,517.246,517.246,-3.8625,0.0,3.561,0,0,0
480,480,test,faulty,7.5015,464.5877,466.3327,466.3327,-1.745,0.0,3.561,0,0,0
481,481,test,faulty,7.5839,481.1286,483.266,483.266,-2.1374,0.0,3.561,0,0,0
482,482,test,faulty,7.4687,458.1054,455.3711,455.3711,2.7343,0.0,3.561,0,0,0
483,483,test,faulty,7.1699,401.6304,393.8291,393.8291,7.8012,0.4272,3.561,0,0,0
484,484,test,faulty,7.3636,437.7108,449.5005,449.5005,-11.7897,0.0,3.561,0,0,0
485,485,test,faulty,7.2722,420.45,431.9823,431.9823,-11.5323,0.0,3.561,0,0,0
486,486,test,faulty,7.5309,470.4438,469.5122,469.5122,0.9317,0.0,3.561,0,0,0
487,487,test,faulty,7.5183,467.9231,466.556,466.556,1.3671,0.0,3.561,0,0,0
488,488,test,faulty,8.2646,631.9725,630.2737,630.2737,1.6988,0.0,3.561,0,0,0
489,489,test,faulty,8.4348,673.8414,663.2255,663.2255,10.6159,0.7524,3.561,0,0,0
490,490,test,faulty,8.5643,706.8363,697.9911,697.9911,8.8451,1.3003,3.561,0,0,0
491,491,test,faulty,8.0944,591.8134,595.0764,595.0764,-3.263,0.4492,3.561,0,0,0
492,492,test,faulty,8.4706,682.8714,690.396,690.396,-7.5246,0.0,3.561,0,0,0
493,493,test,faulty,8.1717,609.8574,608.0367,608.0367,1.8207,0.0,3.561,0,0,0
494,494,test,faulty,8.6438,727.5921,720.1387,720.1387,7.4534,0.387,3.561,0,0,0
495,495,test,faulty,8.0367,578.5715,569.9862,569.9862,8.5853,0.9049,3.561,0,0,0
496,496,test,faulty,8.3586,654.8911,649.9869,649.9869,4.9042,0.9974,3.561,0,0,0
497,497,test,faulty,8.8017,769.9905,775.5021,775.5021,-5.5116,0.0,3.561,0,0,0
498,498,test,faulty,8.9949,823.9333,824.2886,824.2886,-0.3554,0.0,3.561,0,0,0
499,499,test,faulty,8.4648,681.3956,670.0313,670.0313,11.3643,0.8389,3.561,0,0,0
500,500,test,faulty,8.2443,627.1074,617.85,617.85,9.2574,1.4344,3.561,0,0,0
501,501,test,faulty,7.8299,532.6627,535.2317,535.2317,-2.569,0.6634,3.561,0,0,0
502,502,test,faulty,7.8036,526.9951,529.3353,529.3353,-2.3402,0.0,3.561,0,0,0
503,503,test,faulty,8.2403,626.1394,640.0652,640.0652,-13.9257,0.0,3.561,0,0,0
504,504,test,faulty,8.3284,647.4682,658.864,658.864,-11.3957,0.0,3.561,0,0,0
505,505,test,faulty,8.3005,640.663,642.0936,642.0936,-1.4306,0.0,3.561,0,0,0
506,506,test,faulty,7.7075,506.6028,501.1685,501.1685,5.4343,0.1538,3.561,0,0,0
507,507,test,faulty,8.055,582.7484,584.3291,584.3291,-1.5807,0.0,3.561,0,0,0
508,508,test,faulty,8.2655,632.2019,623.1555,623.1555,9.0464,0.5711,3.561,0,0,0
509,509,test,faulty,7.9016,548.3026,542.8136,542.8136,5.489,0.7312,3.561,0,0,0
510,510,test,faulty,8.3304,647.9717,655.9105,655.9105,-7.9389,0.0,3.561,0,0,0
511,511,test,faulty,7.7867,523.364,528.1797,528.1797,-4.8156,0.0,3.561,0,0,0
512,512,test,faulty,7.9575,560.7042,567.9946,567.9946,-7.2904,0.0,3.561,0,0,0
513,513,test,faulty,7.863,539.8544,552.1947,552.1947,-12.3403,0.0,3.561,0,0,0
514,514,test,faulty,7.6975,504.5231,501.2055,501.2055,3.3176,0.0,3.561,0,0,0
515,515,test,faulty,7.3067,426.907,433.2268,433.2268,-6.3198,0.0,3.561,0,0,0
516,516,test,faulty,7.8788,543.3072,543.8492,543.8492,-0.5421,0.0,3.561,0,0,0
517,517,test,faulty,7.5421,472.691,475.1445,475.1445,-2.4535,0.0,3.561,0,0,0
518,518,test,faulty,7.8827,544.1616,545.9398,545.9398,-1.7782,0.0,3.561,0,0,0
519,519,test,faulty,7.6663,498.0112,502.2413,502.2413,-4.2301,0.0,3.561,0,0,0
520,520,test,faulty,8.4198,670.0798,659.0553,659.0553,11.0244,0.7996,3.561,0,0,0
521,521,test,faulty,8.1173,597.1327,586.2218,586.2218,10.911,1.5862,3.561,0,0,0
522,522,test,faulty,8.4091,667.4224,668.1277,668.1277,-0.7054,1.0306,3.561,0,0,0
523,523,test,faulty,8.6412,726.9121,730.7424,730.7424,-3.8304,0.1139,3.561,0,0,0
524,524,test,faulty,9.269,904.5735,900.7006,900.7006,3.8729,0.0872,3.561,0,0,0
525,525,test,faulty,9.2914,911.3786,910.5266,910.5266,0.852,0.0,3.561,0,0,0
526,526,test,faulty,9.3081,916.4815,905.2777,905.2777,11.2038,0.8204,3.561,0,0,0
527,527,test,faulty,8.658,731.3408,738.9309,738.9309,-7.5902,0.0,3.561,0,0,0
528,528,test,faulty,8.4742,683.779,687.3784,687.3784,-3.5994,0.0,3.561,0,0,0
529,529,test,faulty,8.5198,695.3896,707.2639,707.2639,-11.8743,0.0,3.561,0,0,0
530,530,test,faulty,7.91,550.165,546.8924,546.8924,3.2725,0.0,3.561,0,0,0
531,531,test,faulty,8.2327,624.319,623.5072,623.5072,0.8119,0.0,3.561,0,0,0
532,532,test,faulty,8.4667,681.8879,682.395,682.395,-0.5071,0.0,3.561,0,0,0
533,533,test,faulty,7.942,557.2496,568.0586,568.0586,-10.809,0.0,3.561,0,0,0
534,534,test,faulty,7.4673,457.8197,462.2612,462.2612,-4.4415,0.0,3.561,0,0,0
535,535,test,faulty,7.3135,428.1954,431.2653,431.2653,-3.0699,0.0,3.561,0,0,0
536,536,test,faulty,6.8342,343.5692,330.483,330.483,13.0863,1.0379,3.561,0,0,0
537,537,test,faulty,7.5043,465.1434,458.2954,458.2954,6.8481,1.355,3.561,0,0,0
538,538,test,faulty,7.1333,395.0199,383.3094,383.3094,11.7104,2.2339,3.561,0,0,0
539,539,test,faulty,6.9889,369.6262,368.1154,368.1154,1.5108,1.9343,3.561,0,0,0
540,540,test,faulty,6.887,352.3347,359.1157,359.1157,-6.781,0.6767,3.561,0,0,0
541,541,test,faulty,6.6335,311.4585,311.8453,311.8453,-0.3869,0.1579,3.561,0,0,0
542,542,test,faulty,7.1855,404.4598,397.1124,397.1124,7.3474,0.5327,3.561,0,0,0
543,543,test,faulty,7.5246,469.1927,485.2922,485.2922,-16.0996,0.0,3.561,0,0,0
544,544,test,faulty,7.9363,555.9884,547.2197,547.2197,8.7687,0.539,3.561,0,0,0
545,545,test,faulty,7.9193,552.2213,563.1641,563.1641,-10.9428,0.0,3.561,0,0,0
546,546,test,faulty,7.8457,536.0933,545.2735,545.2735,-9.1802,0.0,3.561,0,0,0
547,547,test,faulty,7.7827,522.5236,524.5344,524.5344,-2.0108,0.0,3.561,0,0,0
548,548,test,faulty,7.8857,544.8151,555.483,555.483,-10.6679,0.0,3.561,0,0,0
549,549,test,faulty,7.6466,493.9513,485.2884,485.2884,8.6629,0.5268,3.561,0,0,0
550,550,test,faulty,7.3372,432.6713,428.2206,428.2206,4.4507,0.5669,3.561,0,0,0
551,551,test,faulty,7.1287,394.2031,391.7684,391.7684,2.4347,0.3741,3.561,0,0,0
552,552,test,faulty,7.861,539.4262,542.3444,542.3444,-2.9182,0.0,3.561,0,0,0
553,553,test,faulty,8.2188,621.0148,619.5561,619.5561,1.4587,0.0,3.561,0,0,0
554,554,test,faulty,8.4483,677.2266,690.7306,690.7306,-13.504,0.0,3.561,0,0,0
555,555,test,faulty,8.6347,725.2072,722.1623,722.1623,3.0449,0.0,3.561,0,0,0
556,556,test,faulty,8.4805,685.3802,683.5186,683.5186,1.8616,0.0,3.561,0,0,0
557,557,test,faulty,8.7233,748.7545,739.0927,739.0927,9.6618,0.6422,3.561,0,0,0
558,558,test,faulty,8.5194,695.2731,699.0315,699.0315,-3.7585,0.0,3.561,0,0,0
559,559,test,faulty,8.5815,711.2993,717.5624,717.5624,-6.2631,0.0,3.561,0,0,0
560,560,test,faulty,8.6191,721.1097,715.0944,715.0944,6.0153,0.2209,3.561,0,0,0
561,561,test,faulty,8.3526,653.4117,643.3917,643.3917,10.02,0.9045,3.561,0,0,0
562,562,test,faulty,7.8567,538.4706,527.4304,527.4304,11.0403,1.706,3.561,0,0,0
563,563,test,faulty,8.1551,605.9394,615.1533,615.1533,-9.2139,0.1673,3.561,0,0,0
564,564,test,faulty,8.2421,626.5881,632.8045,632.8045,-6.2164,0.0,3.561,0,0,0
565,565,test,faulty,7.681,501.071,503.2393,503.2393,-2.1683,0.0,3.561,0,0,0
566,566,test,faulty,7.9624,561.8077,567.7838,567.7838,-5.9761,0.0,3.561,0,0,0
567,567,test,faulty,8.6941,740.9338,744.7496,744.7496,-3.8158,0.0,3.561,0,0,0
568,568,test,faulty,8.9248,804.0798,807.6476,807.6476,-3.5678,0.0,3.561,0,0,0
569,569,test,faulty,8.5262,697.0178,684.1145,684.1145,12.9033,1.0167,3.561,0,0,0
570,570,test,faulty,8.2469,627.7169,631.777,631.777,-4.0601,0.0735,3.561,0,0,0
571,571,test,faulty,7.7686,519.5109,525.0529,525.0529,-5.542,0.0,3.561,0,0,0
572,572,test,faulty,7.7489,515.3196,524.2966,524.2966,-8.9771,0.0,3.561,0,0,0
573,573,test,faulty,8.414,668.6375,676.2677,676.2677,-7.6303,0.0,3.561,0,0,0
574,574,test,faulty,8.5241,696.5002,691.0673,691.0673,5.4329,0.1536,3.561,0,0,0
575,575,test,faulty,8.2556,629.8118,631.8615,631.8615,-2.0497,0.0,3.561,0,0,0
576,576,test,faulty,8.2911,638.3911,627.1251,627.1251,11.2661,0.8276,3.561,0,0,0
577,577,test,faulty,8.6381,726.1117,737.4954,737.4954,-11.3837,0.0,3.561,0,0,0
578,578,test,faulty,8.6595,731.7414,720.8144,720.8144,10.927,0.7884,3.561,0,0,0
579,579,test,faulty,8.5979,715.5605,721.1161,721.1161,-5.5556,0.0,3.561,0,0,0
580,580,test,faulty,8.6418,727.0839,720.7852,720.7852,6.2986,0.2536,3.561,0,0,0
581,581,test,faulty,8.5971,715.3586,708.842,708.842,6.5167,0.5324,3.561,0,0,0
582,582,test,faulty,8.9258,804.3601,797.2243,797.2243,7.1358,0.8828,3.561,0,0,0
583,583,test,faulty,9.5615,996.0327,993.3921,993.3921,2.6406,0.7138,3.561,0,0,0
584,584,test,faulty,9.152,869.5644,872.5428,872.5428,-2.9784,0.0,3.561,0,0,0
585,585,test,faulty,8.8218,775.4802,784.3364,784.3364,-8.8562,0.0,3.561,0,0,0
586,586,test,faulty,8.7881,766.2697,763.8651,763.8651,2.4046,0.0,3.561,0,0,0
587,587,test,faulty,9.1441,867.2417,873.9867,873.9867,-6.745,0.0,3.561,0,0,0
588,588,test,faulty,9.2075,886.0714,892.9407,892.9407,-6.8693,0.0,3.561,0,0,0
589,589,test,faulty,9.0206,831.3038,847.6101,847.6101,-16.3063,0.0,3.561,0,0,0
590,590,test,faulty,8.5392,700.3649,695.5919,695.5919,4.773,0.0774,3.561,0,0,0
591,591,test,faulty,8.4715,683.0803,685.4929,685.4929,-2.4126,0.0,3.561,0,0,0
592,592,test,faulty,7.9112,550.423,555.8682,555.8682,-5.4452,0.0,3.561,0,0,0
593,593,test,faulty,7.8545,538.0093,539.1094,539.1094,-1.1001,0.0,3.561,0,0,0
594,594,test,faulty,8.1673,608.8261,613.739,613.739,-4.9129,0.0,3.561,0,0,0
595,595,test,faulty,8.0159,573.8504,568.517,568.517,5.3333,0.1421,3.561,0,0,0
596,596,test,faulty,7.8892,545.5744,542.691,542.691,2.8834,0.0011,3.561,0,0,0
597,597,test,faulty,7.7733,520.5064,515.4839,515.4839,5.0225,0.1073,3.561,0,0,0
598,598,test,faulty,7.56,476.2908,471.1744,471.1744,5.1164,0.2243,3.561,0,0,0
599,599,test,faulty,8.3547,653.9182,646.8188,646.8188,7.0994,0.5705,3.561,0,0,0
600,600,test,faulty,8.3414,650.6626,649.8249,649.8249,0.8377,0.1931,3.561,0,0,0
601,601,test,faulty,8.0139,573.3994,563.6261,563.6261,9.7734,0.8482,3.561,0,0,0
602,602,test,faulty,8.3856,661.5648,656.9676,656.9676,4.5972,0.9053,3.561,0,0,0
603,603,test,faulty,8.9934,823.5205,828.0957,828.0957,-4.5752,0.0,3.561,0,0,0
604,604,test,faulty,9.2123,887.496,874.9618,874.9618,12.5341,0.9741,3.561,0,0,0
605,605,test,faulty,9.2814,908.3258,899.8923,899.8923,8.4335,1.4744,3.561,0,0,0
606,606,test,faulty,9.1956,882.5131,879.2296,879.2296,3.2835,1.3796,3.561,0,0,0
607,607,test,faulty,9.2345,894.1552,885.6141,885.6141,8.5411,1.8923,3.561,0,0,0
608,608,test,faulty,8.9814,820.1044,812.1215,812.1215,7.9829,2.3406,3.561,0,0,0
609,609,test,faulty,9.2212,890.1606,905.009,905.009,-14.8484,0.1508,3.561,0,0,0
610,610,test,faulty,9.2257,891.518,894.071,894.071,-2.553,0.0,3.561,0,0,0
611,611,test,faulty,8.9384,807.9202,804.225,804.225,3.6951,0.0,3.561,0,0,0
612,612,test,faulty,8.7848,765.3787,759.4615,759.4615,5.9172,0.2095,3.561,0,0,0
613,613,test,faulty,8.2299,623.6574,611.2369,611.2369,12.4205,1.1705,3.561,0,0,0
614,614,test,faulty,7.7564,516.9125,507.625,507.625,9.2875,1.7695,3.561,0,0,0
615,615,test,faulty,7.9739,564.3815,545.9297,545.9297,18.4518,3.4273,3.561,0,0,0
616,616,test,faulty,8.0889,590.5378,594.895,594.895,-4.3572,2.4497,3.561,0,0,0
617,617,test,faulty,8.009,572.2772,568.1338,568.1338,4.1434,2.4543,3.561,0,0,0
618,618,test,faulty,7.93,554.5792,561.706,561.706,-7.1267,1.1568,3.561,0,0,0
619,619,test,faulty,8.0176,574.2303,574.0843,574.0843,0.146,0.6995,3.561,0,0,0
620,620,test,faulty,7.6529,495.2463,479.301,479.301,15.9453,2.0677,3.561,0,0,0
621,621,test,faulty,7.9585,560.9276,575.9363,575.9363,-15.0087,0.0,3.561,0,0,0
622,622,test,faulty,7.9464,558.2298,562.2165,562.2165,-3.9867,0.0,3.561,0,0,0
623,623,test,faulty,8.3603,655.2998,662.2656,662.2656,-6.9657,0.0,3.561,0,0,0
624,624,test,faulty,7.9453,557.9923,553.5022,553.5022,4.4901,0.0447,3.561,0,0,0
625,625,test,faulty,7.8279,532.2354,527.6934,527.6934,4.542,0.0953,3.561,0,0,0
626,626,test,faulty,7.2816,422.2051,420.6868,420.6868,1.5183,0.0,3.561,0,0,0
627,627,test,faulty,7.7027,505.6066,519.7504,519.7504,-14.1438,0.0,3.561,0,0,0
628,628,test,faulty,7.5069,465.6588,455.6197,455.6197,10.0391,0.6858,3.561,0,0,0
629,629,test,faulty,7.4236,449.276,440.6998,440.6998,8.5762,1.2026,3.561,0,0,0
630,630,test,faulty,8.07,586.1885,590.2152,590.2152,-4.0268,0.2632,3.561,0,0,0
631,631,test,faulty,7.7451,514.5197,498.802,498.802,15.7177,1.6051,3.561,0,0,0
632,632,test,faulty,7.3895,442.681,454.3704,454.3704,-11.6894,0.0,3.561,0,0,0
633,633,test,faulty,7.9411,557.0532,547.8187,547.8187,9.2346,0.5928,3.561,0,0,0
634,634,test,faulty,7.4823,460.7759,470.0997,470.0997,-9.3238,0.0,3.561,0,0,0
635,635,test,faulty,7.238,414.0907,412.8204,412.8204,1.2703,0.0,3.561,0,0,0
636,636,test,faulty,7.1697,401.5951,398.7171,398.7171,2.878,0.0,3.561,0,0,0
637,637,test,faulty,7.1581,399.4888,390.3215,390.3215,9.1673,0.5851,3.561,0,0,0
638,638,test,faulty,7.4173,448.0653,459.5206,459.5206,-11.4553,0.0,3.561,0,0,0
639,639,test,faulty,8.0416,579.682,577.4441,577.4441,2.2379,0.0,3.561,0,0,0
640,640,test,faulty,8.019,574.5625,563.8529,563.8529,10.7096,0.7633,3.561,0,0,0
641,641,test,faulty,7.6507,494.7867,499.7789,499.7789,-4.9922,0.0,3.561,0,0,0
642,642,test,faulty,7.9393,556.6571,555.4847,555.4847,1.1724,0.0,3.561,0,0,0
643,643,test,faulty,7.9276,554.0574,558.104,558.104,-4.0466,0.0,3.561,0,0,0
644,644,test,faulty,8.1029,593.7834,590.504,590.504,3.2794,0.0,3.561,0,0,0
645,645,test,faulty,7.8924,546.2974,549.1413,549.1413,-2.8439,0.0,3.561,0,0,0
646,646,test,faulty,7.4072,446.0987,449.623,449.623,-3.5243,0.0,3.561,0,0,0
647,647,test,faulty,7.0627,382.4818,382.5707,382.5707,-0.0889,0.0,3.561,0,0,0
648,648,test,faulty,7.3012,425.8722,412.8453,412.8453,13.0269,1.031,3.561,0,0,0
649,649,test,faulty,7.3905,442.8704,446.7128,446.7128,-3.8424,0.1129,3.561,0,0,0
650,650,test,faulty,8.5528,703.8654,714.7247,714.7247,-10.8593,0.0,3.561,0,0,0
651,651,test,faulty,8.4428,675.849,679.2662,679.2662,-3.4171,0.0,3.561,0,0,0
652,652,test,faulty,8.0539,582.4989,589.8144,589.8144,-7.3155,0.0,3.561,0,0,0
653,653,test,faulty,7.7053,506.1384,512.2935,512.2935,-6.1551,0.0,3.561,0,0,0
654,654,test,faulty,8.2566,630.0551,627.5883,627.5883,2.4668,0.0,3.561,0,0,0
655,655,test,faulty,8.2544,629.5373,637.8739,637.8739,-8.3366,0.0,3.561,0,0,0
656,656,test,faulty,8.7382,752.7589,750.8011,750.8011,1.9578,0.0,3.561,0,0,0
657,657,test,faulty,8.7057,744.0254,735.9976,735.9976,8.0279,0.4534,3.561,0,0,0
658,658,test,faulty,8.2266,622.8784,612.8343,612.8343,10.0441,1.1398,3.561,0,0,0
659,659,test,faulty,8.3768,659.3961,667.5212,667.5212,-8.1251,0.0,3.561,0,0,0
660,660,test,faulty,8.0014,570.5759,576.1089,576.1089,-5.533,0.0,3.561,0,0,0
661,661,test,faulty,7.5153,467.3256,472.2568,472.2568,-4.9312,0.0,3.561,0,0,0
662,662,test,faulty,7.2364,413.8005,409.274,409.274,4.5265,0.0489,3.561,0,0,0
663,663,test,faulty,7.5682,477.9313,463.437,463.437,14.4943,1.2494,3.561,0,0,0
664,664,test,faulty,7.173,402.1935,408.3104,408.3104,-6.1169,0.0685,3.561,0,0,0
665,665,test,faulty,6.8032,338.4743,337.6787,337.6787,0.7956,0.0,3.561,0,0,0
666,666,test,faulty,6.286,260.2993,255.4073,255.4073,4.892,0.0911,3.561,0,0,0
667,667,test,faulty,7.3186,429.1488,424.2446,424.2446,4.9042,0.1836,3.561,0,0,0
668,668,test,faulty,8.4408,675.3372,670.7242,670.7242,4.613,0.2425,3.561,0,0,0
669,669,test,faulty,8.565,707.0137,692.2373,692.2373,14.7764,1.4756,3.561,0,0,0
670,670,test,faulty,8.464,681.1937,686.0577,686.0577,-4.864,0.4395,3.561,0,0,0
671,671,test,faulty,8.4538,678.6081,684.131,684.131,-5.5229,0.0,3.561,0,0,0
672,672,test,faulty,8.8884,793.9022,800.7692,800.7692,-6.867,0.0,3.561,0,0,0
673,673,test,faulty,8.6579,731.3194,728.4111,728.4111,2.9083,0.0,3.561,0,0,0
674,674,test,faulty,8.4228,670.8369,660.8667,660.8667,9.9702,0.6778,3.561,0,0,0
675,675,test,faulty,8.2381,625.6203,614.7101,614.7101,10.9102,1.4643,3.561,0,0,0
676,676,test,faulty,8.1693,609.295,606.7858,606.7858,2.5092,1.2801,3.561,0,0,0
677,677,test,faulty,8.0731,586.9048,600.6717,600.6717,-13.767,0.0,3.561,0,0,0
678,678,test,faulty,7.866,540.5094,547.8064,547.8064,-7.2969,0.0,3.561,0,0,0
679,679,test,faulty,8.4289,672.3675,672.534,672.534,-0.1665,0.0,3.561,0,0,0
680,680,test,faulty,8.4104,667.7304,671.4065,671.4065,-3.6761,0.0,3.561,0,0,0
681,681,test,faulty,8.7555,757.4163,763.8048,763.8048,-6.3885,0.0,3.561,0,0,0
682,682,test,faulty,9.1382,865.493,865.9091,865.9091,-0.4161,0.0,3.561,0,0,0
683,683,test,faulty,8.7825,764.7489,766.5129,766.5129,-1.764,0.0,3.561,0,0,0
684,684,test,faulty,8.8439,781.5759,783.1942,783.1942,-1.6183,0.0,3.561,0,0,0
685,685,test,faulty,8.8849,792.9297,788.2636,788.2636,4.666,0.065,3.561,0,0,0
686,686,test,faulty,8.9898,822.4819,813.3697,813.3697,9.1121,0.6437,3.561,0,0,0
687,687,test,faulty,8.7959,768.3982,763.8847,763.8847,4.5135,0.6911,3.561,0,0,0
688,688,test,faulty,9.1444,867.3164,876.3868,876.3868,-9.0704,0.0,3.561,0,0,0
689,689,test,faulty,8.8929,795.1482,782.5791,782.5791,12.5692,0.9781,3.561,0,0,0
690,690,test,faulty,9.3543,930.6591,927.1462,927.1462,3.5129,0.9099,3.561,0,0,0
691,691,test,faulty,8.7601,758.6603,755.2925,755.2925,3.3679,0.8249,3.561,0,0,0
692,692,test,faulty,9.0389,836.5573,836.8039,836.8039,-0.2466,0.3223,3.561,0,0,0
693,693,test,faulty,8.686,738.778,735.1626,735.1626,3.6153,0.2659,3.561,0,0,0
694,694,test,faulty,8.5519,703.6248,709.8143,709.8143,-6.1895,0.0,3.561,0,0,0
695,695,test,faulty,8.5338,698.9746,695.994,695.994,2.9807,0.0,3.561,0,0,0
696,696,test,faulty,8.6365,725.6797,725.5825,725.5825,0.0972,0.0,3.561,0,0,0
697,697,test,faulty,8.674,735.5972,741.1863,741.1863,-5.5891,0.0,3.561,0,0,0
698,698,test,faulty,8.3583,654.8202,643.5653,643.5653,11.2549,0.8263,3.561,0,0,0
699,699,test,faulty,8.2678,632.761,641.365,641.365,-8.604,0.0,3.561,0,0,0
700,700,test,faulty,8.1747,610.548,618.6591,618.6591,-8.1112,0.0,3.561,0,0,0
701,701,test,faulty,8.3714,658.0462,647.5747,647.5747,10.4716,0.7358,3.561,0,0,0
702,702,test,faulty,8.1954,615.4542,614.6786,614.6786,0.7756,0.3513,3.561,0,0,0
703,703,test,faulty,8.4973,689.6333,683.6989,683.6989,5.9344,0.5628,3.561,0,0,0
704,704,test,faulty,8.4322,673.1817,670.2343,670.2343,2.9474,0.4292,3.561,0,0,0
705,705,test,faulty,8.229,623.4316,629.575,629.575,-6.1434,0.0,3.561,0,0,0
706,706,test,faulty,8.1322,600.6037,585.7141,585.7141,14.8896,1.2462,3.561,0,0,0
707,707,test,faulty,8.0126,573.0935,579.7219,579.7219,-6.6284,0.0062,3.561,0,0,0
708,708,test,faulty,7.9112,550.4362,553.7812,553.7812,-3.345,0.0,3.561,0,0,0
709,709,test,faulty,8.2005,616.667,616.582,616.582,0.085,0.0,3.561,0,0,0
710,710,test,faulty,7.6942,503.8268,521.2932,521.2932,-17.4664,0.0,3.561,0,0,0
711,711,test,faulty,7.5225,468.7719,464.8189,464.8189,3.953,0.0,3.561,0,0,0
712,712,test,faulty,7.3285,431.0299,419.1074,419.1074,11.9225,0.9034,3.561,0,0,0
713,713,test,faulty,6.8966,353.9447,356.9326,356.9326,-2.9879,0.0841,3.561,0,0,0
714,714,test,faulty,6.9868,369.2689,370.3755,370.3755,-1.1066,0.0,3.561,0,0,0
715,715,test,faulty,7.1832,404.0389,399.0136,399.0136,5.0252,0.1065,3.561,0,0,0
716,716,test,faulty,7.3941,443.5762,426.681,426.681,16.8952,1.5844,3.561,0,0,0
717,717,test,faulty,7.5751,479.3379,464.2832,464.2832,15.0547,2.8497,3.561,0,0,0
718,718,test,faulty,7.759,517.46,530.3334,530.3334,-12.8734,0.8882,3.561,0,0,0
719,719,test,faulty,7.9109,550.3666,538.334,538.334,12.0326,1.8044,3.561,0,0,0
720,720,test,faulty,8.1788,611.5203,622.4363,622.4363,-10.916,0.069,3.561,0,0,0
721,721,test,faulty,8.1378,601.9055,608.3368,608.3368,-6.4313,0.0,3.561,0,0,0
722,722,test,faulty,8.2856,637.0497,619.5881,619.5881,17.4617,1.5434,3.561,0,0,0
723,723,test,faulty,8.3422,650.8436,652.326,652.326,-1.4824,0.898,3.561,0,0,0
724,724,test,faulty,8.1358,601.4431,606.4773,606.4773,-5.0342,0.0,3.561,0,0,0
725,725,test,faulty,8.2586,630.543,639.2907,639.2907,-8.7477,0.0,3.561,0,0,0
726,726,test,faulty,7.8739,542.2309,552.7281,552.7281,-10.4972,0.0,3.561,0,0,0
727,727,test,faulty,7.5865,481.641,491.5732,491.5732,-9.9321,0.0,3.561,0,0,0
728,728,test,faulty,7.7392,513.2755,512.9304,512.9304,0.3452,0.0,3.561,0,0,0
729,729,test,faulty,7.4264,449.8235,447.8407,447.8407,1.9827,0.0,3.561,0,0,0
730,730,test,faulty,7.7805,522.0509,520.4342,520.4342,1.6167,0.0,3.561,0,0,0
731,731,test,faulty,8.2607,631.0408,635.155,635.155,-4.1142,0.0,3.561,0,0,0
732,732,test,faulty,7.6516,494.9759,487.5402,487.5402,7.4357,0.385,3.561,0,0,0
733,733,test,faulty,8.3697,657.6201,649.1367,649.1367,8.4834,0.891,3.561,0,0,0
734,734,test,faulty,9.339,925.9423,944.0801,944.0801,-18.1378,0.0,3.561,0,0,0
735,735,test,faulty,8.8638,787.0549,794.5893,794.5893,-7.5344,0.0,3.561,0,0,0
736,736,test,faulty,9.9103,1112.6912,1121.1106,1121.1106,-8.4194,0.0,3.561,0,0,0
737,737,test,faulty,9.5857,1003.8783,1002.0111,1002.0111,1.8672,0.0,3.561,0,0,0
738,738,test,faulty,9.3707,935.7202,928.9271,928.9271,6.7931,0.3107,3.561,0,0,0
739,739,test,faulty,9.5032,977.3521,973.9357,973.9357,3.4164,0.2314,3.561,0,0,0
740,740,test,faulty,9.5962,1007.2699,1000.9337,1000.9337,6.3362,0.4893,3.561,0,0,0
741,741,test,faulty,8.96,814.0261,809.0361,809.0361,4.99,0.5917,3.561,0,0,0
742,742,test,faulty,8.9386,807.9745,795.5712,795.5712,12.4033,1.5507,3.561,0,0,0
743,743,test,faulty,9.0814,848.8622,853.7078,853.7078,-4.8456,0.5167,3.561,0,0,0
744,744,test,faulty,9.0059,827.095,829.7126,829.7126,-2.6176,0.0,3.561,0,0,0
745,745,test,faulty,8.6875,739.1669,745.3708,745.3708,-6.204,0.0,3.561,0,0,0
746,746,test,faulty,8.7928,767.5553,768.0451,768.0451,-0.4898,0.0,3.561,0,0,0
747,747,test,faulty,9.2091,886.5482,880.858,880.858,5.6903,0.1833,3.561,0,0,0
748,748,test,faulty,8.8213,775.3475,791.3458,791.3458,-15.9984,0.0,3.561,0,0,0
749,749,test,faulty,9.2175,889.0483,896.4303,896.4303,-7.3821,0.0,3.561,0,0,0
750,750,test,faulty,9.7048,1042.9343,1047.3666,1047.3666,-4.4323,0.0,3.561,0,0,0
751,751,test,faulty,10.5951,1366.6669,1373.6038,1373.6038,-6.9369,0.0,3.561,0,0,0
752,752,test,faulty,9.8057,1076.8127,1074.3924,1074.3924,2.4204,0.0,3.561,0,0,0
753,753,test,faulty,9.6789,1034.36,1040.1024,1040.1024,-5.7424,0.0,3.561,0,0,0
754,754,test,faulty,9.3021,914.6304,908.669,908.669,5.9614,0.2147,3.561,0,0,0
755,755,test,faulty,9.1081,856.6484,864.5932,864.5932,-7.9448,0.0,3.561,0,0,0
756,756,test,faulty,8.4943,688.8874,696.2517,696.2517,-7.3643,0.0,3.561,0,0,0
757,757,test,faulty,8.5594,705.5735,712.1534,712.1534,-6.58,0.0,3.561,0,0,0
758,758,test,faulty,8.6129,719.4951,722.5731,722.5731,-3.078,0.0,3.561,0,0,0
759,759,test,faulty,8.3692,657.501,658.5241,658.5241,-1.0231,0.0,3.561,0,0,0
760,760,test,faulty,9.6683,1030.8698,1032.6258,1032.6258,-1.756,0.0,3.561,0,0,0
761,761,test,faulty,9.619,1014.7078,1020.3728,1020.3728,-5.665,0.0,3.561,0,0,0
762,762,test,faulty,9.2273,891.9984,888.3877,888.3877,3.6107,0.0,3.561,0,0,0
763,763,test,faulty,9.0266,833.0135,838.5838,838.5838,-5.5703,0.0,3.561,0,0,0
764,764,test,faulty,8.9126,800.6754,806.7582,806.7582,-6.0828,0.0,3.561,0,0,0
765,765,test,faulty,8.3835,661.0498,651.0329,651.0329,10.0169,0.6832,3.561,0,0,0
766,766,test,faulty,8.3718,658.1392,644.5903,644.5903,13.5489,1.7746,3.561,0,0,0
767,767,test,faulty,8.1052,594.3082,596.6134,596.6134,-2.3052,1.0341,3.561,0,0,0
768,768,test,faulty,8.1531,605.4851,602.7545,602.7545,2.7306,0.8755,3.561,0,0,0
769,769,test,faulty,8.6275,723.3087,716.9023,716.9023,6.4064,1.1415,3.561,0,0,0
770,770,test,faulty,8.6383,726.1399,716.262,716.262,9.8779,1.8087,3.561,0,0,0
771,771,test,faulty,8.8457,782.0546,773.2477,773.2477,8.8069,2.3521,3.561,0,0,0
772,772,test,faulty,9.5044,977.7249,964.6653,964.6653,13.0596,3.3869,3.561,0,0,0
773,773,test,faulty,9.5496,992.2056,989.344,989.344,2.8617,3.2434,3.561,0,0,0
774,774,test,faulty,9.8215,1082.1848,1069.8625,1069.8625,12.3223,4.193,3.561,1,0,0
775,775,test,faulty,9.6733,1032.5166,1018.9243,1018.9243,13.5923,5.2894,3.561,1,0,0
776,776,test,faulty,9.2965,912.9382,911.8804,911.8804,1.0577,4.9375,3.561,1,0,0
777,777,test,faulty,8.9318,806.0618,817.953,817.953,-11.8912,3.0894,3.561,0,0,0
778,778,test,faulty,8.4707,682.889,692.5897,692.5897,-9.7007,1.4945,3.561,0,0,0
779,779,test,faulty,8.564,706.7669,705.3448,705.3448,1.4221,1.1847,3.561,0,0,0
780,780,test,faulty,8.3349,649.077,652.0315,652.0315,-2.9545,0.3692,3.561,0,0,0
781,781,test,faulty,7.9149,551.2549,549.2535,549.2535,2.0015,0.1263,3.561,0,0,0
782,782,test,faulty,7.9748,564.5874,563.5474,563.5474,1.04,0.0,3.561,0,0,0
783,783,test,faulty,7.5532,474.9094,468.7133,468.7133,6.1961,0.2418,3.561,0,0,0
784,784,test,faulty,8.0346,578.104,578.1192,578.1192,-0.0152,0.0,3.561,0,0,0
785,785,test,faulty,7.5987,484.1183,475.7222,475.7222,8.3961,0.496,3.561,0,0,0
786,786,test,faulty,7.2469,415.7442,409.8426,409.8426,5.9016,0.7037,3.561,0,0,0
787,787,test,faulty,6.7695,333.0048,331.6846,331.6846,1.3203,0.3821,3.561,0,0,0
788,788,test,faulty,6.5379,296.8408,296.1322,296.1322,0.7086,0.0,3.561,0,0,0
789,789,test,faulty,6.4356,281.6456,297.6544,297.6544,-16.0088,0.0,3.561,0,0,0
790,790,test,faulty,6.5776,302.8482,295.8523,295.8523,6.9959,0.3342,3.561,0,0,0
791,791,test,faulty,6.4662,286.1466,277.3213,277.3213,8.8253,0.8797,3.561,0,0,0
792,792,test,faulty,6.208,249.5665,254.5443,254.5443,-4.9778,0.0,3.561,0,0,0
793,793,test,faulty,6.2463,254.7989,259.2285,259.2285,-4.4295,0.0,3.561,0,0,0
794,794,test,faulty,6.2429,254.3375,259.6223,259.6223,-5.2849,0.0,3.561,0,0,0
795,795,test,faulty,5.9455,215.3596,214.2866,214.2866,1.0731,0.0,3.561,0,0,0
796,796,test,faulty,6.2769,259.0289,247.0207,247.0207,12.0082,0.9133,3.561,0,0,0
797,797,test,faulty,6.5275,295.2626,292.3543,292.3543,2.9083,0.7752,3.561,0,0,0
798,798,test,faulty,7.3206,429.526,419.3783,419.3783,10.1478,1.4736,3.561,0,0,0
799,799,test,faulty,6.9948,370.6528,369.9833,369.9833,0.6696,1.0768,3.561,0,0,0
800,800,test,faulty,6.9251,358.7351,372.4418,372.4418,-13.7067,0.0,3.561,0,0,0
801,801,test,faulty,6.8244,341.9446,339.3456,339.3456,2.599,0.0,3.561,0,0,0
802,802,test,faulty,7.141,396.4085,397.0994,397.0994,-0.6908,0.0,3.561,0,0,0
803,803,test,faulty,7.5057,465.4114,473.8685,473.8685,-8.4571,0.0,3.561,0,0,0
804,804,test,faulty,7.5232,468.9006,458.2742,458.2742,10.6264,0.7537,3.561,0,0,0
805,805,test,faulty,7.1821,403.8504,409.7187,409.7187,-5.8683,0.0,3.561,0,0,0
806,806,test,faulty,7.3406,433.3227,430.4972,430.4972,2.8255,0.0,3.561,0,0,0
807,807,test,faulty,7.4221,448.9987,443.4553,443.4553,5.5434,0.1664,3.561,0,0,0
808,808,test,faulty,7.5009,464.4695,461.4607,461.4607,3.0088,0.0399,3.561,0,0,0
809,809,test,faulty,7.1969,406.5459,398.5974,398.5974,7.9485,0.4841,3.561,0,0,0
810,810,test,faulty,7.6616,497.0399,503.6556,503.6556,-6.6157,0.0,3.561,0,0,0
811,811,test,faulty,7.3222,429.8323,430.469,430.469,-0.6366,0.0,3.561,0,0,0
812,812,test,faulty,8.2543,629.4948,625.7045,625.7045,3.7903,0.0,3.561,0,0,0
813,813,test,faulty,8.0247,575.8387,579.5408,579.5408,-3.7021,0.0,3.561,0,0,0
814,814,test,faulty,7.7567,516.9715,505.0338,505.0338,11.9376,0.9052,3.561,0,0,0
815,815,test,faulty,7.7621,518.132,496.1857,496.1857,21.9463,2.9667,3.561,0,0,0
816,816,test,faulty,7.5346,471.1865,481.4342,481.4342,-10.2477,1.3086,3.561,0,0,0
817,817,test,faulty,7.7437,514.2175,509.5142,509.5142,4.7032,1.3779,3.561,0,0,0
818,818,test,faulty,8.1317,600.4845,606.2904,606.2904,-5.806,0.2329,3.561,0,0,0
819,819,test,faulty,8.2091,618.69,611.4171,611.4171,7.2729,0.5991,3.561,0,0,0
820,820,test,faulty,8.3819,660.6562,646.1638,646.1638,14.4923,1.7994,3.561,0,0,0
821,821,test,faulty,8.1267,599.3161,590.5457,590.5457,8.7705,2.3386,3.561,0,0,0
822,822,test,faulty,8.0213,575.0786,582.1402,582.1402,-7.0615,1.0486,3.561,0,0,0
823,823,test,faulty,7.8431,535.5262,538.3054,538.3054,-2.7791,0.2534,3.561,0,0,0
824,824,test,faulty,7.3284,431.0121,425.875,425.875,5.1371,0.3728,3.561,0,0,0
825,825,test,faulty,7.1073,390.3708,395.5667,395.5667,-5.1959,0.0,3.561,0,0,0
826,826,test,faulty,6.8868,352.2889,349.8214,349.8214,2.4675,0.0,3.561,0,0,0
827,827,test,faulty,6.4615,285.4482,286.6507,286.6507,-1.2025,0.0,3.561,0,0,0
828,828,test,faulty,6.1403,240.4581,231.8126,231.8126,8.6455,0.5248,3.561,0,0,0
829,829,test,faulty,6.0427,227.6866,209.5929,209.5929,18.0937,2.1412,3.561,0,0,0
830,830,test,faulty,6.2992,262.1428,262.6517,262.6517,-0.5089,1.6083,3.561,0,0,0
831,831,test,faulty,6.3875,274.6785,279.7816,279.7816,-5.1031,0.5445,3.561,0,0,0
832,832,test,faulty,6.2576,256.3596,249.119,249.119,7.2406,0.907,3.561,0,0,0
833,833,test,faulty,6.1097,236.4041,248.7063,248.7063,-12.3022,0.0,3.561,0,0,0
834,834,test,faulty,5.8548,204.2215,206.2416,206.2416,-2.0201,0.0,3.561,0,0,0
835,835,test,faulty,5.7794,195.2229,208.8077,208.8077,-13.5849,0.0,3.561,0,0,0
836,836,test,faulty,5.7736,194.5478,199.5689,199.5689,-5.0212,0.0,3.561,0,0,0
837,837,test,faulty,6.1542,242.3104,251.8235,251.8235,-9.5131,0.0,3.561,0,0,0
838,838,test,faulty,6.1584,242.8664,240.709,240.709,2.1574,0.0,3.561,0,0,0
839,839,test,faulty,6.5981,305.9898,294.2101,294.2101,11.7797,0.8869,3.561,0,0,0
840,840,test,faulty,6.5453,297.9565,315.2431,315.2431,-17.2866,0.0,3.561,0,0,0
841,841,test,faulty,6.9707,366.4968,376.6389,376.6389,-10.1421,0.0,3.561,0,0,0
842,842,test,faulty,7.8596,539.112,544.4025,544.4025,-5.2905,0.0,3.561,0,0,0
843,843,test,faulty,7.3847,441.7512,434.2708,434.2708,7.4804,0.3902,3.561,0,0,0
844,844,test,faulty,7.0627,382.4849,389.3661,389.3661,-6.8812,0.0,3.561,0,0,0
845,845,test,faulty,7.2825,422.3655,413.984,413.984,8.3815,0.4943,3.561,0,0,0
846,846,test,faulty,7.9681,563.0893,567.0282,567.0282,-3.9389,0.0,3.561,0,0,0
847,847,test,faulty,7.6528,495.2186,502.2339,502.2339,-7.0153,0.0,3.561,0,0,0
848,848,test,faulty,7.4074,446.1439,449.985,449.985,-3.8411,0.0,3.561,0,0,0
849,849,test,faulty,7.7982,525.8451,517.7823,517.7823,8.0629,0.4575,3.561,0,0,0
850,850,test,faulty,7.498,463.8847,468.5356,468.5356,-4.6508,0.0,3.561,0,0,0
851,851,test,faulty,7.2004,407.1761,408.4295,408.4295,-1.2534,0.0,3.561,0,0,0
852,852,test,faulty,7.1605,399.9236,404.0693,404.0693,-4.1458,0.0,3.561,0,0,0
853,853,test,faulty,7.407,446.0642,455.8465,455.8465,-9.7823,0.0,3.561,0,0,0
854,854,test,faulty,8.0352,578.2244,572.8283,572.8283,5.3961,0.1493,3.561,0,0,0
855,855,test,faulty,8.5881,713.0094,706.1604,706.1604,6.849,0.4666,3.561,0,0,0
856,856,test,faulty,8.5525,703.7887,686.9027,686.9027,16.886,1.9434,3.561,0,0,0
857,857,test,faulty,8.2797,635.6221,647.2927,647.2927,-11.6706,0.1209,3.561,0,0,0
858,858,test,faulty,8.0998,593.0589,586.477,586.477,6.5819,0.4073,3.561,0,0,0
859,859,test,faulty,8.3314,648.2148,658.1837,658.1837,-9.9689,0.0,3.561,0,0,0
860,860,test,faulty,8.0068,571.7944,574.5008,574.5008,-2.7065,0.0,3.561,0,0,0
861,861,test,faulty,8.563,706.5062,715.7285,715.7285,-9.2223,0.0,3.561,0,0,0
862,862,test,faulty,8.3808,660.3726,662.0519,662.0519,-1.6793,0.0,3.561,0,0,0
863,863,test,faulty,8.6624,732.5012,736.0472,736.0472,-3.5461,0.0,3.561,0,0,0
864,864,test,faulty,9.6137,1012.9661,1010.916,1010.916,2.0501,0.0,3.561,0,0,0
865,865,test,faulty,9.7672,1063.8171,1067.1989,1067.1989,-3.3818,0.0,3.561,0,0,0
866,866,test,faulty,9.3299,923.165,914.6222,914.6222,8.5428,0.5129,3.561,0,0,0
867,867,test,faulty,9.4698,966.7542,974.6575,974.6575,-7.9033,0.0,3.561,0,0,0
868,868,test,faulty,10.1992,1215.6956,1202.1128,1202.1128,13.5829,1.0952,3.561,0,0,0
869,869,test,faulty,9.9978,1143.2625,1138.9326,1138.9326,4.3299,1.1214,3.561,0,0,0
870,870,test,faulty,9.9367,1121.8455,1118.5265,1118.5265,3.319,1.0308,3.561,0,0,0
871,871,test,faulty,9.6783,1034.154,1034.6309,1034.6309,-0.4769,0.5015,3.561,0,0,0
872,872,test,faulty,9.4377,956.6277,955.4775,955.4775,1.1502,0.1603,3.561,0,0,0
873,873,test,faulty,9.1059,856.0149,847.9841,847.9841,8.0308,0.6141,3.561,0,0,0
874,874,test,faulty,8.5914,713.8816,714.0853,714.0853,-0.2037,0.1164,3.561,0,0,0
875,875,test,faulty,8.6536,730.1931,708.4181,708.4181,21.775,2.1582,3.561,0,0,0
876,876,test,faulty,8.4465,676.7912,670.7872,670.7872,6.004,2.3778,3.561,0,0,0
877,877,test,faulty,8.8222,775.5907,774.6699,774.6699,0.9208,2.01,3.561,0,0,0
878,878,test,faulty,8.9626,814.7649,808.8729,808.8729,5.892,2.2167,3.561,0,0,0
879,879,test,faulty,9.3476,928.5833,935.9068,935.9068,-7.3236,0.8964,3.561,0,0,0
880,880,test,faulty,8.8771,790.7565,789.1991,789.1991,1.5574,0.6022,3.561,0,0,0
881,881,test,faulty,8.9171,801.9416,805.2976,805.2976,-3.356,0.0,3.561,0,0,0
882,882,test,faulty,8.6247,722.5651,713.1766,713.1766,9.3885,0.6106,3.561,0,0,0
883,883,test,faulty,8.1952,615.4051,622.3693,622.3693,-6.9642,0.0,3.561,0,0,0
884,884,test,faulty,8.2434,626.8785,632.338,632.338,-5.4594,0.0,3.561,0,0,0
885,885,test,faulty,8.4877,687.1912,674.7918,674.7918,12.3993,0.9585,3.561,0,0,0
886,886,test,faulty,8.6588,731.5488,742.28,742.28,-10.7312,0.0,3.561,0,0,0
887,887,test,faulty,8.5746,709.5152,699.9401,699.9401,9.5751,0.6322,3.561,0,0,0
888,888,test,faulty,8.5898,713.4668,703.7008,703.7008,9.766,1.2864,3.561,0,0,0
889,889,test,faulty,9.0765,847.4343,853.5127,853.5127,-6.0784,0.11,3.561,0,0,0
890,890,test,faulty,8.6401,726.6312,740.0378,740.0378,-13.4066,0.0,3.561,0,0,0
891,891,test,faulty,8.4304,672.744,677.4884,677.4884,-4.7443,0.0,3.561,0,0,0
892,892,test,faulty,8.0224,575.3207,573.6817,573.6817,1.6389,0.0,3.561,0,0,0
893,893,test,faulty,7.6757,499.9723,493.9083,493.9083,6.064,0.2265,3.561,0,0,0
894,894,test,faulty,7.4695,458.2655,451.991,451.991,6.2745,0.4774,3.561,0,0,0
895,895,test,faulty,7.1887,405.0537,406.1581,406.1581,-1.1044,0.0,3.561,0,0,0
896,896,test,faulty,7.0403,378.5555,380.9157,380.9157,-2.3602,0.0,3.561,0,0,0
897,897,test,faulty,7.1403,396.293,388.1911,388.1911,8.1019,0.462,3.561,0,0,0
898,898,test,faulty,6.8911,353.0137,356.5204,356.5204,-3.5067,0.0,3.561,0,0,0
899,899,test,faulty,6.5505,298.7444,280.9297,280.9297,17.8148,1.5842,3.561,0,0,0
900,900,test,faulty,7.1017,389.383,390.7357,390.7357,-1.3527,0.9538,3.561,0,0,0
901,901,test,faulty,7.5353,471.3307,463.6246,463.6246,7.7061,1.37,3.561,0,0,0
902,902,test,faulty,7.8912,546.0233,535.4253,535.4253,10.598,2.1204,3.561,0,0,0
903,903,test,faulty,7.8982,547.555,563.7053,563.7053,-16.1503,0.0,3.561,0,0,0
904,904,test,faulty,7.5412,472.5085,476.7911,476.7911,-4.2825,0.0,3.561,0,0,0
905,905,test,faulty,7.5144,467.1545,464.2248,464.2248,2.9296,0.0,3.561,0,0,0
906,906,test,faulty,7.198,406.7463,397.6117,397.6117,9.1346,0.5813,3.561,0,0,0
907,907,test,faulty,7.3436,433.8919,444.6247,444.6247,-10.7329,0.0,3.561,0,0,0
908,908,test,faulty,7.2996,425.5859,425.8497,425.8497,-0.2638,0.0,3.561,0,0,0
909,909,test,faulty,7.5671,477.7159,471.1939,471.1939,6.522,0.2794,3.561,0,0,0
910,910,test,faulty,7.4426,452.9882,433.7098,433.7098,19.2784,2.0327,3.561,0,0,0
911,911,test,faulty,7.6709,498.9803,505.7463,505.7463,-6.766,0.7769,3.561,0,0,0
912,912,test,faulty,8.6515,729.6281,735.0298,735.0298,-5.4017,0.0,3.561,0,0,0
913,913,test,faulty,8.6502,729.2879,732.7259,732.7259,-3.438,0.0,3.561,0,0,0
914,914,test,faulty,8.5034,691.1876,682.2347,682.2347,8.953,0.5603,3.561,0,0,0
915,915,test,faulty,8.0792,588.311,573.327,573.327,14.984,1.8174,3.561,0,0,0
916,916,test,faulty,8.238,625.596,634.1054,634.1054,-8.5094,0.3601,3.561,0,0,0
917,917,test,faulty,7.7776,521.4286,518.4774,518.4774,2.9512,0.227,3.561,0,0,0
918,918,test,faulty,7.4843,461.1818,466.548,466.548,-5.3662,0.0,3.561,0,0,0
919,919,test,faulty,7.8644,540.1563,519.4121,519.4121,20.7442,1.9227,3.561,0,0,0
920,920,test,faulty,7.5954,483.4508,480.6987,480.6987,2.7521,1.7665,3.561,0,0,0
921,921,test,faulty,7.1738,402.3309,407.3769,407.3769,-5.046,0.7094,3.561,0,0,0
922,922,test,faulty,6.7415,328.4933,327.6542,327.6542,0.8391,0.3322,3.561,0,0,0
923,923,test,faulty,6.6391,312.3297,326.2773,326.2773,-13.9476,0.0,3.561,0,0,0
924,924,test,faulty,6.8063,338.9803,345.4166,345.4166,-6.4363,0.0,3.561,0,0,0
925,925,test,faulty,6.8237,341.843,349.5787,349.5787,-7.7357,0.0,3.561,0,0,0
926,926,test,faulty,6.7498,329.8223,334.669,334.669,-4.8468,0.0,3.561,0,0,0
927,927,test,faulty,6.7134,324.0093,321.7206,321.7206,2.2886,0.0,3.561,0,0,0
928,928,test,faulty,7.1055,390.058,383.2737,383.2737,6.7843,0.3097,3.561,0,0,0
929,929,test,faulty,6.7892,336.1912,329.0793,329.0793,7.1119,0.6573,3.561,0,0,0
930,930,test,faulty,6.8106,339.6852,349.0739,349.0739,-9.3886,0.0,3.561,0,0,0
931,931,test,faulty,7.4358,451.6541,449.6364,449.6364,2.0177,0.0,3.561,0,0,0
932,932,test,faulty,7.6242,489.3333,472.0604,472.0604,17.2729,1.5216,3.561,0,0,0
933,933,test,faulty,8.1568,606.3475,607.3396,607.3396,-0.992,0.9329,3.561,0,0,0
934,934,test,faulty,8.138,601.9404,602.0057,602.0057,-0.0654,0.4512,3.561,0,0,0
935,935,test,faulty,8.5941,714.5744,710.094,710.094,4.4804,0.4947,3.561,0,0,0
936,936,test,faulty,8.4805,685.3732,688.0509,688.0509,-2.6777,0.0,3.561,0,0,0
937,937,test,faulty,8.6159,720.2793,712.6611,712.6611,7.6182,0.4061,3.561,0,0,0
938,938,test,faulty,8.2403,626.142,646.2954,646.2954,-20.1534,0.0,3.561,0,0,0
939,939,test,faulty,7.9503,559.0948,555.0831,555.0831,4.0116,0.0,3.561,0,0,0
940,940,test,faulty,8.2456,627.4208,619.13,619.13,8.2908,0.4838,3.561,0,0,0
941,941,test,faulty,7.915,551.2757,551.6292,551.6292,-0.3535,0.0,3.561,0,0,0
942,942,test,faulty,7.8115,528.6931,529.6195,529.6195,-0.9264,0.0,3.561,0,0,0
943,943,test,faulty,8.0106,572.6524,579.0183,579.0183,-6.3659,0.0,3.561,0,0,0
944,944,test,faulty,7.5894,482.2271,483.5491,483.5491,-1.3221,0.0,3.561,0,0,0
945,945,test,faulty,8.6023,716.7201,721.3917,721.3917,-4.6715,0.0,3.561,0,0,0
946,946,test,faulty,8.6043,717.2386,716.9159,716.9159,0.3227,0.0,3.561,0,0,0
947,947,test,faulty,8.4316,673.0457,670.4683,670.4683,2.5775,0.0,3.561,0,0,0
948,948,test,faulty,8.7274,749.8532,741.0688,741.0688,8.7845,0.5408,3.561,0,0,0
949,949,test,faulty,8.6361,725.5711,719.2917,719.2917,6.2794,0.7922,3.561,0,0,0
950,950,test,faulty,8.1977,616.0034,615.066,615.066,0.9374,0.4264,3.561,0,0,0
951,951,test,faulty,8.2861,637.1822,626.8679,626.8679,10.3144,1.144,3.561,0,0,0
952,952,test,faulty,8.0458,580.6421,586.4769,586.4769,-5.8347,0.0,3.561,0,0,0
953,953,test,faulty,8.3294,647.7298,644.8613,644.8613,2.8685,0.0,3.561,0,0,0
954,954,test,faulty,7.7765,521.1913,530.0071,530.0071,-8.8158,0.0,3.561,0,0,0
955,955,test,faulty,7.2921,424.1693,430.0089,430.0089,-5.8396,0.0,3.561,0,0,0
956,956,test,faulty,7.6753,499.8885,497.0019,497.0019,2.8866,0.0,3.561,0,0,0
957,957,test,faulty,7.4343,451.3678,475.0121,475.0121,-23.6443,0.0,3.561,0,0,0
958,958,test,faulty,7.5938,483.1226,493.882,493.882,-10.7594,0.0,3.561,0,0,0
959,959,test,faulty,8.3227,646.0833,640.3253,640.3253,5.758,0.1912,3.561,0,0,0
960,960,test,faulty,8.5551,704.4612,707.4663,707.4663,-3.0051,0.0,3.561,0,0,0
961,961,test,faulty,8.2756,634.6481,629.4672,629.4672,5.1809,0.1245,3.561,0,0,0
962,962,test,faulty,8.2435,626.9022,619.0775,619.0775,7.8247,0.5544,3.561,0,0,0
963,963,test,faulty,8.158,606.6414,607.3825,607.3825,-0.741,0.0,3.561,0,0,0
964,964,test,faulty,8.5379,700.0394,695.6812,695.6812,4.3581,0.0294,3.561,0,0,0
965,965,test,faulty,8.8106,772.4215,778.8188,778.8188,-6.3973,0.0,3.561,0,0,0
966,966,test,faulty,8.8284,777.3001,765.7585,765.7585,11.5415,0.8594,3.561,0,0,0
967,967,test,faulty,8.7098,745.1217,746.7459,746.7459,-1.6243,0.1976,3.561,0,0,0
968,968,test,faulty,8.3333,648.6788,658.5146,658.5146,-9.8358,0.0,3.561,0,0,0
969,969,test,faulty,8.3107,643.1551,644.7243,644.7243,-1.5692,0.0,3.561,0,0,0
970,970,test,faulty,8.4061,666.6662,681.2829,681.2829,-14.6167,0.0,3.561,0,0,0
971,971,test,faulty,7.95,559.043,574.2045,574.2045,-15.1615,0.0,3.561,0,0,0
972,972,test,faulty,7.7523,516.0547,505.943,505.943,10.1117,0.6942,3.561,0,0,0
973,973,test,faulty,7.513,466.8721,463.4629,463.4629,3.4092,0.614,3.561,0,0,0
974,974,test,faulty,7.2468,415.7165,410.7444,410.7444,4.9721,0.7143,3.561,0,0,0
975,975,test,faulty,7.2798,421.869,433.352,433.352,-11.4831,0.0,3.561,0,0,0
976,976,test,faulty,7.5329,470.8472,466.4827,466.4827,4.3646,0.0302,3.561,0,0,0
977,977,test,faulty,7.9956,569.264,552.255,552.255,17.009,1.5213,3.561,0,0,0
978,978,test,faulty,7.8222,531.0091,525.4626,525.4626,5.5465,1.688,3.561,0,0,0
979,979,test,faulty,7.584,481.1306,478.051,478.051,3.0796,1.5697,3.561,0,0,0
980,980,test,faulty,7.2082,408.6125,406.8356,406.8356,1.7769,1.3009,3.561,0,0,0
981,981,test,faulty,6.8404,344.5802,342.7219,342.7219,1.8582,1.0414,3.561,0,0,0
982,982,test,faulty,6.8895,352.739,352.4829,352.4829,0.2561,0.5969,3.561,0,0,0
983,983,test,faulty,6.9474,362.5178,355.6759,355.6759,6.8419,0.9133,3.561,0,0,0
984,984,test,faulty,6.5277,295.2957,294.4821,294.4821,0.8136,0.5332,3.561,0,0,0
985,985,test,faulty,7.1338,395.1243,390.9472,390.9472,4.1771,0.5417,3.561,0,0,0
986,986,test,faulty,7.2764,421.2353,417.2521,417.2521,3.9832,0.5278,3.561,0,0,0
987,987,test,faulty,7.2548,417.2168,414.417,414.417,2.7998,0.3771,3.561,0,0,0
988,988,test,faulty,7.1877,404.8629,410.9592,410.9592,-6.0963,0.0,3.561,0,0,0
989,989,test,faulty,7.118,392.2829,393.7079,393.7079,-1.425,0.0,3.561,0,0,0
990,990,test,faulty,7.526,469.453,474.0539,474.0539,-4.6009,0.0,3.561,0,0,0
991,991,test,faulty,7.5162,467.5124,461.0457,461.0457,6.4667,0.273,3.561,0,0,0
992,992,test,faulty,7.8641,540.0843,526.0886,526.0886,13.9957,1.416,3.561,0,0,0
993,993,test,faulty,7.9394,556.6752,554.6543,554.6543,2.0209,1.1754,3.561,0,0,0
994,994,test,faulty,8.2486,628.1296,634.2685,634.2685,-6.1389,0.0,3.561,0,0,0
995,995,test,faulty,8.3575,654.6178,653.7782,653.7782,0.8396,0.0,3.561,0,0,0
996,996,test,faulty,8.1809,612.0218,607.2159,607.2159,4.8058,0.0811,3.561,0,0,0
997,997,test,faulty,8.2167,620.5108,607.4045,607.4045,13.1062,1.1213,3.561,0,0,0
998,998,test,faulty,8.5211,695.7117,697.7205,697.7205,-2.0088,0.4151,3.561,0,0,0
999,999,test,faulty,8.4661,681.718,674.6134,674.6134,7.1046,0.7618,3.561,0,0,0
1000,1000,test,faulty,8.2445,627.1483,613.3253,613.3253,13.823,1.8848,3.561,0,0,0
1001,1001,test,faulty,8.3736,658.5847,660.83,660.83,-2.2453,1.1513,3.561,0,0,0
1002,1002,test,faulty,8.5252,696.7806,696.7325,696.7325,0.0481,0.6827,3.561,0,0,0
1003,1003,test,faulty,8.4991,690.0911,699.3171,699.3171,-9.2259,0.0,3.561,0,0,0
1004,1004,test,faulty,8.2529,629.1635,618.7268,618.7268,10.4367,0.7317,3.561,0,0,0
1005,1005,test,faulty,8.9033,798.0602,786.4423,786.4423,11.6179,1.6,3.561,0,0,0
1006,1006,test,faulty,8.6442,727.6959,728.1578,728.1578,-0.4619,1.0725,3.561,0,0,0
1007,1007,test,faulty,9.1789,877.5226,889.3506,889.3506,-11.828,0.0,3.561,0,0,0
1008,1008,test,faulty,8.6905,739.9686,740.9269,740.9269,-0.9583,0.0,3.561,0,0,0
1009,1009,test,faulty,8.9214,803.1289,807.7033,807.7033,-4.5744,0.0,3.561,0,0,0
1010,1010,test,faulty,8.5241,696.4913,685.054,685.054,11.4374,0.8474,3.561,0,0,0
1011,1011,test,faulty,9.1665,873.8393,875.5011,875.5011,-1.6618,0.1812,3.561,0,0,0
1012,1012,test,faulty,9.0384,836.407,824.0174,824.0174,12.3896,1.1386,3.561,0,0,0
1013,1013,test,faulty,9.1547,870.3668,855.3623,855.3623,15.0046,2.3981,3.561,0,0,0
1014,1014,test,faulty,8.7849,765.4027,770.4456,770.4456,-5.0429,1.3413,3.561,0,0,0
1015,1015,test,faulty,8.4493,677.4827,685.9268,685.9268,-8.4441,0.0,3.561,0,0,0
1016,1016,test,faulty,8.8081,771.7382,765.5945,765.5945,6.1436,0.2357,3.561,0,0,0
1017,1017,test,faulty,9.3433,927.2868,928.062,928.062,-0.7752,0.0,3.561,0,0,0
1018,1018,test,faulty,8.9995,825.2609,829.1362,829.1362,-3.8752,0.0,3.561,0,0,0
1019,1019,test,faulty,8.9511,811.4974,809.2926,809.2926,2.2049,0.0,3.561,0,0,0
1020,1020,test,faulty,8.9502,811.2575,811.105,811.105,0.1524,0.0,3.561,0,0,0
1021,1021,test,faulty,8.9735,817.852,820.1438,820.1438,-2.2919,0.0,3.561,0,0,0
1022,1022,test,faulty,8.9767,818.7447,811.4865,811.4865,7.2581,0.3645,3.561,0,0,0
1023,1023,test,faulty,8.7928,767.5578,758.3633,758.3633,9.1945,0.9527,3.561,0,0,0
1024,1024,test,faulty,8.7898,766.7227,769.6997,769.6997,-2.9771,0.1346,3.561,0,0,0
1025,1025,test,faulty,9.1172,859.3243,877.1394,877.1394,-17.8151,0.0,3.561,0,0,0
1026,1026,test,faulty,9.0122,828.8814,825.3273,825.3273,3.5542,0.0,3.561,0,0,0
1027,1027,test,faulty,8.3687,657.3739,653.3508,653.3508,4.023,0.0,3.561,0,0,0
1028,1028,test,faulty,8.0703,586.2607,600.8954,600.8954,-14.6347,0.0,3.561,0,0,0
1029,1029,test,faulty,7.8388,534.5876,528.9719,528.9719,5.6158,0.1747,3.561,0,0,0
1030,1030,test,faulty,7.409,446.4554,440.2064,440.2064,6.249,0.4226,3.561,0,0,0
1031,1031,test,faulty,7.4645,457.2788,472.0166,472.0166,-14.7378,0.0,3.561,0,0,0
1032,1032,test,faulty,7.5929,482.938,487.9923,487.9923,-5.0543,0.0,3.561,0,0,0
1033,1033,test,faulty,7.3323,431.7548,437.1563,437.1563,-5.4015,0.0,3.561,0,0,0
1034,1034,test,faulty,7.8318,533.0741,515.6838,515.6838,17.3904,1.5352,3.561,0,0,0
1035,1035,test,faulty,7.5765,479.6182,489.3462,489.3462,-9.728,0.0,3.561,0,0,0
1036,1036,test,faulty,7.9654,562.4752,560.0937,560.0937,2.3815,0.0,3.561,0,0,0
1037,1037,test,faulty,7.8232,531.2145,538.7453,538.7453,-7.5308,0.0,3.561,0,0,0
1038,1038,test,faulty,7.7849,522.9775,526.9035,526.9035,-3.926,0.0,3.561,0,0,0
1039,1039,test,faulty,7.5285,469.9521,484.2234,484.2234,-14.2712,0.0,3.561,0,0,0
1040,1040,test,faulty,8.1238,598.6417,604.9383,604.9383,-6.2966,0.0,3.561,0,0,0
1041,1041,test,faulty,7.9282,554.1986,568.3845,568.3845,-14.1859,0.0,3.561,0,0,0
1042,1042,test,faulty,7.6077,485.9714,480.5082,480.5082,5.4632,0.1571,3.561,0,0,0
1043,1043,test,faulty,8.2969,639.797,648.3019,648.3019,-8.5049,0.0,3.561,0,0,0
1044,1044,test,faulty,8.0772,587.8503,592.3498,592.3498,-4.4995,0.0,3.561,0,0,0
1045,1045,test,faulty,8.2434,626.8892,622.4785,622.4785,4.4107,0.0355,3.561,0,0,0
1046,1046,test,faulty,7.9752,564.6647,553.4754,553.4754,11.1893,0.8542,3.561,0,0,0
1047,1047,test,faulty,7.4429,453.0337,450.9984,450.9984,2.0353,0.6152,3.561,0,0,0
1048,1048,test,faulty,8.5972,715.3887,708.1615,708.1615,7.2273,0.9761,3.561,0,0,0
1049,1049,test,faulty,8.5923,714.1072,710.2688,710.2688,3.8385,0.9455,3.561,0,0,0
1050,1050,test,faulty,8.5049,691.5842,687.355,687.355,4.2292,0.96,3.561,0,0,0
1051,1051,test,faulty,7.9236,553.1727,547.6532,547.6532,5.5195,1.1236,3.561,0,0,0
1052,1052,test,faulty,7.492,462.6936,463.296,463.296,-0.6024,0.5799,3.561,0,0,0
1053,1053,test,faulty,8.249,628.2301,629.1171,629.1171,-0.887,0.0033,3.561,0,0,0
1054,1054,test,faulty,8.6052,717.4757,709.2468,709.2468,8.2289,0.4799,3.561,0,0,0
1055,1055,test,faulty,8.5988,715.8136,709.3664,709.3664,6.4472,0.7507,3.561,0,0,0
1056,1056,test,faulty,8.2472,627.7953,629.228,629.228,-1.4327,0.1111,3.561,0,0,0
1057,1057,test,faulty,7.9373,556.2023,551.7553,551.7553,4.447,0.1508,3.561,0,0,0
1058,1058,test,faulty,7.8542,537.9259,533.8291,533.8291,4.0968,0.15,3.561,0,0,0
1059,1059,test,faulty,7.4319,450.8894,443.1103,443.1103,7.7791,0.5747,3.561,0,0,0
1060,1060,test,faulty,7.1578,399.4402,384.5293,384.5293,14.9109,1.8233,3.561,0,0,0
1061,1061,test,faulty,6.8451,345.3555,342.9918,342.9918,2.3636,1.6223,3.561,0,0,0
1062,1062,test,faulty,6.7832,335.2274,326.7314,326.7314,8.496,2.1298,3.561,0,0,0
1063,1063,test,faulty,7.0771,385.0185,383.997,383.997,1.0215,1.7737,3.561,0,0,0
1064,1064,test,faulty,6.9109,356.3492,353.5897,353.5897,2.7595,1.6184,3.561,0,0,0
1065,1065,test,faulty,6.7739,333.7156,330.1292,330.1292,3.5864,1.5587,3.561,0,0,0
1066,1066,test,faulty,6.429,280.6898,287.4223,287.4223,-6.7325,0.3067,3.561,0,0,0
1067,1067,test,faulty,6.8715,349.7386,342.815,342.815,6.9235,0.6325,3.561,0,0,0
1068,1068,test,faulty,7.7272,510.7406,519.5859,519.5859,-8.8453,0.0,3.561,0,0,0
1069,1069,test,faulty,7.8557,538.2503,540.6635,540.6635,-2.4132,0.0,3.561,0,0,0
1070,1070,test,faulty,8.0678,585.6938,606.6142,606.6142,-20.9204,0.0,3.561,0,0,0
1071,1071,test,faulty,8.1239,598.6479,591.1908,591.1908,7.4571,0.3875,3.561,0,0,0
1072,1072,test,faulty,8.6827,737.8881,732.2659,732.2659,5.6222,0.5629,3.561,0,0,0
1073,1073,test,faulty,8.4938,688.7486,691.5551,691.5551,-2.8065,0.0,3.561,0,0,0
1074,1074,test,faulty,8.4782,684.7769,690.8052,690.8052,-6.0283,0.0,3.561,0,0,0
1075,1075,test,faulty,8.6295,723.8418,721.2942,721.2942,2.5476,0.0,3.561,0,0,0
1076,1076,test,faulty,9.0281,833.4595,839.4481,839.4481,-5.9886,0.0,3.561,0,0,0
1077,1077,test,faulty,8.8422,781.109,781.7867,781.7867,-0.6777,0.0,3.561,0,0,0
1078,1078,test,faulty,9.2289,892.4794,880.7118,880.7118,11.7677,0.8855,3.561,0,0,0
1079,1079,test,faulty,8.7698,761.2812,763.475,763.475,-2.1937,0.1579,3.561,0,0,0
1080,1080,test,faulty,8.884,792.6931,799.282,799.282,-6.5889,0.0,3.561,0,0,0
1081,1081,test,faulty,8.4095,667.5176,670.4633,670.4633,-2.9457,0.0,3.561,0,0,0
1082,1082,test,faulty,8.7772,763.3115,762.2836,762.2836,1.0279,0.0,3.561,0,0,0
1083,1083,test,faulty,8.7741,762.4696,755.1905,755.1905,7.279,0.3669,3.561,0,0,0
1084,1084,test,faulty,8.4326,673.2829,678.962,678.962,-5.6791,0.0,3.561,0,0,0
1085,1085,test,faulty,8.3389,650.0465,661.3027,661.3027,-11.2562,0.0,3.561,0,0,0
1086,1086,test,faulty,8.3172,644.7278,633.3655,633.3655,11.3624,0.8387,3.561,0,0,0
1087,1087,test,faulty,7.9081,549.7393,554.5249,554.5249,-4.7856,0.0,3.561,0,0,0
1088,1088,test,faulty,8.2435,626.9049,612.3395,612.3395,14.5654,1.2088,3.561,0,0,0
1089,1089,test,faulty,7.873,542.0343,543.4797,543.4797,-1.4454,0.5676,3.561,0,0,0
1090,1090,test,faulty,7.8299,532.6655,510.9973,510.9973,21.6682,2.5971,3.561,0,0,0
1091,1091,test,faulty,8.0095,572.41,570.7633,570.7633,1.6467,2.3132,3.561,0,0,0
1092,1092,test,faulty,8.1066,594.6326,599.5741,599.5741,-4.9415,1.2681,3.561,0,0,0
1093,1093,test,faulty,8.2721,633.7998,621.9981,621.9981,11.8017,2.1576,3.561,0,0,0
1094,1094,test,faulty,8.0976,592.5635,581.6116,581.6116,10.9519,2.9489,3.561,0,0,0
1095,1095,test,faulty,8.1015,593.4627,594.1299,594.1299,-0.6672,2.3976,3.561,0,0,0
1096,1096,test,faulty,8.0373,578.7066,576.4289,576.4289,2.2777,2.1867,3.561,0,0,0
1097,1097,test,faulty,7.8675,540.8344,543.0651,543.0651,-2.2308,1.4548,3.561,0,0,0
1098,1098,test,faulty,7.5182,467.9117,478.7826,478.7826,-10.8709,0.0,3.561,0,0,0
1099,1099,test,faulty,7.3482,434.7777,425.1513,425.1513,9.6265,0.6381,3.561,0,0,0
1100,1100,test,faulty,7.5551,475.294,476.979,476.979,-1.685,0.0,3.561,0,0,0
1101,1101,test,faulty,7.41,446.6381,430.8879,430.8879,15.7503,1.3457,3.561,0,0,0
1102,1102,test,faulty,7.2538,417.0295,392.5305,392.5305,24.499,3.7022,3.561,1,0,0
1103,1103,test,faulty,6.897,354.0076,345.8956,345.8956,8.112,4.1653,3.561,1,0,0
1104,1104,test,faulty,7.0476,379.8209,357.6633,357.6633,22.1576,6.2513,3.561,1,0,0
1105,1105,test,faulty,7.0556,381.2298,384.9933,384.9933,-3.7635,5.3423,3.561,1,0,0
1106,1106,test,faulty,6.8714,349.7275,356.5469,356.5469,-6.8194,4.0803,3.561,1,0,0
1107,1107,test,faulty,7.0751,384.6611,388.45,388.45,-3.789,3.1684,3.561,0,0,0
1108,1108,test,faulty,7.2712,420.2525,406.9261,406.9261,13.3264,4.234,3.561,1,0,0
1109,1109,test,faulty,7.1865,404.6418,398.2571,398.2571,6.3848,4.4976,3.561,1,0,0
1110,1110,test,faulty,7.326,430.5585,416.5398,416.5398,14.0187,5.6432,3.561,1,0,0
1111,1111,test,faulty,7.033,377.2727,375.433,375.433,1.8396,5.3816,3.561,1,0,0
1112,1112,test,faulty,7.2109,409.1068,400.6679,400.6679,8.4389,5.8825,3.561,1,0,0
1113,1113,test,faulty,7.5197,468.2021,476.7727,476.7727,-8.5706,4.4182,3.561,1,0,0
1114,1114,test,faulty,7.4244,449.445,452.5715,452.5715,-3.1265,3.5828,3.561,1,0,0
1115,1115,test,faulty,7.3464,434.4375,424.0654,424.0654,10.3721,4.3071,3.561,1,0,0
1116,1116,test,faulty,6.8296,342.8008,354.4033,354.4033,-11.6025,2.4924,3.561,0,0,0
1117,1117,test,faulty,6.4586,285.0164,286.5433,286.5433,-1.527,1.8418,3.561,0,0,0
1118,1118,test,faulty,6.6111,307.9978,314.7934,314.7934,-6.7955,0.5826,3.561,0,0,0
1119,1119,test,faulty,6.7269,326.1554,326.1609,326.1609,-0.0055,0.1078,3.561,0,0,0
1120,1120,test,faulty,6.6598,315.5536,325.7603,325.7603,-10.2067,0.0,3.561,0,0,0
1121,1121,test,faulty,6.7224,325.4389,334.4026,334.4026,-8.9638,0.0,3.561,0,0,0
1122,1122,test,faulty,6.7096,323.4042,329.664,329.664,-6.2598,0.0,3.561,0,0,0
1123,1123,test,faulty,6.8608,347.962,359.0701,359.0701,-11.1081,0.0,3.561,0,0,0
1124,1124,test,faulty,6.5916,304.9916,309.8872,309.8872,-4.8956,0.0,3.561,0,0,0
1125,1125,test,faulty,6.3074,263.2953,265.6858,265.6858,-2.3905,0.0,3.561,0,0,0
1126,1126,test,faulty,6.152,242.0117,235.8585,235.8585,6.1532,0.2368,3.561,0,0,0
1127,1127,test,faulty,6.0467,228.1988,211.0841,211.0841,17.1147,1.7401,3.561,0,0,0
1128,1128,test,faulty,5.8113,199.0056,208.9524,208.9524,-9.9468,0.1168,3.561,0,0,0
1129,1129,test,faulty,6.1871,246.7333,251.5319,251.5319,-4.7987,0.0,3.561,0,0,0
1130,1130,test,faulty,5.8685,205.8868,196.968,196.968,8.9188,0.5564,3.561,0,0,0
1131,1131,test,faulty,6.31,263.6494,270.354,270.354,-6.7046,0.0,3.561,0,0,0
1132,1132,test,faulty,6.8949,353.6441,354.9458,354.9458,-1.3017,0.0,3.561,0,0,0
1133,1133,test,faulty,6.9471,362.4731,363.1599,363.1599,-0.6868,0.0,3.561,0,0,0
1134,1134,test,faulty,7.3692,438.7911,453.6184,453.6184,-14.8273,0.0,3.561,0,0,0
1135,1135,test,faulty,7.6202,488.516,496.5121,496.5121,-7.9962,0.0,3.561,0,0,0
1136,1136,test,faulty,7.5203,468.3239,457.3277,457.3277,10.9962,0.7964,3.561,0,0,0
1137,1137,test,faulty,7.9128,550.7877,551.4436,551.4436,-0.6559,0.2465,3.561,0,0,0
1138,1138,test,faulty,7.9711,563.7534,571.8955,571.8955,-8.142,0.0,3.561,0,0,0
1139,1139,test,faulty,8.0547,582.6797,591.73,591.73,-9.0503,0.0,3.561,0,0,0
1140,1140,test,faulty,7.5843,481.2024,485.5219,485.5219,-4.3195,0.0,3.561,0,0,0
1141,1141,test,faulty,8.1261,599.17,596.0764,596.0764,3.0936,0.0,3.561,0,0,0
1142,1142,test,faulty,8.067,585.4978,588.467,588.467,-2.9692,0.0,3.561,0,0,0
1143,1143,test,faulty,8.0489,581.3634,566.1081,566.1081,15.2553,1.2885,3.561,0,0,0
1144,1144,test,faulty,8.3763,659.2548,669.5759,669.5759,-10.3211,0.0,3.561,0,0,0
1145,1145,test,faulty,8.4474,676.9998,676.4935,676.4935,0.5063,0.0,3.561,0,0,0
1146,1146,test,faulty,8.4961,689.3269,684.8172,684.8172,4.5098,0.0469,3.561,0,0,0
1147,1147,test,faulty,8.546,702.1129,696.2995,696.2995,5.8134,0.2445,3.561,0,0,0
1148,1148,test,faulty,8.4131,668.4147,669.7444,669.7444,-1.3297,0.0,3.561,0,0,0
1149,1149,test,faulty,8.2913,638.4381,631.6692,631.6692,6.7689,0.308,3.561,0,0,0
1150,1150,test,faulty,8.257,630.1625,622.1511,622.1511,8.0115,0.7595,3.561,0,0,0
1151,1151,test,faulty,8.2485,628.1107,620.2408,620.2408,7.8699,1.1947,3.561,0,0,0
1152,1152,test,faulty,8.0954,592.0552,606.0977,606.0977,-14.0425,0.0,3.561,0,0,0
1153,1153,test,faulty,8.0605,584.0096,583.0655,583.0655,0.944,0.0,3.561,0,0,0
1154,1154,test,faulty,8.453,678.4123,682.5267,682.5267,-4.1143,0.0,3.561,0,0,0
1155,1155,test,faulty,8.2441,627.0553,629.8861,629.8861,-2.8308,0.0,3.561,0,0,0
1156,1156,test,faulty,8.2654,632.1727,627.1595,627.1595,5.0133,0.1051,3.561,0,0,0
1157,1157,test,faulty,7.8915,546.0796,552.3617,552.3617,-6.2822,0.0,3.561,0,0,0
1158,1158,test,faulty,8.2844,636.7578,635.4732,635.4732,1.2845,0.0,3.561,0,0,0
1159,1159,test,faulty,8.1818,612.2416,606.1723,606.1723,6.0693,0.2271,3.561,0,0,0
1160,1160,test,faulty,8.3177,644.8525,636.6723,636.6723,8.1802,0.6981,3.561,0,0,0
1161,1161,test,faulty,8.1395,602.3035,599.126,599.126,3.1775,0.5912,3.561,0,0,0
1162,1162,test,faulty,7.8111,528.604,524.7017,524.7017,3.9023,0.5679,3.561,0,0,0
1163,1163,test,faulty,7.6592,496.5447,507.3337,507.3337,-10.7889,0.0,3.561,0,0,0
1164,1164,test,faulty,7.5848,481.304,460.8727,460.8727,20.4313,1.8865,3.561,0,0,0
1165,1165,test,faulty,7.1698,401.6168,410.6031,410.6031,-8.9863,0.3741,3.561,0,0,0
1166,1166,test,faulty,7.4741,459.16,470.9404,470.9404,-11.7805,0.0,3.561,0,0,0
1167,1167,test,faulty,6.9238,358.5217,370.9504,370.9504,-12.4287,0.0,3.561,0,0,0
1168,1168,test,faulty,7.0233,375.584,369.8105,369.8105,5.7735,0.193,3.561,0,0,0
1169,1169,test,faulty,6.948,362.6314,355.9008,355.9008,6.7306,0.4965,3.561,0,0,0
1170,1170,test,faulty,7.421,448.7761,458.9649,458.9649,-10.1888,0.0,3.561,0,0,0
1171,1171,test,faulty,8.1749,610.5986,616.0243,616.0243,-5.4258,0.0,3.561,0,0,0
1172,1172,test,faulty,8.497,689.5654,692.0051,692.0051,-2.4397,0.0,3.561,0,0,0
1173,1173,test,faulty,8.3797,660.1017,653.0907,653.0907,7.0109,0.3359,3.561,0,0,0
1174,1174,test,faulty,8.5692,708.0964,705.7963,705.7963,2.3,0.1275,3.561,0,0,0
1175,1175,test,faulty,8.2288,623.402,613.8201,613.8201,9.5819,0.7605,3.561,0,0,0
1176,1176,test,faulty,8.5538,704.1374,717.5029,717.5029,-13.3655,0.0,3.561,0,0,0
1177,1177,test,faulty,8.3312,648.1581,656.6699,656.6699,-8.5118,0.0,3.561,0,0,0
1178,1178,test,faulty,7.8983,547.5788,544.1097,544.1097,3.4692,0.0,3.561,0,0,0
1179,1179,test,faulty,7.7025,505.5578,514.0278,514.0278,-8.47,0.0,3.561,0,0,0
1180,1180,test,faulty,7.2904,423.847,425.0251,425.0251,-1.1781,0.0,3.561,0,0,0
1181,1181,test,faulty,7.0242,375.7365,359.4325,359.4325,16.304,1.4096,3.561,0,0,0
1182,1182,test,faulty,6.7443,328.9401,333.5914,333.5914,-4.6513,0.3981,3.561,0,0,0
1183,1183,test,faulty,7.4975,463.7832,457.6999,457.6999,6.0833,0.6269,3.561,0,0,0
1184,1184,test,faulty,7.4881,461.92,464.5616,464.5616,-2.6415,0.0,3.561,0,0,0
1185,1185,test,faulty,7.68,500.8624,497.0879,497.0879,3.7746,0.0,3.561,0,0,0
1186,1186,test,faulty,7.7192,509.055,500.9857,500.9857,8.0693,0.4582,3.561,0,0,0
1187,1187,test,faulty,7.5068,465.6436,462.9271,462.9271,2.7165,0.298,3.561,0,0,0
1188,1188,test,faulty,7.3093,427.4006,435.9315,435.9315,-8.5309,0.0,3.561,0,0,0
1189,1189,test,faulty,7.6321,490.9686,481.4186,481.4186,9.55,0.6293,3.561,0,0,0
1190,1190,test,faulty,7.9785,565.4084,557.5121,557.5121,7.8963,1.0675,3.561,0,0,0
1191,1191,test,faulty,8.5145,694.0238,681.7447,681.7447,12.2791,2.0121,3.561,0,0,0
1192,1192,test,faulty,8.2287,623.3801,618.3888,618.3888,4.9913,2.1147,3.561,0,0,0
1193,1193,test,faulty,7.8886,545.4431,552.5306,552.5306,-7.0875,0.8217,3.561,0,0,0
1194,1194,test,faulty,8.3694,657.5588,663.4942,663.4942,-5.9354,0.0,3.561,0,0,0
1195,1195,test,faulty,8.7157,746.7131,751.1911,751.1911,-4.478,0.0,3.561,0,0,0
1196,1196,test,faulty,9.0322,834.6343,838.6838,838.6838,-4.0495,0.0,3.561,0,0,0
1197,1197,test,faulty,8.381,660.4148,672.7371,672.7371,-12.3223,0.0,3.561,0,0,0
1198,1198,test,faulty,8.8804,791.6638,803.8698,803.8698,-12.206,0.0,3.561,0,0,0
1199,1199,test,faulty,8.7049,743.8131,756.7155,756.7155,-12.9024,0.0,3.561,0,0,0
1200,1200,test,faulty,8.2701,633.3165,626.2873,626.2873,7.0293,0.338,3.561,0,0,0
1201,1201,test,faulty,8.5661,707.295,702.1739,702.1739,5.1212,0.4556,3.561,0,0,0
1202,1202,test,faulty,8.3254,646.7417,653.1125,653.1125,-6.3708,0.0,3.561,0,0,0
1203,1203,test,faulty,8.4079,667.1167,673.0446,673.0446,-5.9279,0.0,3.561,0,0,0
1204,1204,test,faulty,8.2152,620.1546,616.0456,616.0456,4.1089,0.0006,3.561,0,0,0
1205,1205,test,faulty,8.1851,613.0136,611.2724,611.2724,1.7413,0.0,3.561,0,0,0
1206,1206,test,faulty,8.5234,696.3207,703.8085,703.8085,-7.4878,0.0,3.561,0,0,0
1207,1207,test,faulty,8.0787,588.1912,587.0807,587.0807,1.1105,0.0,3.561,0,0,0
1208,1208,test,faulty,8.0316,577.415,571.4068,571.4068,6.0083,0.2201,3.561,0,0,0
1209,1209,test,faulty,7.486,461.5118,464.1321,464.1321,-2.6203,0.0,3.561,0,0,0
1210,1210,test,faulty,7.4057,445.8065,441.3105,441.3105,4.496,0.0454,3.561,0,0,0
1211,1211,test,faulty,6.9596,364.6083,369.2136,369.2136,-4.6053,0.0,3.561,0,0,0
1212,1212,test,faulty,6.8715,349.7398,351.6166,351.6166,-1.8768,0.0,3.561,0,0,0
1213,1213,test,faulty,7.5379,471.8515,469.403,469.403,2.4484,0.0,3.561,0,0,0
1214,1214,test,faulty,8.6052,717.4834,710.3585,710.3585,7.1248,0.3491,3.561,0,0,0
1215,1215,test,faulty,7.9809,565.9415,574.05,574.05,-8.1085,0.0,3.561,0,0,0
1216,1216,test,faulty,7.8014,526.5196,519.4937,519.4937,7.026,0.3377,3.561,0,0,0
1217,1217,test,faulty,7.5255,469.3651,470.2751,470.2751,-0.9101,0.0,3.561,0,0,0
1218,1218,test,faulty,7.226,411.8754,409.0144,409.0144,2.8609,0.0,3.561,0,0,0
1219,1219,test,faulty,7.3747,439.8409,440.1275,440.1275,-0.2866,0.0,3.561,0,0,0
1220,1220,test,faulty,7.2102,408.9811,405.9691,405.9691,3.012,0.0,3.561,0,0,0
1221,1221,test,faulty,7.1082,390.5359,398.5387,398.5387,-8.0028,0.0,3.561,0,0,0
1222,1222,test,faulty,7.7465,514.82,515.7077,515.7077,-0.8877,0.0,3.561,0,0,0
1223,1223,test,faulty,7.6929,503.554,495.1153,495.1153,8.4386,0.5009,3.561,0,0,0
1224,1224,test,faulty,7.2716,420.3412,410.2976,410.2976,10.0436,1.1872,3.561,0,0,0
1225,1225,test,faulty,7.2412,414.6923,420.6085,420.6085,-5.9161,0.0295,3.561,0,0,0
1226,1226,test,faulty,7.0145,374.0527,372.3666,372.3666,1.686,0.0,3.561,0,0,0
1227,1227,test,faulty,7.6369,491.9411,501.9123,501.9123,-9.9711,0.0,3.561,0,0,0
1228,1228,test,faulty,7.7008,505.2131,508.9841,508.9841,-3.771,0.0,3.561,0,0,0
1229,1229,test,faulty,7.6792,500.6936,511.1183,511.1183,-10.4247,0.0,3.561,0,0,0
1230,1230,test,faulty,7.6172,487.8983,476.592,476.592,11.3063,0.8322,3.561,0,0,0
1231,1231,test,faulty,7.3022,426.0565,423.2234,423.2234,2.8331,0.6854,3.561,0,0,0
1232,1232,test,faulty,7.3258,430.5192,440.5768,440.5768,-10.0575,0.0,3.561,0,0,0
1233,1233,test,faulty,7.2827,422.4016,412.3137,412.3137,10.0879,0.6914,3.561,0,0,0
1234,1234,test,faulty,7.2837,422.6,428.4158,428.4158,-5.8159,0.0,3.561,0,0,0
1235,1235,test,faulty,7.153,398.5782,398.1577,398.1577,0.4205,0.0,3.561,0,0,0
1236,1236,test,faulty,7.1124,391.2941,399.6118,399.6118,-8.3177,0.0,3.561,0,0,0
1237,1237,test,faulty,7.2369,413.8969,411.4202,411.4202,2.4767,0.0,3.561,0,0,0
1238,1238,test,faulty,7.464,457.1695,451.2753,451.2753,5.8941,0.2069,3.561,0,0,0
1239,1239,test,faulty,7.1424,396.6578,403.2115,403.2115,-6.5536,0.0,3.561,0,0,0
1240,1240,test,faulty,7.3043,426.4585,443.9532,443.9532,-17.4947,0.0,3.561,0,0,0
1241,1241,test,faulty,7.1387,396.0031,386.5636,386.5636,9.4395,0.6165,3.561,0,0,0
1242,1242,test,faulty,7.3898,442.7323,445.027,445.027,-2.2947,0.0,3.561,0,0,0
1243,1243,test,faulty,6.8794,351.0646,344.6911,344.6911,6.3734,0.2623,3.561,0,0,0
1244,1244,test,faulty,7.2201,410.7984,414.762,414.762,-3.9636,0.0,3.561,0,0,0
1245,1245,test,faulty,7.3131,428.1234,431.79,431.79,-3.6666,0.0,3.561,0,0,0
1246,1246,test,faulty,7.4472,453.8872,448.0402,448.0402,5.847,0.2014,3.561,0,0,0
1247,1247,test,faulty,7.1117,391.1596,380.1657,380.1657,10.994,0.9976,3.561,0,0,0
1248,1248,test,faulty,6.9452,362.1406,362.765,362.765,-0.6243,0.4513,3.561,0,0,0
1249,1249,test,faulty,7.2224,411.2127,411.4859,411.4859,-0.2732,0.0,3.561,0,0,0
1250,1250,test,faulty,7.5003,464.34,471.6009,471.6009,-7.2609,0.0,3.561,0,0,0
1251,1251,test,faulty,7.2924,424.2282,424.0039,424.0039,0.2243,0.0,3.561,0,0,0
1252,1252,test,faulty,7.3555,436.1644,444.8121,444.8121,-8.6477,0.0,3.561,0,0,0
1253,1253,test,faulty,7.7098,507.0782,509.3985,509.3985,-2.3203,0.0,3.561,0,0,0
1254,1254,test,faulty,8.1489,604.4966,616.5054,616.5054,-12.0088,0.0,3.561,0,0,0
1255,1255,test,faulty,7.9087,549.8842,558.3552,558.3552,-8.4711,0.0,3.561,0,0,0
1256,1256,test,faulty,7.7392,513.2853,502.4605,502.4605,10.8247,0.7766,3.561,0,0,0
1257,1257,test,faulty,7.4542,455.2577,453.2348,453.2348,2.0229,0.5362,3.561,0,0,0
1258,1258,test,faulty,8.011,572.7376,576.4428,576.4428,-3.7052,0.0,3.561,0,0,0
1259,1259,test,faulty,7.9867,567.2484,565.4224,565.4224,1.826,0.0,3.561,0,0,0
1260,1260,test,faulty,8.3488,652.4758,655.5312,655.5312,-3.0554,0.0,3.561,0,0,0
1261,1261,test,faulty,8.2206,621.4341,635.1646,635.1646,-13.7305,0.0,3.561,0,0,0
1262,1262,test,faulty,8.4363,674.2184,667.5026,667.5026,6.7158,0.3018,3.561,0,0,0
1263,1263,test,faulty,8.6342,725.0768,719.7141,719.7141,5.3627,0.4473,3.561,0,0,0
1264,1264,test,faulty,8.491,688.0259,681.1475,681.1475,6.8784,0.7679,3.561,0,0,0
1265,1265,test,faulty,8.7795,763.9365,772.6744,772.6744,-8.7379,0.0,3.561,0,0,0
1266,1266,test,faulty,8.4227,670.8079,689.1352,689.1352,-18.3273,0.0,3.561,0,0,0
1267,1267,test,faulty,8.7126,745.8889,739.2496,739.2496,6.6393,0.293,3.561,0,0,0
1268,1268,test,faulty,8.8433,781.4138,800.66,800.66,-19.2462,0.0,3.561,0,0,0
1269,1269,test,faulty,8.5176,694.8139,683.8223,683.8223,10.9916,0.7959,3.561,0,0,0
1270,1270,test,faulty,8.6673,733.8194,735.1136,735.1136,-1.2942,0.1722,3.561,0,0,0
1271,1271,test,faulty,8.7656,760.1565,761.5645,761.5645,-1.408,0.0,3.561,0,0,0
1272,1272,test,faulty,8.4201,670.1463,673.0235,673.0235,-2.8772,0.0,3.561,0,0,0
1273,1273,test,faulty,8.2922,638.6537,633.3566,633.3566,5.2971,0.1379,3.561,0,0,0
1274,1274,test,faulty,7.9591,561.0667,552.1593,552.1593,8.9074,0.6929,3.561,0,0,0
1275,1275,test,faulty,7.5925,482.8602,481.6281,481.6281,1.2322,0.3612,3.561,0,0,0
1276,1276,test,faulty,7.1246,393.4612,401.9933,401.9933,-8.5321,0.0,3.561,0,0,0
1277,1277,test,faulty,7.6812,501.1047,499.6826,499.6826,1.4222,0.0,3.561,0,0,0
1278,1278,test,faulty,7.7626,518.2415,521.8248,521.8248,-3.5833,0.0,3.561,0,0,0
1279,1279,test,faulty,7.7812,522.1961,526.2447,526.2447,-4.0486,0.0,3.561,0,0,0
1280,1280,test,faulty,7.9636,562.0766,574.1815,574.1815,-12.1049,0.0,3.561,0,0,0
1281,1281,test,faulty,7.5981,484.0105,475.6404,475.6404,8.3701,0.493,3.561,0,0,0
1282,1282,test,faulty,7.6849,501.8799,515.0249,515.0249,-13.145,0.0,3.561,0,0,0
1283,1283,test,faulty,7.2673,419.5299,435.3698,435.3698,-15.8399,0.0,3.561,0,0,0
1284,1284,test,faulty,7.8588,538.9367,530.0024,530.0024,8.9343,0.5581,3.561,0,0,0
1285,1285,test,faulty,7.8787,543.2778,552.5789,552.5789,-9.3011,0.0,3.561,0,0,0
1286,1286,test,faulty,7.7392,513.2843,498.7627,498.7627,14.5216,1.2037,3.561,0,0,0
1287,1287,test,faulty,7.473,458.9565,452.7109,452.7109,6.2456,1.4512,3.561,0,0,0
1288,1288,test,faulty,7.4896,462.2195,460.2623,460.2623,1.9571,1.2032,3.561,0,0,0
1289,1289,test,faulty,7.1249,393.5133,393.6431,393.6431,-0.1298,0.7141,3.561,0,0,0
1290,1290,test,faulty,7.3481,434.7618,420.1556,420.1556,14.6061,1.9276,3.561,0,0,0
1291,1291,test,faulty,7.4924,462.7756,457.2429,457.2429,5.5327,2.0927,3.561,0,0,0
1292,1292,test,faulty,7.8171,529.9008,517.2219,517.2219,12.6789,3.0835,3.561,0,0,0
1293,1293,test,faulty,8.1207,597.9144,605.8746,605.8746,-7.9601,1.6897,3.561,0,0,0
1294,1294,test,faulty,8.0825,589.0761,581.9515,581.9515,7.1247,2.0387,3.561,0,0,0
1295,1295,test,faulty,7.8387,534.5707,537.0551,537.0551,-2.4844,1.2775,3.561,0,0,0
1296,1296,test,faulty,8.1358,601.4329,597.7847,597.7847,3.6483,1.2249,3.561,0,0,0
1297,1297,test,faulty,8.0947,591.8812,596.3421,596.3421,-4.4609,0.2354,3.561,0,0,0
1298,1298,test,faulty,8.1058,594.4528,574.206,574.206,20.2468,2.1006,3.561,0,0,0
1299,1299,test,faulty,7.5527,474.8156,474.7328,474.7328,0.0828,1.636,3.561,0,0,0
1300,1300,test,faulty,7.5542,475.1249,463.6191,463.6191,11.5058,2.4913,3.561,0,0,0
1301,1301,test,faulty,7.2813,422.1468,414.7678,414.7678,7.379,2.8698,3.561,0,0,0
1302,1302,test,faulty,7.5659,477.4796,480.7815,480.7815,-3.3019,2.0141,3.561,0,0,0
1303,1303,test,faulty,7.2006,407.2184,414.1574,414.1574,-6.939,0.7383,3.561,0,0,0
1304,1304,test,faulty,8.0179,574.3108,567.4177,567.4177,6.8931,1.0606,3.561,0,0,0
1305,1305,test,faulty,8.3654,656.5721,652.7702,652.7702,3.8019,1.0257,3.561,0,0,0
1306,1306,test,faulty,8.1818,612.2232,628.3012,628.3012,-16.0781,0.0,3.561,0,0,0
1307,1307,test,faulty,8.1006,593.2483,594.1306,594.1306,-0.8823,0.0,3.561,0,0,0
1308,1308,test,faulty,8.0287,576.76,584.8416,584.8416,-8.0816,0.0,3.561,0,0,0
1309,1309,test,faulty,7.8822,544.048,552.5548,552.5548,-8.5068,0.0,3.561,0,0,0
1310,1310,test,faulty,7.9915,568.3331,574.8983,574.8983,-6.5652,0.0,3.561,0,0,0
1311,1311,test,faulty,7.8146,529.3541,528.551,528.551,0.8031,0.0,3.561,0,0,0
1312,1312,test,faulty,7.8817,543.9322,543.046,543.046,0.8863,0.0,3.561,0,0,0
1313,1313,test,faulty,7.7782,521.5587,528.6809,528.6809,-7.1222,0.0,3.561,0,0,0
1314,1314,test,faulty,7.5737,479.0499,457.4604,457.4604,21.5895,2.0203,3.561,0,0,0
1315,1315,test,faulty,7.7474,515.0173,509.1751,509.1751,5.8422,2.2212,3.561,0,0,0
1316,1316,test,faulty,7.5038,465.0322,468.7183,468.7183,-3.6861,1.3212,3.561,0,0,0
1317,1317,test,faulty,7.2194,410.6636,415.3948,415.3948,-4.7312,0.3004,3.561,0,0,0
1318,1318,test,faulty,6.7181,324.7607,329.8809,329.8809,-5.1202,0.0,3.561,0,0,0
1319,1319,test,faulty,7.3794,440.745,436.8368,436.8368,3.9083,0.0,3.561,0,0,0
1320,1320,test,faulty,7.454,455.2143,448.8453,448.8453,6.369,0.2618,3.561,0,0,0
1321,1321,test,faulty,7.8258,531.7692,520.6731,520.6731,11.0961,1.0697,3.561,0,0,0
1322,1322,test,faulty,8.1613,607.3942,609.2796,609.2796,-1.8854,0.3777,3.561,0,0,0
1323,1323,test,faulty,8.1317,600.4752,600.4806,600.4806,-0.0054,0.0,3.561,0,0,0
1324,1324,test,faulty,7.842,535.2742,536.2926,536.2926,-1.0184,0.0,3.561,0,0,0
1325,1325,test,faulty,8.2522,629.0005,611.1173,611.1173,17.8832,1.5921,3.561,0,0,0
1326,1326,test,faulty,7.9368,556.0983,553.0417,553.0417,3.0566,1.4711,3.561,0,0,0
1327,1327,test,faulty,7.5985,484.0867,475.6468,475.6468,8.4399,1.9722,3.561,0,0,0
1328,1328,test,faulty,7.1215,392.9171,400.7994,400.7994,-7.8824,0.5873,3.561,0,0,0
1329,1329,test,faulty,6.932,359.9005,365.7044,365.7044,-5.8039,0.0,3.561,0,0,0
1330,1330,test,faulty,7.2775,421.438,426.9012,426.9012,-5.4633,0.0,3.561,0,0,0
1331,1331,test,faulty,7.1101,390.8815,395.391,395.391,-4.5095,0.0,3.561,0,0,0
1332,1332,test,faulty,7.0776,385.1102,394.4997,394.4997,-9.3896,0.0,3.561,0,0,0
1333,1333,test,faulty,7.3315,431.6059,433.717,433.717,-2.111,0.0,3.561,0,0,0
1334,1334,test,faulty,7.0934,387.9081,381.4996,381.4996,6.4086,0.2663,3.561,0,0,0
1335,1335,test,faulty,7.2824,422.3558,423.6889,423.6889,-1.3331,0.0,3.561,0,0,0
1336,1336,test,faulty,7.0003,371.5948,372.1251,372.1251,-0.5303,0.0,3.561,0,0,0
1337,1337,test,faulty,6.6971,321.4327,324.3451,324.3451,-2.9125,0.0,3.561,0,0,0
1338,1338,test,faulty,6.8536,346.7675,350.8708,350.8708,-4.1033,0.0,3.561,0,0,0
1339,1339,test,faulty,7.324,430.1853,430.9105,430.9105,-0.7252,0.0,3.561,0,0,0
1340,1340,test,faulty,7.063,382.5271,384.5922,384.5922,-2.0651,0.0,3.561,0,0,0
1341,1341,test,faulty,7.4774,459.8115,459.5835,459.5835,0.2279,0.0,3.561,0,0,0
1342,1342,test,faulty,7.9271,553.9537,552.1044,552.1044,1.8493,0.0,3.561,0,0,0
1343,1343,test,faulty,7.5542,475.1238,466.4923,466.4923,8.6315,0.5232,3.561,0,0,0
1344,1344,test,faulty,7.8139,529.2005,523.3865,523.3865,5.8139,0.7208,3.561,0,0,0
1345,1345,test,faulty,8.0237,575.6142,572.0463,572.0463,3.5679,0.6589,3.561,0,0,0
1346,1346,test,faulty,8.0786,588.1745,602.5969,602.5969,-14.4224,0.0,3.561,0,0,0
1347,1347,test,faulty,7.8424,535.3658,533.6235,533.6235,1.7423,0.0,3.561,0,0,0
1348,1348,test,faulty,8.1359,601.4447,594.4236,594.4236,7.0211,0.3371,3.561,0,0,0
1349,1349,test,faulty,8.2576,630.3012,635.0954,635.0954,-4.7942,0.0,3.561,0,0,0
1350,1350,test,faulty,8.7811,764.3668,768.4255,768.4255,-4.0587,0.0,3.561,0,0,0
1351,1351,test,faulty,8.9183,802.2543,799.955,799.955,2.2993,0.0,3.561,0,0,0
1352,1352,test,faulty,8.5941,714.5797,722.392,722.392,-7.8123,0.0,3.561,0,0,0
1353,1353,test,faulty,8.3884,662.2666,654.359,654.359,7.9076,0.4395,3.561,0,0,0
1354,1354,test,faulty,8.2322,624.2059,615.1959,615.1959,9.01,1.0064,3.561,0,0,0
1355,1355,test,faulty,7.8095,528.2564,524.2217,524.2217,4.0346,0.9985,3.561,0,0,0
1356,1356,test,faulty,8.5285,697.61,694.6734,694.6734,2.9366,0.8636,3.561,0,0,0
1357,1357,test,faulty,8.657,731.0866,729.2001,729.2001,1.8864,0.6075,3.561,0,0,0
1358,1358,test,faulty,8.4498,677.6015,677.6409,677.6409,-0.0394,0.1288,3.561,0,0,0
1359,1359,test,faulty,8.5021,690.8568,698.33,698.33,-7.4732,0.0,3.561,0,0,0
1360,1360,test,faulty,7.9323,555.1034,555.7094,555.7094,-0.606,0.0,3.561,0,0,0
1361,1361,test,faulty,8.1792,611.6172,614.9478,614.9478,-3.3306,0.0,3.561,0,0,0
1362,1362,test,faulty,7.6707,498.93,496.9876,496.9876,1.9424,0.0,3.561,0,0,0
1363,1363,test,faulty,7.4587,456.1446,448.0056,448.0056,8.139,0.4663,3.561,0,0,0
1364,1364,test,faulty,7.3118,427.8695,427.4256,427.4256,0.4439,0.0434,3.561,0,0,0
1365,1365,test,faulty,6.9035,355.0935,347.1257,347.1257,7.9678,0.4899,3.561,0,0,0
1366,1366,test,faulty,7.0093,373.1575,378.7465,378.7465,-5.589,0.0,3.561,0,0,0
1367,1367,test,faulty,7.1993,406.984,404.838,404.838,2.146,0.0,3.561,0,0,0
1368,1368,test,faulty,7.2791,421.7342,413.371,413.371,8.3632,0.4922,3.561,0,1,1
1369,1369,test,faulty,7.096,388.3637,387.7071,387.7071,0.6566,0.0939,3.561,0,1,1
1370,1370,test,faulty,6.8478,345.8127,346.8862,346.8862,-1.0735,0.0,3.561,0,1,1
1371,1371,test,faulty,6.7886,336.107,331.9981,331.9981,4.1089,0.0006,3.561,0,1,1
1372,1372,test,faulty,6.5933,305.2615,296.8128,296.8128,8.4487,0.5027,3.561,0,1,1
1373,1373,test,faulty,6.5251,294.9065,292.3868,292.3868,2.5197,0.3197,3.561,0,1,1
1374,1374,test,faulty,6.3642,271.3286,267.1754,267.1754,4.1532,0.3254,3.561,0,1,1
1375,1375,test,faulty,6.887,352.329,348.1961,348.1961,4.133,0.3288,3.561,0,1,1
1376,1376,test,faulty,6.6469,313.5365,291.1335,291.1335,22.403,2.4431,3.561,0,1,1
1377,1377,test,faulty,6.6858,319.643,313.4484,313.4484,6.1946,2.6847,3.561,0,1,1
1378,1378,test,faulty,6.9117,356.4709,373.4796,373.4796,-17.0087,0.2454,3.561,0,1,1
1379,1379,test,faulty,7.3884,442.4653,455.2694,455.2694,-12.8041,0.0,3.561,0,1,1
1380,1380,test,faulty,7.3065,426.8733,435.3427,435.3427,-8.4694,0.0,3.561,0,1,1
1381,1381,test,faulty,7.6083,486.0843,484.1963,484.1963,1.8879,0.0,3.561,0,1,1
1382,1382,test,faulty,7.7258,510.4513,518.5471,518.5471,-8.0958,0.0,3.561,0,1,1
1383,1383,test,faulty,7.6677,498.3078,502.7856,502.7856,-4.4778,0.0,3.561,0,1,1
1384,1384,test,faulty,7.955,560.1475,560.3919,560.3919,-0.2444,0.0,3.561,0,1,1
1385,1385,test,faulty,8.1889,613.9208,613.7071,613.7071,0.2137,0.0,3.561,0,1,1
1386,1386,test,faulty,8.6891,739.5978,739.6782,739.6782,-0.0804,0.0,3.561,0,1,1
1387,1387,test,faulty,8.733,751.3591,737.2657,737.2657,14.0934,1.1542,3.561,0,1,1
1388,1388,test,faulty,8.3477,652.2128,660.1805,660.1805,-7.9676,0.0,3.561,0,1,1
1389,1389,test,faulty,8.5347,699.2018,706.2406,706.2406,-7.0388,0.0,3.561,0,1,1
1390,1390,test,faulty,8.6793,736.9854,738.9698,738.9698,-1.9844,0.0,3.561,0,1,1
1391,1391,test,faulty,9.0042,826.6,829.3072,829.3072,-2.7072,0.0,3.561,0,1,1
1392,1392,test,faulty,8.7928,767.5562,760.6582,760.6582,6.898,0.3229,3.561,0,1,1
1393,1393,test,faulty,8.4836,686.1542,685.0422,685.0422,1.1119,0.0,3.561,0,1,1
1394,1394,test,faulty,8.7367,752.3353,746.8023,746.8023,5.533,0.1652,3.561,0,1,1
1395,1395,test,faulty,8.3577,654.6757,646.2233,646.2233,8.4524,0.6676,3.561,0,1,1
1396,1396,test,faulty,9.2283,892.3086,894.317,894.317,-2.0084,0.0,3.561,0,1,1
1397,1397,test,faulty,9.5447,990.6444,1008.1157,1008.1157,-17.4713,0.0,3.561,0,1,1
1398,1398,test,faulty,9.8882,1105.0309,1119.0056,1119.0056,-13.9747,0.0,3.561,0,1,1
1399,1399,test,faulty,9.4497,960.4216,960.6034,960.6034,-0.1817,0.0,3.561,0,1,1
1400,1400,test,faulty,9.8303,1085.1915,1081.336,1081.336,3.8555,0.0,3.561,0,1,1
1401,1401,test,faulty,9.4471,959.5964,975.9949,975.9949,-16.3985,0.0,3.561,0,1,1
1402,1402,test,faulty,9.5923,1006.0189,998.6662,998.6662,7.3527,0.3754,3.561,0,1,1
1403,1403,test,faulty,9.6168,1013.9695,1008.0003,1008.0003,5.9692,0.591,3.561,0,1,1
1404,1404,test,faulty,9.9406,1123.2147,1126.052,1126.052,-2.8374,0.0,3.561,0,1,1
1405,1405,test,faulty,9.4748,968.3501,983.3118,983.3118,-14.9617,0.0,3.561,0,1,1
1406,1406,test,faulty,9.434,955.4834,967.7945,967.7945,-12.3111,0.0,3.561,0,1,1
1407,1407,test,faulty,8.8733,789.713,773.4637,773.4637,16.2493,1.4033,3.561,0,1,1
1408,1408,test,faulty,8.5988,715.7989,700.0563,700.0563,15.7426,2.7481,3.561,0,1,1
1409,1409,test,faulty,8.4568,679.3659,669.3072,669.3072,10.0587,3.4362,3.561,0,1,1
1410,1410,test,faulty,8.4139,668.6146,677.6245,677.6245,-9.01,1.921,3.561,0,1,1
1411,1411,test,faulty,8.2868,637.3583,629.739,629.739,7.6193,2.3272,3.561,0,1,1
1412,1412,test,faulty,8.1553,605.9952,599.9053,599.9053,6.0898,2.5567,3.561,0,1,1
1413,1413,test,faulty,7.6297,490.4631,499.4242,499.4242,-8.9611,1.0473,3.561,0,1,1
1414,1414,test,faulty,7.9052,549.1013,540.6867,540.6867,8.4146,1.5454,3.561,0,1,1
1415,1415,test,faulty,8.2179,620.8018,632.6621,632.6621,-11.8603,0.0,3.561,0,1,1
1416,1416,test,faulty,7.589,482.1473,466.677,466.677,15.4703,1.3133,3.561,0,1,1
1417,1417,test,faulty,7.4222,449.001,443.4837,443.4837,5.5173,1.4767,3.561,0,1,1
1418,1418,test,faulty,7.3164,428.7496,438.9172,438.9172,-10.1677,0.0,3.561,0,1,1
1419,1419,test,faulty,7.3576,436.5602,427.8622,427.8622,8.698,0.5309,3.561,0,1,1
1420,1420,test,faulty,8.2677,632.7361,634.4271,634.4271,-1.691,0.0,3.561,0,1,1
1421,1421,test,faulty,8.488,687.2671,693.7319,693.7319,-6.4648,0.0,3.561,0,1,1
1422,1422,test,faulty,8.1469,604.0341,609.8411,609.8411,-5.8071,0.0,3.561,0,1,1
1423,1423,test,faulty,8.3175,644.8187,648.075,648.075,-3.2563,0.0,3.561,0,1,1
1424,1424,test,faulty,8.1627,607.7459,611.033,611.033,-3.2871,0.0,3.561,0,1,1
1425,1425,test,faulty,8.1193,597.5924,602.8145,602.8145,-5.222,0.0,3.561,0,1,1
1426,1426,test,faulty,8.4243,671.2076,671.8257,671.8257,-0.6181,0.0,3.561,0,1,1
1427,1427,test,faulty,8.9722,817.4823,812.9999,812.9999,4.4824,0.0438,3.561,0,1,1
1428,1428,test,faulty,9.4426,958.168,973.1538,973.1538,-14.9858,0.0,3.561,0,1,1
1429,1429,test,faulty,9.106,856.0411,846.4689,846.4689,9.5722,0.6319,3.561,0,1,1
1430,1430,test,faulty,9.2401,895.8302,895.9289,895.9289,-0.0987,0.1463,3.561,0,1,1
1431,1431,test,faulty,9.0908,851.6016,845.0879,845.0879,6.5137,0.4248,3.561,0,1,1
1432,1432,test,faulty,8.8972,796.3467,793.4857,793.4857,2.861,0.2812,3.561,0,1,1
1433,1433,test,faulty,8.5623,706.3274,714.3196,714.3196,-7.9923,0.0,3.561,0,1,1
1434,1434,test,faulty,8.8524,783.9029,769.8657,769.8657,14.0371,1.1477,3.561,0,1,1
1435,1435,test,faulty,8.8084,771.8187,758.7846,758.7846,13.034,2.1796,3.561,0,1,1
1436,1436,test,faulty,8.485,686.5124,689.3009,689.3009,-2.7885,1.3833,3.561,0,1,1
1437,1437,test,faulty,8.2663,632.3893,632.2808,632.2808,0.1085,0.9217,3.561,0,1,1
1438,1438,test,faulty,8.2264,622.8291,623.0358,623.0358,-0.2067,0.4237,3.561,0,1,1
1439,1439,test,faulty,8.0492,581.4169,579.3709,579.3709,2.0459,0.1859,3.561,0,1,1
1440,1440,test,faulty,7.7578,517.2125,520.7831,520.7831,-3.5707,0.0,3.561,0,1,1
1441,1441,test,faulty,7.3983,444.3722,440.7878,440.7878,3.5844,0.0,3.561,0,1,1
1442,1442,test,faulty,7.3802,440.9017,449.4243,449.4243,-8.5226,0.0,3.561,0,1,1
1443,1443,test,faulty,7.8798,543.5165,541.6715,541.6715,1.845,0.0,3.561,0,1,1
1444,1444,test,faulty,8.2785,635.3332,622.9882,622.9882,12.3449,0.9522,3.561,0,1,1
1445,1445,test,faulty,8.0754,587.4463,577.6574,577.6574,9.7889,1.6091,3.561,0,1,1
1446,1446,test,faulty,7.8766,542.8183,545.9721,545.9721,-3.1538,0.7706,3.561,0,1,1
1447,1447,test,faulty,7.894,546.6493,538.6955,538.6955,7.9538,1.2154,3.561,0,1,1
1448,1448,test,faulty,7.6951,504.0055,489.8396,489.8396,14.1659,2.3781,3.561,0,1,1
1449,1449,test,faulty,7.9686,563.196,566.1155,566.1155,-2.9194,1.5666,3.561,0,1,1
1450,1450,test,faulty,8.026,576.1522,575.2967,575.2967,0.8555,1.1913,3.561,0,1,1
1451,1451,test,faulty,8.0916,591.176,597.3813,597.3813,-6.2053,0.0003,3.561,0,1,1
1452,1452,test,faulty,7.831,532.9072,543.7467,543.7467,-10.8395,0.0,3.561,0,1,1
1453,1453,test,faulty,7.3389,433.0015,420.557,420.557,12.4446,0.9637,3.561,0,1,1
1454,1454,test,faulty,7.5698,478.2671,481.1981,481.1981,-2.931,0.151,3.561,0,1,1
1455,1455,test,faulty,8.058,583.4338,576.3156,576.3156,7.1182,0.4993,3.561,0,1,1
1456,1456,test,faulty,8.1319,600.5298,597.8064,597.8064,2.7234,0.3398,3.561,0,1,1
1457,1457,test,faulty,7.7544,516.4882,519.0518,519.0518,-2.5636,0.0,3.561,0,1,1
1458,1458,test,faulty,7.186,404.5487,405.3479,405.3479,-0.7992,0.0,3.561,0,1,1
1459,1459,test,faulty,7.828,532.2613,529.4697,529.4697,2.7916,0.0,3.561,0,1,1
1460,1460,test,faulty,7.9535,559.8139,559.8944,559.8944,-0.0805,0.0,3.561,0,1,1
1461,1461,test,faulty,7.9374,556.2228,557.1949,557.1949,-0.9721,0.0,3.561,0,1,1
1462,1462,test,faulty,7.5429,472.85,446.8818,446.8818,25.9682,2.5263,3.561,0,1,1
1463,1463,test,faulty,7.4803,460.3968,466.837,466.837,-6.4402,1.308,3.561,0,1,1
1464,1464,test,faulty,7.5452,473.3049,478.2504,478.2504,-4.9455,0.2625,3.561,0,1,1
1465,1465,test,faulty,7.0593,381.8888,384.0421,384.0421,-2.1533,0.0,3.561,0,1,1
1466,1466,test,faulty,6.8953,353.7118,351.8584,351.8584,1.8534,0.0,3.561,0,1,1
1467,1467,test,faulty,6.5802,303.2504,315.233,315.233,-11.9825,0.0,3.561,0,1,1
1468,1468,test,faulty,6.3843,274.2178,270.8095,270.8095,3.4083,0.0,3.561,0,1,1
1469,1469,test,faulty,5.9682,218.2096,221.8154,221.8154,-3.6058,0.0,3.561,0,1,1
1470,1470,test,faulty,5.9348,214.033,207.6112,207.6112,6.4219,0.2679,3.561,0,1,1
1471,1471,test,faulty,5.8183,199.8414,183.5451,183.5451,16.2963,1.6766,3.561,0,1,1
1472,1472,test,faulty,5.9488,215.7783,216.9695,216.9695,-1.1912,1.0649,3.561,0,1,1
1473,1473,test,faulty,5.9214,212.3696,214.5804,214.5804,-2.2107,0.3353,3.561,0,1,1
1474,1474,test,faulty,5.6303,178.1136,162.2688,162.2688,15.8448,1.6919,3.561,0,1,1
1475,1475,test,faulty,5.3464,147.9379,158.0082,158.0082,-10.0703,0.0543,3.561,0,1,1
1476,1476,test,faulty,5.1518,129.0275,132.9151,132.9151,-3.8876,0.0,3.561,0,1,1
1477,1477,test,faulty,5.1905,132.6711,134.0832,134.0832,-1.4121,0.0,3.561,0,1,1
1478,1478,test,faulty,5.3813,151.4774,143.0066,143.0066,8.4708,0.5046,3.561,0,1,1
1479,1479,test,faulty,5.6238,177.3831,166.4095,166.4095,10.9737,1.2984,3.561,0,1,1
1480,1480,test,faulty,5.8712,206.2142,203.6088,203.6088,2.6053,1.1253,3.561,0,1,1
1481,1481,test,faulty,5.5607,170.4197,170.9035,170.9035,-0.4837,0.5953,3.561,0,1,1
1482,1482,test,faulty,5.5746,171.9464,168.2229,168.2229,3.7235,0.5514,3.561,0,1,1
1483,1483,test,faulty,5.47,160.6858,159.305,159.305,1.3808,0.2368,3.561,0,1,1
1484,1484,test,faulty,5.4908,162.8927,165.1049,165.1049,-2.2122,0.0,3.561,0,1,1
1485,1485,test,faulty,6.1424,240.7376,241.6127,241.6127,-0.8751,0.0,3.561,0,1,1
1486,1486,test,faulty,6.2962,261.7167,264.7705,264.7705,-3.0538,0.0,3.561,0,1,1
1487,1487,test,faulty,6.5302,295.6806,293.8081,293.8081,1.8725,0.0,3.561,0,1,1
1488,1488,test,faulty,6.1368,239.9982,224.9802,224.9802,15.018,1.2611,3.561,0,1,1
1489,1489,test,faulty,6.0864,233.3493,235.3082,235.3082,-1.9589,0.5606,3.561,0,1,1
1490,1490,test,faulty,6.3213,265.2509,267.2714,267.2714,-2.0205,0.0,3.561,0,1,1
1491,1491,test,faulty,6.4043,277.1056,284.2588,284.2588,-7.1532,0.0,3.561,0,1,1
1492,1492,test,faulty,6.1346,239.6986,242.128,242.128,-2.4294,0.0,3.561,0,1,1
1493,1493,test,faulty,6.2192,251.0802,240.7615,240.7615,10.3187,0.7181,3.561,0,1,1
1494,1494,test,faulty,6.1461,241.23,244.2605,244.2605,-3.0306,0.0,3.561,0,1,1
1495,1495,test,faulty,6.38,273.6017,282.491,282.491,-8.8894,0.0,3.561,0,1,1
1496,1496,test,faulty,6.5343,296.2913,310.5964,310.5964,-14.3051,0.0,3.561,0,1,1
1497,1497,test,faulty,6.3829,274.0071,273.0821,273.0821,0.9251,0.0,3.561,0,1,1
1498,1498,test,faulty,6.787,335.8369,336.9948,336.9948,-1.1579,0.0,3.561,0,1,1
1499,1499,test,faulty,6.6948,321.0574,320.1279,320.1279,0.9295,0.0,3.561,0,1,1
1500,1500,test,faulty,6.4587,285.0309,293.3933,293.3933,-8.3624,0.0,3.561,0,1,1
1501,1501,test,faulty,5.992,221.2064,224.2275,224.2275,-3.021,0.0,3.561,0,1,1
1502,1502,test,faulty,6.0874,233.4837,253.513,253.513,-20.0293,0.0,3.561,0,1,1
1503,1503,test,faulty,6.1033,235.5698,236.8045,236.8045,-1.2347,0.0,3.561,0,1,1
1504,1504,test,faulty,5.6711,182.7064,179.7544,179.7544,2.952,0.0,3.561,0,1,1
1505,1505,test,faulty,5.5637,170.755,180.2174,180.2174,-9.4624,0.0,3.561,0,1,1
1506,1506,test,faulty,5.3883,152.1944,157.9759,157.9759,-5.7815,0.0,3.561,0,1,1
1507,1507,test,faulty,5.5346,167.5851,161.4287,161.4287,6.1564,0.2372,3.561,0,1,1
1508,1508,test,faulty,6.1157,237.193,237.231,237.231,-0.0381,0.0,3.561,0,1,1
1509,1509,test,faulty,5.9402,214.6979,209.708,209.708,4.9899,0.1024,3.561,0,1,1
1510,1510,test,faulty,6.5709,301.8334,289.1823,289.1823,12.6511,1.09,3.561,0,1,1
1511,1511,test,faulty,6.4642,285.8425,289.6989,289.6989,-3.8565,0.1703,3.561,0,1,1
1512,1512,test,faulty,6.7463,329.2746,323.667,323.667,5.6076,0.3441,3.561,0,1,1
1513,1513,test,faulty,6.5389,296.9861,297.4717,297.4717,-0.4855,0.0,3.561,0,1,1
1514,1514,test,faulty,6.4956,290.4982,294.7344,294.7344,-4.2362,0.0,3.561,0,1,1
1515,1515,test,faulty,6.566,301.0882,294.7086,294.7086,6.3796,0.263,3.561,0,1,1
1516,1516,test,faulty,6.658,315.2751,320.6281,320.6281,-5.353,0.0,3.561,0,1,1
1517,1517,test,faulty,6.9168,357.3407,353.0522,353.0522,4.2885,0.0214,3.561,0,1,1
1518,1518,test,faulty,6.3847,274.2778,275.6931,275.6931,-1.4153,0.0,3.561,0,1,1
1519,1519,test,faulty,6.4253,280.1493,275.9847,275.9847,4.1646,0.0071,3.561,0,1,1
1520,1520,test,faulty,6.0575,229.5919,220.2103,220.2103,9.3816,0.6169,3.561,0,1,1
1521,1521,test,faulty,6.6223,309.7175,291.5919,291.5919,18.1256,2.237,3.561,0,1,1
1522,1522,test,faulty,7.4776,459.85,453.2189,453.2189,6.6311,2.529,3.561,0,1,1
1523,1523,test,faulty,7.8296,532.601,525.6328,525.6328,6.9682,2.86,3.561,0,1,1
1524,1524,test,faulty,7.9722,564.0079,583.5967,583.5967,-19.5888,0.1226,3.561,0,1,1
1525,1525,test,faulty,7.4216,448.8929,445.5007,445.5007,3.3921,0.0404,3.561,0,1,1
1526,1526,test,faulty,7.8599,539.1704,540.6033,540.6033,-1.4329,0.0,3.561,0,1,1
1527,1527,test,faulty,7.8121,528.8207,522.6771,522.6771,6.1436,0.2357,3.561,0,1,1
1528,1528,test,faulty,7.4708,458.5121,466.9372,466.9372,-8.4251,0.0,3.561,0,1,1
1529,1529,test,faulty,7.6584,496.3769,501.2476,501.2476,-4.8707,0.0,3.561,0,1,1
1530,1530,test,faulty,7.8454,536.0303,536.835,536.835,-0.8047,0.0,3.561,0,1,1
1531,1531,test,faulty,8.1139,596.3289,597.2309,597.2309,-0.902,0.0,3.561,0,1,1
1532,1532,test,faulty,8.6938,740.8568,721.2701,721.2701,19.5866,1.7889,3.561,0,1,1
1533,1533,test,faulty,8.528,697.4852,689.5088,689.5088,7.9764,2.2364,3.561,0,1,1
1534,1534,test,faulty,8.3924,663.2612,659.9585,659.9585,3.3027,2.1439,3.561,0,1,1
1535,1535,test,faulty,8.6123,719.3216,732.5447,732.5447,-13.223,0.142,3.561,0,1,1
1536,1536,test,faulty,8.4706,682.8608,699.9301,699.9301,-17.0693,0.0,3.561,0,1,1
1537,1537,test,faulty,8.3908,662.8537,656.8088,656.8088,6.0448,0.2243,3.561,0,1,1
1538,1538,test,faulty,8.154,605.7001,608.1687,608.1687,-2.4686,0.0,3.561,0,1,1
1539,1539,test,faulty,8.357,654.5075,655.2199,655.2199,-0.7124,0.0,3.561,0,1,1
1540,1540,test,faulty,8.5649,707.0035,725.4141,725.4141,-18.4105,0.0,3.561,0,1,1
1541,1541,test,faulty,8.1414,602.7303,595.6872,595.6872,7.0431,0.3396,3.561,0,1,1
1542,1542,test,faulty,7.9313,554.8709,556.0666,556.0666,-1.1957,0.0,3.561,0,1,1
1543,1543,test,faulty,7.6761,500.0533,503.4203,503.4203,-3.367,0.0,3.561,0,1,1
1544,1544,test,faulty,7.8063,527.5674,525.5671,525.5671,2.0003,0.0,3.561,0,1,1
1545,1545,test,faulty,7.7106,507.2532,502.6279,502.6279,4.6253,0.0603,3.561,0,1,1
1546,1546,test,faulty,7.8026,526.7814,529.3699,529.3699,-2.5885,0.0,3.561,0,1,1
1547,1547,test,faulty,7.6254,489.5773,491.3608,491.3608,-1.7835,0.0,3.561,0,1,1
1548,1548,test,faulty,7.168,401.2771,393.5865,393.5865,7.6906,0.4145,3.561,0,1,1
1549,1549,test,faulty,7.2047,407.9646,403.4092,403.4092,4.5554,0.4667,3.561,0,1,1
1550,1550,test,faulty,7.2666,419.3941,420.9779,420.9779,-1.5838,0.0,3.561,0,1,1
1551,1551,test,faulty,7.1142,391.6153,386.8759,386.8759,4.7394,0.0735,3.561,0,1,1
1552,1552,test,faulty,7.1479,397.6606,407.9844,407.9844,-10.3238,0.0,3.561,0,1,1
1553,1553,test,faulty,7.2966,425.0051,415.5434,415.5434,9.4617,0.6191,3.561,0,1,1
1554,1554,test,faulty,8.1171,597.0696,588.0067,588.0067,9.0629,1.1921,3.561,0,1,1
1555,1555,test,faulty,7.7895,523.9762,530.4893,530.4893,-6.5131,0.0,3.561,0,1,1
1556,1556,test,faulty,7.7576,517.1662,514.1481,514.1481,3.0181,0.0,3.561,0,1,1
1557,1557,test,faulty,7.4296,450.448,445.7354,445.7354,4.7126,0.0704,3.561,0,1,1
1558,1558,test,faulty,7.5793,480.1819,486.8981,486.8981,-6.7162,0.0,3.561,0,1,1
1559,1559,test,faulty,7.2256,411.809,407.2679,407.2679,4.5411,0.0506,3.561,0,1,1
1560,1560,test,faulty,6.9808,368.2315,351.778,351.778,16.4535,1.4775,3.561,0,1,1
1561,1561,test,faulty,7.2908,423.9209,421.4447,421.4447,2.4763,1.2895,3.561,0,1,1
1562,1562,test,faulty,7.0678,383.3849,388.7161,388.7161,-5.3312,0.1994,3.561,0,1,1
1563,1563,test,faulty,7.7829,522.5665,522.1295,522.1295,0.437,0.0,3.561,0,1,1
1564,1564,test,faulty,7.6374,492.0473,503.6725,503.6725,-11.6252,0.0,3.561,0,1,1
1565,1565,test,faulty,7.3852,441.852,443.2903,443.2903,-1.4383,0.0,3.561,0,1,1
1566,1566,test,faulty,7.2059,408.1851,409.6781,409.6781,-1.493,0.0,3.561,0,1,1
1567,1567,test,faulty,7.4295,450.4314,461.798,461.798,-11.3666,0.0,3.561,0,1,1
1568,1568,test,faulty,7.5709,478.494,471.9775,471.9775,6.5165,0.2788,3.561,0,1,1
1569,1569,test,faulty,7.9051,549.0913,521.8359,521.8359,27.2555,2.9538,3.561,0,1,1
1570,1570,test,faulty,7.51,466.2784,468.6208,468.6208,-2.3424,2.209,3.561,0,1,1
1571,1571,test,faulty,7.431,450.7268,457.0805,457.0805,-6.3537,1.0008,3.561,0,1,1
1572,1572,test,faulty,7.1939,406.0019,407.0354,407.0354,-1.0335,0.4073,3.561,0,1,1
1573,1573,test,faulty,7.2264,411.9613,402.4898,402.4898,9.4716,1.0275,3.561,0,1,1
1574,1574,test,faulty,7.3074,427.0485,431.3456,431.3456,-4.2971,0.0569,3.561,0,1,1
1575,1575,test,faulty,6.8986,354.2805,364.0827,364.0827,-9.8022,0.0,3.561,0,1,1
1576,1576,test,faulty,6.5322,295.9804,297.617,297.617,-1.6366,0.0,3.561,0,1,1
1577,1577,test,faulty,6.403,276.9063,267.8136,267.8136,9.0928,0.5765,3.561,0,1,1
1578,1578,test,faulty,6.3629,271.1533,267.3089,267.3089,3.8444,0.5465,3.561,0,1,1
1579,1579,test,faulty,6.0997,235.0937,237.3596,237.3596,-2.2659,0.0,3.561,0,1,1
1580,1580,test,faulty,6.3771,273.1738,259.7337,259.7337,13.4401,1.0787,3.561,0,1,1
1581,1581,test,faulty,6.6357,311.8018,319.5155,319.5155,-7.7137,0.0,3.561,0,1,1
1582,1582,test,faulty,6.4569,284.7778,271.9121,271.9121,12.8657,1.0124,3.561,0,1,1
1583,1583,test,faulty,6.3921,275.3379,290.3146,290.3146,-14.9766,0.0,3.561,0,1,1
1584,1584,test,faulty,6.2536,255.8099,249.4268,249.4268,6.3831,0.2634,3.561,0,1,1
1585,1585,test,faulty,6.1706,244.5058,250.9378,250.9378,-6.432,0.0,3.561,0,1,1
1586,1586,test,faulty,6.3649,271.4327,273.8887,273.8887,-2.456,0.0,3.561,0,1,1
1587,1587,test,faulty,6.9103,356.2383,337.9305,337.9305,18.3078,1.6412,3.561,0,1,1
1588,1588,test,faulty,6.7226,325.4688,329.2768,329.2768,-3.808,0.7271,3.561,0,1,1
1589,1589,test,faulty,6.4533,284.2385,276.5201,276.5201,7.7184,1.1447,3.561,0,1,1
1590,1590,test,faulty,6.5096,292.5894,287.7628,287.7628,4.8266,1.2283,3.561,0,1,1
1591,1591,test,faulty,6.7594,331.3664,331.7161,331.7161,-0.3498,0.7137,3.561,0,1,1
1592,1592,test,faulty,6.5133,293.1352,277.9585,277.9585,15.1767,1.9931,3.561,0,1,1
1593,1593,test,faulty,6.922,358.2071,353.6816,353.6816,4.5255,2.0419,3.561,0,1,1
1594,1594,test,faulty,7.2915,424.0516,425.4015,425.4015,-1.3499,1.4118,3.561,0,1,1
1595,1595,test,faulty,7.242,414.8448,420.1626,420.1626,-5.3177,0.3233,3.561,0,1,1
1596,1596,test,faulty,7.2802,421.9337,428.8001,428.8001,-6.8665,0.0,3.561,0,1,1
1597,1597,test,faulty,7.0751,384.6747,387.1126,387.1126,-2.438,0.0,3.561,0,1,1
1598,1598,test,faulty,7.9839,566.631,540.9386,540.9386,25.6925,2.4944,3.561,0,1,1
1599,1599,test,faulty,7.5363,471.5168,473.0753,473.0753,-1.5584,1.8402,3.561,0,1,1
1600,1600,test,faulty,7.7451,514.5196,504.4309,504.4309,10.0887,2.5317,3.561,0,1,1
1601,1601,test,faulty,7.7267,510.6493,493.4916,493.4916,17.1577,4.04,3.561,1,1,1
1602,1602,test,faulty,8.4811,685.5257,686.1718,686.1718,-0.6461,3.4912,3.561,0,1,1
1603,1603,test,faulty,8.5156,694.3129,700.4604,700.4604,-6.1474,2.3068,3.561,0,1,1
1604,1604,test,faulty,8.4284,672.2327,669.3351,669.3351,2.8976,2.1675,3.561,0,1,1
1605,1605,test,faulty,7.9235,553.1468,548.5224,548.5224,4.6245,2.2277,3.561,0,1,1
1606,1606,test,faulty,8.2154,620.2003,608.2555,608.2555,11.9448,3.1337,3.561,0,1,1
1607,1607,test,faulty,8.5907,713.6922,706.7348,706.7348,6.9574,3.4634,3.561,0,1,1
1608,1608,test,faulty,8.1772,611.1439,614.6397,614.6397,-3.4957,2.5854,3.561,0,1,1
1609,1609,test,faulty,7.7292,511.1735,510.5555,510.5555,0.618,2.1827,3.561,0,1,1
1610,1610,test,faulty,7.7126,507.6802,507.1668,507.1668,0.5134,1.7679,3.561,0,1,1
1611,1611,test,faulty,7.681,501.0661,494.9103,494.9103,6.1558,2.005,3.561,0,1,1
1612,1612,test,faulty,7.3231,430.0141,423.2866,423.2866,6.7276,2.3082,3.561,0,1,1
1613,1613,test,faulty,7.3707,439.0621,431.3558,431.3558,7.7063,2.7245,3.561,0,1,1
1614,1614,test,faulty,7.4239,449.3484,435.4201,435.4201,13.9282,3.8596,3.561,1,1,1
1615,1615,test,faulty,7.4888,462.0758,471.1097,471.1097,-9.0339,2.3417,3.561,0,1,1
1616,1616,test,faulty,7.7466,514.8323,500.148,500.148,14.6844,3.5642,3.561,1,1,1
1617,1617,test,faulty,7.9453,557.9951,566.2311,566.2311,-8.236,2.1385,3.561,0,1,1
1618,1618,test,faulty,8.0309,577.2507,579.8327,579.8327,-2.582,1.3661,3.561,0,1,1
1619,1619,test,faulty,8.576,709.863,698.4669,698.4669,11.3961,2.2086,3.561,0,1,1
1620,1620,test,faulty,8.5214,695.8,699.4135,699.4135,-3.6134,1.317,3.561,0,1,1
1621,1621,test,faulty,8.1988,616.2611,618.6238,618.6238,-2.3627,0.5699,3.561,0,1,1
1622,1622,test,faulty,7.8105,528.4688,532.8172,532.8172,-4.3484,0.0,3.561,0,1,1
1623,1623,test,faulty,8.222,621.7711,618.0547,618.0547,3.7164,0.0,3.561,0,1,1
1624,1624,test,faulty,8.2878,637.5916,631.0498,631.0498,6.5418,0.2817,3.561,0,1,1
1625,1625,test,faulty,7.8935,546.5335,541.9115,541.9115,4.622,0.3416,3.561,0,1,1
1626,1626,test,faulty,7.4146,447.5394,444.7556,444.7556,2.7839,0.1892,3.561,0,1,1
1627,1627,test,faulty,7.594,483.1714,469.4871,469.4871,13.6843,1.2961,3.561,0,1,1
1628,1628,test,faulty,7.9322,555.0861,561.5653,561.5653,-6.4792,0.0734,3.561,0,1,1
1629,1629,test,faulty,7.5983,484.0541,475.6402,475.6402,8.4139,0.5714,3.561,0,1,1
1630,1630,test,faulty,7.7854,523.1024,532.3715,532.3715,-9.2692,0.0,3.561,0,1,1
1631,1631,test,faulty,7.6291,490.3467,497.8659,497.8659,-7.5191,0.0,3.561,0,1,1
1632,1632,test,faulty,7.2197,410.7273,392.3708,392.3708,18.3565,1.6468,3.561,0,1,1
1633,1633,test,faulty,7.4876,461.8358,451.4872,451.4872,10.3486,2.3684,3.561,0,1,1
1634,1634,test,faulty,7.6837,501.637,492.9516,492.9516,8.6853,2.8977,3.561,0,1,1
1635,1635,test,faulty,7.6093,486.2825,483.8043,483.8043,2.4782,2.71,3.561,0,1,1
1636,1636,test,faulty,8.1324,600.6483,589.0293,589.0293,11.6189,3.5783,3.561,1,1,1
1637,1637,test,faulty,8.0759,587.5559,589.1875,589.1875,-1.6316,2.9156,3.561,0,1,1
1638,1638,test,faulty,7.9644,562.2611,556.7808,556.7808,5.4803,3.0747,3.561,0,1,1
1639,1639,test,faulty,7.9869,567.3053,554.6678,554.6678,12.6375,4.0607,3.561,1,1,1
1640,1640,test,faulty,7.7424,513.9472,518.6192,518.6192,-4.6719,3.0468,3.561,0,1,1
1641,1641,test,faulty,7.5814,480.621,471.4285,471.4285,9.1925,3.6348,3.561,1,1,1
1642,1642,test,faulty,7.5056,465.4048,468.2525,468.2525,-2.8476,2.8317,3.561,0,1,1
1643,1643,test,faulty,7.2299,412.5983,426.3925,426.3925,-13.7942,0.7637,3.561,0,1,1
1644,1644,test,faulty,7.6556,495.8062,492.9795,492.9795,2.8267,0.6162,3.561,0,1,1
1645,1645,test,faulty,7.9885,567.6645,561.1584,561.1584,6.5061,0.8938,3.561,0,1,1
1646,1646,test,faulty,8.1578,606.5743,589.3424,589.3424,17.2319,2.4107,3.561,0,1,1
1647,1647,test,faulty,8.4555,679.0518,680.5066,680.5066,-1.4548,1.7685,3.561,0,1,1
1648,1648,test,faulty,8.0157,573.8151,568.208,568.208,5.6071,1.9422,3.561,0,1,1
1649,1649,test,faulty,7.6641,497.5649,493.933,493.933,3.6318,1.8877,3.561,0,1,1
1650,1650,test,faulty,7.2905,423.8754,431.0158,431.0158,-7.1404,0.5885,3.561,0,1,1
1651,1651,test,faulty,7.4047,445.6171,434.3718,434.3718,11.2453,1.4137,3.561,0,1,1
1652,1652,test,faulty,7.1016,389.3551,391.9933,391.9933,-2.6382,0.6348,3.561,0,1,1
1653,1653,test,faulty,6.721,325.2275,335.7209,335.7209,-10.4934,0.0,3.561,0,1,1
1654,1654,test,faulty,6.553,299.11,304.9084,304.9084,-5.7983,0.0,3.561,0,1,1
1655,1655,test,faulty,6.3241,265.6412,256.7799,256.7799,8.8613,0.5497,3.561,0,1,1
1656,1656,test,faulty,6.2607,256.792,265.2946,265.2946,-8.5025,0.0,3.561,0,1,1
1657,1657,test,faulty,7.2688,419.8198,415.1394,415.1394,4.6804,0.0667,3.561,0,1,1
1658,1658,test,faulty,7.4475,453.9445,464.0189,464.0189,-10.0744,0.0,3.561,0,1,1
1659,1659,test,faulty,7.6894,502.8237,501.9036,501.9036,0.9201,0.0,3.561,0,1,1
1660,1660,test,faulty,7.6481,494.2474,501.0617,501.0617,-6.8143,0.0,3.561,0,1,1
1661,1661,test,faulty,7.582,480.738,463.3863,463.3863,17.3517,1.5307,3.561,0,1,1
1662,1662,test,faulty,7.1867,404.6756,403.8286,403.8286,0.847,1.1544,3.561,0,1,1
1663,1663,test,faulty,7.4476,453.9562,433.2163,433.2163,20.7399,3.0766,3.561,0,1,1
1664,1664,test,faulty,6.9628,365.1514,366.7857,366.7857,-1.6343,2.4137,3.561,0,1,1
1665,1665,test,faulty,7.3936,443.4682,433.2713,433.2713,10.1969,3.1177,3.561,0,1,1
1666,1666,test,faulty,7.1563,399.1602,402.1848,402.1848,-3.0246,2.2941,3.561,0,1,1
1667,1667,test,faulty,7.3564,436.3384,436.5147,436.5147,-0.1763,1.7996,3.561,0,1,1
1668,1668,test,faulty,7.3138,428.2539,444.0261,444.0261,-15.7721,0.0,3.561,0,1,1
1669,1669,test,faulty,7.2288,412.3925,416.402,416.402,-4.0096,0.0,3.561,0,1,1
1670,1670,test,faulty,7.9018,548.3568,552.4492,552.4492,-4.0923,0.0,3.561,0,1,1
1671,1671,test,faulty,7.8023,526.7258,508.4578,508.4578,18.268,1.6366,3.561,0,1,1
1672,1672,test,faulty,7.6423,493.0679,492.6882,492.6882,0.3797,1.2063,3.561,0,1,1
1673,1673,test,faulty,7.8666,540.6335,529.9199,529.9199,10.7136,1.97,3.561,0,1,1
1674,1674,test,faulty,8.3457,651.7095,647.5618,647.5618,4.1477,1.9752,3.561,0,1,1
1675,1675,test,faulty,8.1886,613.8294,610.7821,610.7821,3.0473,1.8531,3.561,0,1,1
1676,1676,test,faulty,8.369,657.4462,659.2603,659.2603,-1.8141,1.1694,3.561,0,1,1
1677,1677,test,faulty,8.6475,728.5813,732.624,732.624,-4.0427,0.2282,3.561,0,1,1
1678,1678,test,faulty,8.8147,773.5312,777.1753,777.1753,-3.6441,0.0,3.561,0,1,1
1679,1679,test,faulty,8.6481,728.7286,728.2374,728.2374,0.4912,0.0,3.561,0,1,1
1680,1680,test,faulty,8.5829,711.6521,704.1845,704.1845,7.4676,0.3887,3.561,0,1,1
1681,1681,test,faulty,8.6011,716.4153,713.0715,713.0715,3.3438,0.3009,3.561,0,1,1
1682,1682,test,faulty,8.9662,815.7877,814.0956,814.0956,1.6921,0.0223,3.561,0,1,1
1683,1683,test,faulty,9.1359,864.8043,864.4662,864.4662,0.338,0.0,3.561,0,1,1
1684,1684,test,faulty,8.908,799.3832,781.5579,781.5579,17.8253,1.5854,3.561,0,1,1
1685,1685,test,faulty,8.8845,792.8143,793.7459,793.7459,-0.9316,1.0037,3.561,0,1,1
1686,1686,test,faulty,9.1121,857.8137,842.6183,842.6183,15.1954,2.2852,3.561,0,1,1
1687,1687,test,faulty,8.7062,744.1754,745.2871,745.2871,-1.1117,1.6826,3.561,0,1,1
1688,1688,test,faulty,8.5691,708.0885,702.2298,702.2298,5.8587,1.8854,3.561,0,1,1
1689,1689,test,faulty,8.6263,722.9865,705.995,705.995,16.9915,3.3745,3.561,0,1,1
1690,1690,test,faulty,8.0586,583.57,583.9235,583.9235,-0.3536,2.8595,3.561,0,1,1
1691,1691,test,faulty,7.9812,566.0145,554.7101,554.7101,11.3044,3.6915,3.561,1,1,1
1692,1692,test,faulty,8.33,647.873,649.9291,649.9291,-2.0562,2.9798,3.561,0,1,1
1693,1693,test,faulty,8.2814,636.0401,634.8661,634.8661,1.174,2.6414,3.561,0,1,1
1694,1694,test,faulty,8.4487,677.338,673.321,673.321,4.017,2.6314,3.561,0,1,1
1695,1695,test,faulty,8.0677,585.6755,590.4405,590.4405,-4.765,1.6067,3.561,0,1,1
1696,1696,test,faulty,7.7819,522.3371,512.575,512.575,9.7622,2.2605,3.561,0,1,1
1697,1697,test,faulty,8.3173,644.7577,636.6609,636.6609,8.0968,2.7219,3.561,0,1,1
1698,1698,test,faulty,8.6667,733.6447,729.4883,729.4883,4.1564,2.728,3.561,0,1,1
1699,1699,test,faulty,8.4261,671.6702,673.6192,673.6192,-1.949,2.0287,3.561,0,1,1
1700,1700,test,faulty,8.3487,652.4537,647.855,647.855,4.5987,2.0859,3.561,0,1,1
1701,1701,test,faulty,8.4579,679.6622,650.6262,650.6262,29.036,4.9666,3.561,1,1,1
1702,1702,test,faulty,8.391,662.9125,658.8502,658.8502,4.0623,4.9619,3.561,1,1,1
1703,1703,test,faulty,8.7316,750.9787,743.6538,743.6538,7.3249,5.3341,3.561,1,1,1
1704,1704,test,faulty,8.6598,731.834,723.9355,723.9355,7.8985,5.7725,3.561,1,1,1
1705,1705,test,faulty,8.5091,692.6624,676.2697,676.2697,16.3926,7.1924,3.561,1,1,1
1706,1706,test,faulty,8.0155,573.7679,560.3403,560.3403,13.4276,8.2697,3.561,1,1,1
1707,1707,test,faulty,7.8785,543.2306,538.2738,538.2738,4.9568,8.3683,3.561,1,1,1
1708,1708,test,faulty,7.7827,522.5254,526.2345,526.2345,-3.7091,7.4656,3.561,1,1,1
1709,1709,test,faulty,8.4602,680.2328,670.3955,670.3955,9.8373,8.1281,3.561,1,1,1
1710,1710,test,faulty,8.3788,659.88,655.7737,655.7737,4.1063,8.1284,3.561,1,1,1
1711,1711,test,faulty,8.2545,629.5627,622.193,622.193,7.3697,8.5058,3.561,1,1,1
1712,1712,test,faulty,8.0547,582.6746,585.5553,585.5553,-2.8806,7.6989,3.561,1,1,1
1713,1713,test,faulty,8.186,613.2199,601.6781,601.6781,11.5418,8.5583,3.561,1,1,1
1714,1714,test,faulty,7.7057,506.2255,508.1067,508.1067,-1.8812,7.8668,3.561,1,1,1
1715,1715,test,faulty,7.5109,466.4583,474.8895,474.8895,-8.4312,6.4186,3.561,1,1,1
1716,1716,test,faulty,7.3212,429.6408,431.7245,431.7245,-2.0838,5.7037,3.561,1,1,1
1717,1717,test,faulty,6.8439,345.1551,335.9156,335.9156,9.2395,6.2971,3.561,1,1,1
1718,1718,test,faulty,6.4483,283.5057,277.4734,277.4734,6.0323,6.5199,3.561,1,1,1
1719,1719,test,faulty,6.962,365.0095,375.0705,375.0705,-10.061,4.8834,3.561,1,1,1
1720,1720,test,faulty,6.6408,312.5996,331.6078,331.6078,-19.0082,2.213,3.561,0,1,1
1721,1721,test,faulty,6.6828,319.1702,317.1391,317.1391,2.0311,1.9736,3.561,0,1,1
1722,1722,test,faulty,6.6594,315.493,310.7247,310.7247,4.7683,2.0504,3.561,0,1,1
1723,1723,test,faulty,7.5423,472.7279,479.2321,479.2321,-6.5042,0.8248,3.561,0,1,1
1724,1724,test,faulty,8.123,598.4466,592.6347,592.6347,5.8119,1.0222,3.561,0,1,1
1725,1725,test,faulty,7.8169,529.857,530.6074,530.6074,-0.7505,0.4613,3.561,0,1,1
1726,1726,test,faulty,7.9126,550.7325,541.9727,541.9727,8.7598,0.9993,3.561,0,1,1
1727,1727,test,faulty,7.3716,439.25,435.4165,435.4165,3.8335,0.9681,3.561,0,1,1
1728,1728,test,faulty,6.9515,363.2142,346.7038,346.7038,16.5104,2.4016,3.561,0,1,1
1729,1729,test,faulty,6.9599,364.6618,365.1027,365.1027,-0.4409,1.8765,3.561,0,1,1
1730,1730,test,faulty,6.9267,359.0175,334.6427,334.6427,24.3748,4.2187,3.561,1,1,1
1731,1731,test,faulty,6.8913,353.0484,343.1671,343.1671,9.8814,4.8863,3.561,1,1,1
1732,1732,test,faulty,6.906,355.5144,355.4031,355.4031,0.1113,4.425,3.561,1,1,1
1733,1733,test,faulty,6.6828,319.1667,322.6185,322.6185,-3.4518,3.5521,3.561,0,1,1
1734,1734,test,faulty,6.2337,253.0656,263.4225,263.4225,-10.357,1.8813,3.561,0,1,1
1735,1735,test,faulty,6.4884,289.4338,293.0428,293.0428,-3.609,0.9902,3.561,0,1,1
1736,1736,test,faulty,6.6439,313.0722,310.3792,310.3792,2.693,0.8272,3.561,0,1,1
1737,1737,test,faulty,6.8091,339.4391,343.3665,343.3665,-3.9275,0.0,3.561,0,1,1
1738,1738,test,faulty,7.413,447.2275,429.5992,429.5992,17.6283,1.5627,3.561,0,1,1
1739,1739,test,faulty,7.7971,525.606,505.1032,505.1032,20.5028,3.4574,3.561,0,1,1
1740,1740,test,faulty,8.114,596.3516,594.0003,594.0003,2.3513,3.255,3.561,0,1,1
1741,1741,test,faulty,7.8563,538.3987,515.8414,515.8414,22.5573,5.3871,3.561,1,1,1
1742,1742,test,faulty,8.1696,609.3506,615.4347,615.4347,-6.0841,4.2101,3.561,1,1,1
1743,1743,test,faulty,8.034,577.9496,571.203,571.203,6.7466,4.5154,3.561,1,1,1
1744,1744,test,faulty,7.5023,464.7341,465.1411,465.1411,-0.4071,3.9943,3.561,1,1,1
1745,1745,test,faulty,7.5834,481.0228,492.1389,492.1389,-11.1162,2.2358,3.561,0,1,1
1746,1746,test,faulty,6.9957,370.8004,369.6729,369.6729,1.1276,1.892,3.561,0,1,1
1747,1747,test,faulty,7.2835,422.5639,423.5553,423.5553,-0.9913,1.3033,3.561,0,1,1
1748,1748,test,faulty,7.4329,451.0876,439.7559,439.7559,11.3317,2.1384,3.561,0,1,1
1749,1749,test,faulty,7.8426,535.409,542.2106,542.2106,-6.8016,0.8785,3.561,0,1,1
1750,1750,test,faulty,8.2007,616.6986,608.2605,608.2605,8.4381,1.3793,3.561,0,1,1
1751,1751,test,faulty,8.2272,623.0217,613.9629,613.9629,9.0588,1.9518,3.561,0,1,1
1752,1752,test,faulty,7.9331,555.281,556.0974,556.0974,-0.8163,1.3834,3.561,0,1,1
1753,1753,test,faulty,7.7671,519.1855,520.1983,520.1983,-1.0127,0.7922,3.561,0,1,1
1754,1754,test,faulty,8.0277,576.5208,566.2232,566.2232,10.2976,1.5079,3.561,0,1,1
1755,1755,test,faulty,8.5754,709.7286,700.8041,700.8041,8.9245,2.0649,3.561,0,1,1
1756,1756,test,faulty,9.0459,838.5699,821.8221,821.8221,16.7478,3.5259,3.561,0,1,1
1757,1757,test,faulty,9.0795,848.3118,840.7372,840.7372,7.5745,3.9269,3.561,1,1,1
1758,1758,test,faulty,8.9101,799.9667,781.6682,781.6682,18.2986,5.567,3.561,1,1,1
1759,1759,test,faulty,10.1177,1186.0416,1173.1432,1173.1432,12.8984,6.5832,3.561,1,1,1
1760,1760,test,faulty,10.389,1286.6453,1288.8648,1288.8648,-2.2195,5.8526,3.561,1,1,1
1761,1761,test,faulty,10.0167,1149.9283,1139.6467,1139.6467,10.2817,6.5664,3.561,1,1,1
1762,1762,test,faulty,10.084,1173.9058,1162.112,1162.112,11.7937,7.4549,3.561,1,1,1
1763,1763,test,faulty,10.5484,1348.2919,1348.9723,1348.9723,-0.6804,6.9022,3.561,1,1,1
1764,1764,test,faulty,10.0344,1156.1934,1150.5243,1150.5243,5.6691,7.0831,3.561,1,1,1
1765,1765,test,faulty,10.3899,1287.0011,1285.6316,1285.6316,1.3695,6.7672,3.561,1,1,1
1766,1766,test,faulty,9.9506,1126.7015,1119.5372,1119.5372,7.1643,7.1209,3.561,1,1,1
1767,1767,test,faulty,10.3898,1286.9566,1272.1037,1272.1037,14.8529,8.3628,3.561,1,1,1
1768,1768,test,faulty,9.8367,1087.3559,1089.8736,1089.8736,-2.5177,7.5978,3.561,1,1,1
1769,1769,test,faulty,9.6731,1032.437,1028.4212,1028.4212,4.0158,7.5877,3.561,1,1,1
1770,1770,test,faulty,9.6494,1024.6629,1018.3265,1018.3265,6.3364,7.8457,3.561,1,1,1
1771,1771,test,faulty,9.7738,1066.038,1063.2603,1063.2603,2.7777,7.6925,3.561,1,1,1
1772,1772,test,faulty,9.3122,917.7342,924.0595,924.0595,-6.3253,6.4875,3.561,1,1,1
1773,1773,test,faulty,9.2408,896.063,893.1155,893.1155,2.9476,6.354,3.561,1,1,1
1774,1774,test,faulty,9.0519,840.3243,841.288,841.288,-0.9637,5.7685,3.561,1,1,1
1775,1775,test,faulty,9.0955,852.9732,834.2927,834.2927,18.6805,7.4527,3.561,1,1,1
1776,1776,test,faulty,9.3117,917.5828,908.25,908.25,9.3328,8.0569,3.561,1,1,1
1777,1777,test,faulty,9.3474,928.5216,920.5325,920.5325,7.9891,8.5059,3.561,1,1,1
1778,1778,test,faulty,9.4389,957.0246,948.0567,948.0567,8.9679,9.0679,3.561,1,1,1
1779,1779,test,faulty,9.0778,847.8262,838.6734,838.6734,9.1528,9.6513,3.561,1,1,1
1780,1780,test,faulty,8.6689,734.2275,731.3403,731.3403,2.8872,9.5108,3.561,1,1,1
1781,1781,test,faulty,8.3388,650.017,653.7778,653.7778,-3.7608,8.6021,3.561,1,1,1
1782,1782,test,faulty,8.4674,682.0636,681.1308,681.1308,0.9328,8.2358,3.561,1,1,1
1783,1783,test,faulty,8.5395,700.4529,699.7639,699.7639,0.689,7.8413,3.561,1,1,1
1784,1784,test,faulty,8.0294,576.9218,577.2898,577.2898,-0.368,7.3246,3.561,1,1,1
1785,1785,test,faulty,8.02,574.7862,571.5181,571.5181,3.268,7.2281,3.561,1,1,1
1786,1786,test,faulty,7.9106,550.2877,559.5067,559.5067,-9.219,5.6888,3.561,1,1,1
1787,1787,test,faulty,8.5163,694.4977,688.6743,688.6743,5.8234,5.8875,3.561,1,1,1
1788,1788,test,faulty,8.1973,615.8911,612.4906,612.4906,3.4005,5.8063,3.561,1,1,1
1789,1789,test,faulty,8.1909,614.3928,607.3042,607.3042,7.0885,6.1512,3.561,1,1,1
1790,1790,test,faulty,8.4253,671.4615,665.6789,665.6789,5.7826,6.3452,3.561,1,1,1
1791,1791,test,faulty,8.3724,658.2844,649.9891,649.9891,8.2953,6.8295,3.561,1,1,1
1792,1792,test,faulty,8.6147,719.9551,707.3847,707.3847,12.5704,7.8078,3.561,1,1,1
1793,1793,test,faulty,8.6609,732.1244,727.8254,727.8254,4.299,7.8304,3.561,1,1,1
1794,1794,test,faulty,8.6947,741.088,740.1729,740.1729,0.915,7.462,3.561,1,1,1
1795,1795,test,faulty,8.655,730.5661,724.5685,724.5685,5.9976,7.6808,3.561,1,1,1
1796,1796,test,faulty,8.7114,745.5572,752.1848,752.1848,-6.6276,6.4409,3.561,1,1,1
1797,1797,test,faulty,8.9752,818.3351,814.4667,814.4667,3.8685,6.4137,3.561,1,1,1
1798,1798,test,faulty,8.5654,707.127,691.9316,691.9316,15.1954,7.6953,3.561,1,1,1
1799,1799,test,faulty,8.4533,678.5006,673.0565,673.0565,5.4441,7.8502,3.561,1,1,1
1800,1800,test,faulty,8.4875,687.1366,690.0476,690.0476,-2.9111,7.0397,3.561,1,1,1
1801,1801,test,faulty,8.2986,640.2005,640.7385,640.7385,-0.538,6.5034,3.561,1,1,1
1802,1802,test,faulty,8.7279,749.9814,743.4934,743.4934,6.4879,6.7789,3.561,1,1,1
1803,1803,test,faulty,8.825,776.3509,761.7349,761.7349,14.6159,7.9935,3.561,1,1,1
1804,1804,test,faulty,8.8504,783.3677,778.7152,778.7152,4.6525,8.057,3.561,1,1,1
1805,1805,test,faulty,8.7572,757.8668,754.7001,754.7001,3.1667,7.9487,3.561,1,1,1
1806,1806,test,faulty,8.3332,648.642,661.3555,661.3555,-12.7135,6.0057,3.561,1,1,1
1807,1807,test,faulty,8.3142,644.0036,645.1165,645.1165,-1.1129,5.403,3.561,1,1,1
1808,1808,test,faulty,8.3306,648.0061,644.0092,644.0092,3.9969,5.3907,3.561,1,1,1
1809,1809,test,faulty,8.1771,611.1233,610.8181,610.8181,0.3052,4.9518,3.561,1,1,1
1810,1810,test,faulty,7.8874,545.1939,540.7783,540.7783,4.4156,4.9879,3.561,1,1,1
1811,1811,test,faulty,8.0257,576.0723,578.2282,578.2282,-2.1559,4.2646,3.561,1,1,1
1812,1812,test,faulty,7.8317,533.0429,527.664,527.664,5.379,4.412,3.561,1,1,1
1813,1813,test,faulty,7.9302,554.6283,550.8824,550.8824,3.7459,4.3707,3.561,1,1,1
1814,1814,test,faulty,8.7359,752.1343,736.7965,736.7965,15.3378,5.6687,3.561,1,1,1
1815,1815,test,faulty,9.1993,883.5974,875.8251,875.8251,7.7723,6.0926,3.561,1,1,1
1816,1816,test,faulty,9.7076,1043.8787,1027.5713,1027.5713,16.3074,7.5026,3.561,1,1,1
1817,1817,test,faulty,9.6274,1017.4423,1009.3481,1009.3481,8.0942,7.9637,3.561,1,1,1
1818,1818,test,faulty,9.7404,1054.8209,1049.3558,1049.3558,5.4651,8.121,3.561,1,1,1
1819,1819,test,faulty,9.5073,978.6488,981.1343,981.1343,-2.4855,7.3597,3.561,1,1,1
1820,1820,test,faulty,9.1456,867.6703,862.73,862.73,4.9403,7.4564,3.561,1,1,1
1821,1821,test,faulty,9.0564,841.6143,830.3288,830.3288,11.2856,8.2862,3.561,1,1,1
1822,1822,test,faulty,8.7362,752.2027,750.3525,750.3525,1.8502,8.0259,3.561,1,1,1
1823,1823,test,faulty,8.8238,776.0271,767.0387,767.0387,8.9884,8.5903,3.561,1,1,1
1824,1824,test,faulty,9.0472,838.9485,817.3058,817.3058,21.6426,10.6168,3.561,1,1,1
1825,1825,test,faulty,8.6398,726.5349,724.786,724.786,1.749,10.3447,3.561,1,1,1
1826,1826,test,faulty,8.5006,690.4849,683.2401,683.2401,7.2449,10.7077,3.561,1,1,1
1827,1827,test,faulty,8.7099,745.1559,735.4112,735.4112,9.7448,11.3595,3.561,1,1,1
1828,1828,test,faulty,8.7424,753.8743,745.2415,745.2415,8.6328,11.8828,3.561,1,1,1
1829,1829,test,faulty,8.2956,639.4915,640.6963,640.6963,-1.2048,11.2695,3.561,1,1,1
1830,1830,test,faulty,8.8355,779.2477,774.8473,774.8473,4.4005,11.3038,3.561,1,1,1
1831,1831,test,faulty,8.4151,668.9105,657.445,657.445,11.4654,12.1544,3.561,1,1,1
1832,1832,test,faulty,8.8024,770.1645,772.1716,772.1716,-2.0071,11.4483,3.561,1,1,1
1833,1833,test,faulty,8.3584,654.8333,640.5317,640.5317,14.3016,12.6266,3.561,1,1,1
1834,1834,test,faulty,8.2596,630.7767,631.9109,631.9109,-1.1341,12.0215,3.561,1,1,1
1835,1835,test,faulty,8.6385,726.2012,713.3973,713.3973,12.8039,13.0267,3.561,1,1,1
1836,1836,test,faulty,8.765,759.9974,753.1498,753.1498,6.8477,13.3438,3.561,1,1,1
1837,1837,test,faulty,8.7589,758.3384,765.8826,765.8826,-7.5442,11.998,3.561,1,1,1
1838,1838,test,faulty,8.5705,708.4536,701.9422,701.9422,6.5114,12.2762,3.561,1,1,1
1839,1839,test,faulty,8.2349,624.8621,622.2279,622.2279,2.6342,12.1064,3.561,1,1,1
1840,1840,test,faulty,7.873,542.0328,533.9711,533.9711,8.0617,12.5637,3.561,1,1,1
1841,1841,test,faulty,8.1292,599.8823,597.95,597.95,1.9323,12.3129,3.561,1,1,1
1842,1842,test,faulty,8.01,572.5021,574.7671,574.7671,-2.265,11.5771,3.561,1,1,1
1843,1843,test,faulty,7.7342,512.2291,512.0066,512.0066,0.2225,11.1286,3.561,1,1,1
1844,1844,test,faulty,8.0423,579.8423,587.8425,587.8425,-8.0003,9.7302,3.561,1,1,1
1845,1845,test,faulty,7.7305,511.4402,505.0895,505.0895,6.3508,9.9898,3.561,1,1,1
1846,1846,test,faulty,7.9698,563.4519,550.4391,550.4391,13.0128,11.0192,3.561,1,1,1
1847,1847,test,faulty,7.8536,537.7935,538.8723,538.8723,-1.0788,10.4204,3.561,1,1,1
1848,1848,test,faulty,7.8258,531.7772,520.7981,520.7981,10.9791,11.2148,3.561,1,1,1
1849,1849,test,faulty,7.7692,519.6377,523.2484,523.2484,-3.6107,10.3235,3.561,1,1,1
1850,1850,test,faulty,7.4351,451.5269,447.7855,447.7855,3.7413,10.2817,3.561,1,1,1
1851,1851,test,faulty,7.8526,537.585,550.0497,550.0497,-12.4646,8.3674,3.561,1,1,1
1852,1852,test,faulty,8.0595,583.7961,582.6546,582.6546,1.1414,8.0252,3.561,1,1,1
1853,1853,test,faulty,7.5509,474.4538,463.2549,463.2549,11.1989,8.8449,3.561,1,1,1
1854,1854,test,faulty,7.4372,451.9338,441.9586,441.9586,9.9751,9.5234,3.561,1,1,1
1855,1855,test,faulty,7.0746,384.5709,379.5854,379.5854,4.9854,9.6252,3.561,1,1,1
1856,1856,test,faulty,7.3823,441.2996,440.6096,440.6096,0.69,9.2308,3.561,1,1,1
1857,1857,test,faulty,7.5601,476.3075,458.3566,458.3566,17.9509,10.8308,3.561,1,1,1
1858,1858,test,faulty,7.4843,461.1705,461.7686,461.7686,-0.5981,10.2876,3.561,1,1,1
1859,1859,test,faulty,7.2467,415.7062,411.4596,411.4596,4.2466,10.3041,3.561,1,1,1
1860,1860,test,faulty,7.2571,417.628,419.7759,419.7759,-2.148,9.5818,3.561,1,1,1
1861,1861,test,faulty,7.8355,533.879,527.5347,527.5347,6.3443,9.8407,3.561,1,1,1
1862,1862,test,faulty,7.857,538.5375,541.5715,541.5715,-3.034,9.016,3.561,1,1,1
1863,1863,test,faulty,7.5976,483.9027,486.24,486.24,-2.3373,8.2718,3.561,1,1,1
1864,1864,test,faulty,7.2455,415.4795,410.5331,410.5331,4.9465,8.3692,3.561,1,1,1
1865,1865,test,faulty,7.7846,522.9318,516.552,516.552,6.3798,8.6322,3.561,1,1,1
1866,1866,test,faulty,7.8586,538.8896,522.6186,522.6186,16.271,10.0381,3.561,1,1,1
1867,1867,test,faulty,7.4497,454.3703,435.1322,435.1322,19.2381,11.7867,3.561,1,1,1
1868,1868,test,faulty,7.254,417.0576,417.2007,417.2007,-0.1431,11.2961,3.561,1,1,1
1869,1869,test,faulty,7.1741,402.3871,385.1354,385.1354,17.2516,12.8152,3.561,1,1,1
1870,1870,test,faulty,7.5642,477.1245,478.0974,478.0974,-0.9729,12.2287,3.561,1,1,1
1871,1871,test,faulty,7.5633,476.9515,480.059,480.059,-3.1074,11.3955,3.561,1,1,1
1872,1872,test,faulty,7.6305,490.6345,487.7148,487.7148,2.9197,11.2587,3.561,1,1,1
1873,1873,test,faulty,7.618,488.0605,492.6935,492.6935,-4.633,10.2493,3.561,1,1,1
1874,1874,test,faulty,7.6134,487.1179,504.0481,504.0481,-16.9302,7.8191,3.561,1,1,1
1875,1875,test,faulty,8.1199,597.7175,576.1803,576.1803,21.5372,9.8334,3.561,1,1,1
1876,1876,test,faulty,7.7989,525.9805,521.7363,521.7363,4.2443,9.8496,3.561,1,1,1
1877,1877,test,faulty,7.8273,532.0977,538.972,538.972,-6.8743,8.5812,3.561,1,1,1
1878,1878,test,faulty,8.1298,600.0324,579.6179,579.6179,20.4145,10.4658,3.561,1,1,1
1879,1879,test,faulty,7.9799,565.7275,548.7167,548.7167,17.0108,11.9571,3.561,1,1,1
1880,1880,test,faulty,8.1065,594.6188,587.035,587.035,7.5837,12.3592,3.561,1,1,1
1881,1881,test,faulty,8.4918,688.2532,685.1196,685.1196,3.1336,12.2472,3.561,1,1,1
1882,1882,test,faulty,8.342,650.7966,650.2895,650.2895,0.5071,11.8316,3.561,1,1,1
1883,1883,test,faulty,9.0992,854.0471,851.2093,851.2093,2.8378,11.6854,3.561,1,1,1
1884,1884,test,faulty,8.5828,711.6483,703.6149,703.6149,8.0335,12.1395,3.561,1,1,1
1885,1885,test,faulty,8.4361,674.1628,670.3669,670.3669,3.7959,12.1039,3.561,1,1,1
1886,1886,test,faulty,8.5906,713.6767,707.2382,707.2382,6.4385,12.3737,3.561,1,1,1
1887,1887,test,faulty,8.0871,590.1395,581.4319,581.4319,8.7076,12.9056,3.561,1,1,1
1888,1888,test,faulty,7.9705,563.6153,572.2975,572.2975,-8.6822,11.4284,3.561,1,1,1
1889,1889,test,faulty,8.8198,774.9482,773.2974,773.2974,1.6508,11.145,3.561,1,1,1
1890,1890,test,faulty,8.5242,696.5079,678.9326,678.9326,17.5753,12.7015,3.561,1,1,1
1891,1891,test,faulty,9.0754,847.1245,844.7375,844.7375,2.387,12.5032,3.561,1,1,1
1892,1892,test,faulty,9.1648,873.354,860.7379,860.7379,12.6161,13.4867,3.561,1,1,1
1893,1893,test,faulty,8.9718,817.3787,808.3985,808.3985,8.9802,14.0502,3.561,1,1,1
1894,1894,test,faulty,8.7182,747.3812,756.6637,756.6637,-9.2825,12.5036,3.561,1,1,1
1895,1895,test,faulty,8.1772,611.1567,613.8898,613.8898,-2.7332,11.7137,3.561,1,1,1
1896,1896,test,faulty,7.846,536.1423,529.9607,529.9607,6.1816,11.9538,3.561,1,1,1
1897,1897,test,faulty,8.1633,607.8678,598.2521,598.2521,9.6157,12.5906,3.561,1,1,1
1898,1898,test,faulty,8.0679,585.7059,591.6644,591.6644,-5.9585,11.4281,3.561,1,1,1
1899,1899,test,faulty,8.5096,692.7882,693.792,693.792,-1.0037,10.838,3.561,1,1,1
1900,1900,test,faulty,8.2558,629.8621,637.6413,637.6413,-7.7792,9.465,3.561,1,1,1
1901,1901,test,faulty,8.2597,630.8088,621.0308,621.0308,9.7781,10.1207,3.561,1,1,1
1902,1902,test,faulty,8.0687,585.8975,604.4654,604.4654,-18.5679,7.5012,3.561,1,1,1
1903,1903,test,faulty,8.6045,717.277,700.6245,700.6245,16.6525,8.9511,3.561,1,1,1
1904,1904,test,faulty,8.5208,695.6426,694.5964,694.5964,1.0462,8.5979,3.561,1,1,1
1905,1905,test,faulty,8.4949,689.0244,688.0771,688.0771,0.9473,8.2332,3.561,1,1,1
1906,1906,test,faulty,9.0924,852.0652,842.5782,842.5782,9.487,8.8552,3.561,1,1,1
1907,1907,test,faulty,8.8293,777.5465,773.1694,773.1694,4.3771,8.8868,3.561,1,1,1
1908,1908,test,faulty,8.2263,622.7929,603.9772,603.9772,18.8157,10.5867,3.561,1,1,1
1909,1909,test,faulty,7.957,560.5985,558.3108,558.3108,2.2878,10.3769,3.561,1,1,1
1910,1910,test,faulty,7.4586,456.1226,452.0585,452.0585,4.0641,10.3723,3.561,1,1,1
1911,1911,test,faulty,7.9626,561.8499,572.7908,572.7908,-10.9409,8.6341,3.561,1,1,1
1912,1912,test,faulty,7.8069,527.7112,523.7283,523.7283,3.9829,8.6201,3.561,1,1,1
1913,1913,test,faulty,7.7115,507.4435,518.7297,518.7297,-11.2862,6.842,3.561,1,1,1
1914,1914,test,faulty,7.7364,512.6747,512.7777,512.7777,-0.103,6.356,3.561,1,1,1
1915,1915,test,faulty,7.4554,455.4899,454.2552,454.2552,1.2346,6.0245,3.561,1,1,1
1916,1916,test,faulty,7.5367,471.6013,478.4909,478.4909,-6.8896,4.7544,3.561,1,1,1
1917,1917,test,faulty,8.0582,583.4847,582.5206,582.5206,0.9641,4.3916,3.561,1,1,1
1918,1918,test,faulty,7.8999,547.9284,556.3808,556.3808,-8.4524,2.9409,3.561,0,1,1
1919,1919,test,faulty,7.5563,475.5439,474.0293,474.0293,1.5145,2.6418,3.561,0,1,1
1920,1920,test,faulty,7.6695,498.6791,480.1795,480.1795,18.4996,4.3051,3.561,1,1,1
1921,1921,test,faulty,7.5466,473.5912,478.9115,478.9115,-5.3203,3.2163,3.561,0,1,1
1922,1922,test,faulty,7.9374,556.232,541.0326,541.0326,15.1993,4.4983,3.561,1,1,1
1923,1923,test,faulty,7.4121,447.0496,453.9924,453.9924,-6.9427,3.222,3.561,0,1,1
1924,1924,test,faulty,6.9257,358.8342,356.4622,356.4622,2.372,3.0219,3.561,0,1,1
1925,1925,test,faulty,7.8432,535.5483,524.1006,524.1006,11.4477,3.8705,3.561,1,1,1
1926,1926,test,faulty,7.6944,503.8577,502.3413,502.3413,1.5164,3.5716,3.561,1,1,1
1927,1927,test,faulty,7.2744,420.8475,407.284,407.284,13.5635,4.6646,3.561,1,1,1
1928,1928,test,faulty,7.2802,421.9361,411.9698,411.9698,9.9662,5.342,3.561,1,1,1
1929,1929,test,faulty,7.841,535.0699,526.6884,526.6884,8.3815,5.8362,3.561,1,1,1
1930,1930,test,faulty,7.6186,488.1944,490.3093,490.3093,-2.1149,5.1177,3.561,1,1,1
1931,1931,test,faulty,7.6078,485.982,490.6019,490.6019,-4.6199,4.1098,3.561,1,1,1
1932,1932,test,faulty,7.7452,514.5526,502.5002,502.5002,12.0523,5.0282,3.561,1,1,1
1933,1933,test,faulty,8.3395,650.1853,644.6304,644.6304,5.5549,5.1959,3.561,1,1,1
1934,1934,test,faulty,8.5555,704.5651,704.4937,704.4937,0.0714,4.7301,3.561,1,1,1
1935,1935,test,faulty,8.1946,615.2554,610.4025,610.4025,4.8529,4.8166,3.561,1,1,1
1936,1936,test,faulty,8.1642,608.0804,612.4672,612.4672,-4.3868,3.8357,3.561,1,1,1
1937,1937,test,faulty,8.0826,589.0966,579.5112,579.5112,9.5854,4.469,3.561,1,1,1
1938,1938,test,faulty,7.9148,551.2269,555.7074,555.7074,-4.4805,3.4772,3.561,0,1,1
1939,1939,test,faulty,7.9891,567.7976,569.7497,569.7497,-1.9521,2.7776,3.561,0,1,1
1940,1940,test,faulty,7.727,510.7053,510.6439,510.6439,0.0614,2.3105,3.561,0,1,1
1941,1941,test,faulty,7.5183,467.9229,473.2545,473.2545,-5.3316,1.2204,3.561,0,1,1
1942,1942,test,faulty,8.3439,651.2616,632.9729,632.9729,18.2888,2.8594,3.561,0,1,1
1943,1943,test,faulty,8.1576,606.5355,603.9679,603.9679,2.5677,2.6819,3.561,0,1,1
1944,1944,test,faulty,8.8735,789.7552,786.7146,786.7146,3.0407,2.5591,3.561,0,1,1
1945,1945,test,faulty,8.7583,758.1796,751.0925,751.0925,7.0871,2.9038,3.561,0,1,1
1946,1946,test,faulty,8.2587,630.5694,639.515,639.515,-8.9456,1.3961,3.561,0,1,1
1947,1947,test,faulty,7.9103,550.2223,533.1041,533.1041,17.1182,2.8999,3.561,0,1,1
1948,1948,test,faulty,8.0637,584.7454,582.4523,582.4523,2.2932,2.6907,3.561,0,1,1
1949,1949,test,faulty,7.6087,486.1703,485.3469,485.3469,0.8234,2.3117,3.561,0,1,1
1950,1950,test,faulty,7.9531,559.7169,553.6926,553.6926,6.0244,2.5336,3.561,0,1,1
1951,1951,test,faulty,7.7447,514.4292,511.1655,511.1655,3.2637,2.4366,3.561,0,1,1
1952,1952,test,faulty,7.4979,463.8619,467.2749,467.2749,-3.413,1.5682,3.561,0,1,1
1953,1953,test,faulty,8.193,614.8865,617.1791,617.1791,-2.2925,0.8292,3.561,0,1,1
1954,1954,test,faulty,8.3748,658.8788,656.8402,656.8402,2.0386,0.5906,3.561,0,1,1
1955,1955,test,faulty,8.2724,633.8664,639.7326,639.7326,-5.8662,0.0,3.561,0,1,1
1956,1956,test,faulty,7.6551,495.6945,495.172,495.172,0.5225,0.0,3.561,0,1,1
1957,1957,test,faulty,8.0082,572.0995,579.36,579.36,-7.2606,0.0,3.561,0,1,1
1958,1958,test,faulty,8.0005,570.372,563.9419,563.9419,6.4301,0.2688,3.561,0,1,1
1959,1959,test,faulty,7.5996,484.313,478.5308,478.5308,5.7821,0.4628,3.561,0,1,1
1960,1960,test,faulty,7.9465,558.2539,546.9255,546.9255,11.3284,1.2975,3.561,0,1,1
1961,1961,test,faulty,7.617,487.8652,467.6854,467.6854,20.1798,3.155,3.561,0,1,1
1962,1962,test,faulty,7.3998,444.6755,443.7424,443.7424,0.9331,2.7887,3.561,0,1,1
1963,1963,test,faulty,7.1521,398.4043,395.376,395.376,3.0283,2.6645,3.561,0,1,1
1964,1964,test,faulty,7.3253,430.425,424.5862,424.5862,5.8388,2.865,3.561,0,1,1
1965,1965,test,faulty,7.2505,416.4024,406.8265,406.8265,9.5759,3.4972,3.561,0,1,1
1966,1966,test,faulty,7.6667,498.0997,486.7083,486.7083,11.3914,4.3393,3.561,1,1,1
1967,1967,test,faulty,7.8641,540.098,540.5108,540.5108,-0.4128,3.8175,3.561,1,1,1
1968,1968,test,faulty,7.566,477.4874,484.678,484.678,-7.1907,2.5125,3.561,0,1,1
1969,1969,test,faulty,8.0235,575.5725,574.6884,574.6884,0.8841,2.1406,3.561,0,1,1
1970,1970,test,faulty,7.9446,557.8281,564.4262,564.4262,-6.5981,0.9041,3.561,0,1,1
1971,1971,test,faulty,8.4409,675.38,681.8146,681.8146,-6.4346,0.0,3.561,0,1,1
1972,1972,test,faulty,8.0992,592.9262,597.4521,597.4521,-4.5259,0.0,3.561,0,1,1
1973,1973,test,faulty,7.9308,554.7749,557.2703,557.2703,-2.4954,0.0,3.561,0,1,1
1974,1974,test,faulty,8.3409,650.5249,643.7025,643.7025,6.8224,0.3141,3.561,0,1,1
1975,1975,test,faulty,7.9282,554.1898,549.3416,549.3416,4.8482,0.4002,3.561,0,1,1
1976,1976,test,faulty,7.7653,518.8083,521.9596,521.9596,-3.1512,0.0,3.561,0,1,1
1977,1977,test,faulty,7.6217,488.8268,491.2822,491.2822,-2.4555,0.0,3.561,0,1,1
1978,1978,test,faulty,8.1644,608.1391,599.9551,599.9551,8.1841,0.4715,3.561,0,1,1
1979,1979,test,faulty,7.8255,531.7145,530.6386,530.6386,1.0759,0.1217,3.561,0,1,1
1980,1980,test,faulty,7.6302,490.5764,491.5228,491.5228,-0.9464,0.0,3.561,0,1,1
1981,1981,test,faulty,7.7239,510.0591,509.631,509.631,0.4282,0.0,3.561,0,1,1
1982,1982,test,faulty,8.2607,631.0439,627.9334,627.9334,3.1104,0.0,3.561,0,1,1
1983,1983,test,faulty,7.9659,562.5776,554.2897,554.2897,8.2879,0.4835,3.561,0,1,1
1984,1984,test,faulty,8.214,619.8691,615.3028,615.3028,4.5663,0.5369,3.561,0,1,1
1985,1985,test,faulty,7.9077,549.6528,541.5113,541.5113,8.1415,1.0035,3.561,0,1,1
1986,1986,test,faulty,7.8027,526.8015,528.3608,528.3608,-1.5593,0.3492,3.561,0,1,1
1987,1987,test,faulty,7.8951,546.8722,530.1304,530.1304,16.7418,1.8094,3.561,0,1,1
1988,1988,test,faulty,7.908,549.7142,551.3481,551.3481,-1.6339,1.1465,3.561,0,1,1
1989,1989,test,faulty,8.0855,589.7704,579.8451,579.8451,9.9253,1.8192,3.561,0,1,1
1990,1990,test,faulty,8.0308,577.2253,580.9427,580.9427,-3.7174,0.9156,3.561,0,1,1
1991,1991,test,faulty,7.6407,492.7282,487.6168,487.6168,5.1114,1.032,3.561,0,1,1
1992,1992,test,faulty,7.5747,479.2509,465.319,465.319,13.9319,2.1676,3.561,0,1,1
1993,1993,test,faulty,7.6695,498.6915,483.8156,483.8156,14.8759,3.4122,3.561,0,1,1
1994,1994,test,faulty,7.493,462.9018,460.7241,460.7241,2.1777,3.1897,3.561,0,1,1
1995,1995,test,faulty,7.0111,373.4653,372.548,372.548,0.9173,2.8216,3.561,0,1,1
1996,1996,test,faulty,7.3868,442.1712,436.7559,436.7559,5.4153,2.9732,3.561,0,1,1
1997,1997,test,faulty,7.344,433.968,425.1899,425.1899,8.778,3.5132,3.561,0,1,1
1998,1998,test,faulty,7.0041,372.2594,371.1436,371.1436,1.1158,3.168,3.561,0,1,1
1999,1999,test,faulty,6.9979,371.1902,377.4435,377.4435,-6.2532,1.9714,3.561,0,1,1
2000,2000,test,faulty,7.303,426.2194,425.8661,425.8661,0.3533,1.5381,3.561,0,1,1
2001,2001,test,faulty,7.652,495.067,496.787,496.787,-1.72,0.8653,3.561,0,1,1
2002,2002,test,faulty,7.4648,457.3284,454.7577,454.7577,2.5707,0.6882,3.561,0,1,1
2003,2003,test,faulty,7.4051,445.6911,445.5274,445.5274,0.1637,0.2329,3.561,0,1,1
2004,2004,test,faulty,7.962,561.7202,563.4658,563.4658,-1.7456,0.0,3.561,0,1,1
2005,2005,test,faulty,8.4041,666.1558,646.7632,646.7632,19.3925,1.7665,3.561,0,1,1
2006,2006,test,faulty,8.5145,694.026,687.5613,687.5613,6.4647,2.0393,3.561,0,1,1
2007,2007,test,faulty,8.3891,662.4306,648.6255,648.6255,13.8051,3.1602,3.561,0,1,1
2008,2008,test,faulty,8.3709,657.9182,661.5378,661.5378,-3.6195,2.2679,3.561,0,1,1
2009,2009,test,faulty,8.4981,689.8358,679.6543,679.6543,10.1814,2.9702,3.561,0,1,1
2010,2010,test,faulty,8.6717,734.9808,727.561,727.561,7.4198,3.3533,3.561,0,1,1
2011,2011,test,faulty,8.5006,690.4839,684.4192,684.4192,6.0646,3.5799,3.561,1,1,1
2012,2012,test,faulty,8.1733,610.2366,601.9209,601.9209,8.3157,4.0666,3.561,1,1,1
2013,2013,test,faulty,8.2326,624.3055,623.7194,623.7194,0.5861,3.6602,3.561,1,1,1
2014,2014,test,faulty,8.2089,618.6512,602.4535,602.4535,16.1977,5.0575,3.561,1,1,1
2015,2015,test,faulty,7.9836,566.5667,544.8158,544.8158,21.7509,7.0965,3.561,1,1,1
2016,2016,test,faulty,8.0677,585.6546,576.0686,576.0686,9.586,7.73,3.561,1,1,1
2017,2017,test,faulty,7.7867,523.3736,514.116,514.116,9.2577,8.3255,3.561,1,1,1
2018,2018,test,faulty,8.9678,816.2159,811.2511,811.2511,4.9648,8.425,3.561,1,1,1
2019,2019,test,faulty,9.0816,848.909,839.2163,839.2163,9.6927,9.0708,3.561,1,1,1
2020,2020,test,faulty,8.8891,794.0962,788.4852,788.4852,5.6109,9.245,3.561,1,1,1
2021,2021,test,faulty,9.2387,895.4144,885.9314,885.9314,9.4831,9.8665,3.561,1,1,1
2022,2022,test,faulty,9.788,1070.8184,1075.2151,1075.2151,-4.3967,8.8844,3.561,1,1,1
2023,2023,test,faulty,9.5048,977.8605,966.9631,966.9631,10.8974,9.6694,3.561,1,1,1
2024,2024,test,faulty,9.2918,911.5007,913.225,913.225,-1.7242,8.996,3.561,1,1,1
2025,2025,test,faulty,9.0199,831.1056,823.4918,823.4918,7.6138,9.4016,3.561,1,1,1
2026,2026,test,faulty,8.59,713.5,703.2483,703.2483,10.2518,10.112,3.561,1,1,1
2027,2027,test,faulty,8.6691,734.2921,721.5332,721.5332,12.7589,11.112,3.561,1,1,1
2028,2028,test,faulty,8.2008,616.7324,611.7324,611.7324,5.0001,11.2156,3.561,1,1,1
2029,2029,test,faulty,7.8254,531.6848,517.3864,517.3864,14.2984,12.3935,3.561,1,1,1
2030,2030,test,faulty,7.3581,436.6591,419.1821,419.1821,17.477,13.9387,3.561,1,1,1
2031,2031,test,faulty,7.5543,475.1463,475.1372,475.1372,0.0091,13.4656,3.561,1,1,1
2032,2032,test,faulty,8.1436,603.2657,604.3051,604.3051,-1.0394,12.8714,3.561,1,1,1
2033,2033,test,faulty,7.8521,537.4693,530.6551,530.6551,6.8142,13.1846,3.561,1,1,1
2034,2034,test,faulty,8.1491,604.5451,598.3275,598.3275,6.2176,13.4289,3.561,1,1,1
2035,2035,test,faulty,8.7128,745.9364,765.3532,765.3532,-19.4169,10.7113,3.561,1,1,1
2036,2036,test,faulty,8.4257,671.5496,661.991,661.991,9.5587,11.3416,3.561,1,1,1
2037,2037,test,faulty,8.1843,612.8158,614.2685,614.2685,-1.4527,10.6996,3.561,1,1,1
2038,2038,test,faulty,7.9845,566.7521,555.7139,555.7139,11.0381,11.5008,3.561,1,1,1
2039,2039,test,faulty,8.4176,669.5317,662.0258,662.0258,7.5059,11.894,3.561,1,1,1
2040,2040,test,faulty,8.1619,607.5544,596.3189,596.3189,11.2355,12.718,3.561,1,1,1
2041,2041,test,faulty,8.3637,656.1352,652.4094,652.4094,3.7258,12.6744,3.561,1,1,1
2042,2042,test,faulty,8.296,639.585,620.8678,620.8678,18.7172,14.3628,3.561,1,1,1
2043,2043,test,faulty,8.0826,589.0944,589.2693,589.2693,-0.1749,13.8685,3.561,1,1,1
2044,2044,test,faulty,8.1727,610.093,606.5394,606.5394,3.5536,13.805,3.561,1,1,1
2045,2045,test,faulty,8.2488,628.1958,604.5545,604.5545,23.6413,16.0624,3.561,1,1,1
2046,2046,test,faulty,7.8966,547.2005,548.3639,548.3639,-1.1634,15.4538,3.561,1,1,1
2047,2047,test,faulty,7.734,512.1844,505.3065,505.3065,6.8779,15.7744,3.561,1,1,1
2048,2048,test,faulty,7.424,449.3647,447.7765,447.7765,1.5882,15.4838,3.561,1,1,1
2049,2049,test,faulty,8.0734,586.9715,569.9235,569.9235,17.048,16.9794,3.561,1,1,1
2050,2050,test,faulty,7.7894,523.9603,513.0149,513.0149,10.9453,17.7699,3.561,1,1,1
2051,2051,test,faulty,8.0978,592.6125,581.0165,581.0165,11.596,18.6356,3.561,1,1,1
2052,2052,test,faulty,8.2153,620.1658,623.9463,623.9463,-3.7806,17.7246,3.561,1,1,1
2053,2053,test,faulty,8.0311,577.3043,567.4641,567.4641,9.8402,18.3874,3.561,1,1,1
2054,2054,test,faulty,7.7395,513.3476,512.476,512.476,0.8716,18.014,3.561,1,1,1
2055,2055,test,faulty,7.6021,484.8164,479.2547,479.2547,5.5617,18.1825,3.561,1,1,1
2056,2056,test,faulty,7.588,481.9594,475.1569,475.1569,6.8025,18.4943,3.561,1,1,1
2057,2057,test,faulty,7.5487,474.017,473.2908,473.2908,0.7261,18.1041,3.561,1,1,1
2058,2058,test,faulty,7.4561,455.6346,450.0922,450.0922,5.5424,18.2704,3.561,1,1,1
2059,2059,test,faulty,7.7555,516.7292,503.5876,503.5876,13.1416,19.3146,3.561,1,1,1
2060,2060,test,faulty,7.8518,537.418,529.7053,529.7053,7.7127,19.7316,3.561,1,1,1
2061,2061,test,faulty,7.8835,544.3334,546.2134,546.2134,-1.8801,19.0403,3.561,1,1,1
2062,2062,test,faulty,8.3293,647.6949,635.304,635.304,12.391,19.9978,3.561,1,1,1
2063,2063,test,faulty,8.3235,646.2814,641.3827,641.3827,4.8987,20.0897,3.561,1,1,1
2064,2064,test,faulty,8.0952,592.0051,575.7336,575.7336,16.2715,21.4956,3.561,1,1,1
2065,2065,test,faulty,9.0269,833.0964,826.3652,826.3652,6.7312,21.7992,3.561,1,1,1
2066,2066,test,faulty,9.053,840.6365,838.9488,838.9488,1.6877,21.5201,3.561,1,1,1
2067,2067,test,faulty,8.5197,695.3525,690.0344,690.0344,5.3181,21.6604,3.561,1,1,1
2068,2068,test,faulty,8.065,585.0427,568.3129,568.3129,16.7298,23.1192,3.561,1,1,1
2069,2069,test,faulty,8.4571,679.4596,671.7377,671.7377,7.7218,23.5373,3.561,1,1,1
2070,2070,test,faulty,8.0029,570.9113,555.0812,555.0812,15.8302,24.8922,3.561,1,1,1
2071,2071,test,faulty,7.5736,479.0419,467.722,467.722,11.3199,25.726,3.561,1,1,1
2072,2072,test,faulty,7.4561,455.6266,435.5133,435.5133,20.1133,27.5758,3.561,1,1,1
2073,2073,test,faulty,7.7561,516.862,519.4847,519.4847,-2.6227,26.7986,3.561,1,1,1
2074,2074,test,faulty,7.7634,518.4119,514.9292,514.9292,3.4827,26.7269,3.561,1,1,1
2075,2075,test,faulty,8.1393,602.2545,587.548,587.548,14.7065,27.952,3.561,1,1,1
2076,2076,test,faulty,8.0458,580.651,562.4889,562.4889,18.1621,29.5763,3.561,1,1,1
2077,2077,test,faulty,8.4964,689.4116,677.1508,677.1508,12.2608,30.5188,3.561,1,1,1
2078,2078,test,faulty,8.5136,693.7906,686.4244,686.4244,7.3662,30.8958,3.561,1,1,1
2079,2079,test,faulty,8.8399,780.4717,779.9852,779.9852,0.4865,30.4779,3.561,1,1,1
2080,2080,test,faulty,8.5811,711.2049,695.4238,695.4238,15.781,31.8271,3.561,1,1,1
2081,2081,test,faulty,8.6329,724.7405,718.3947,718.3947,6.3458,32.0862,3.561,1,1,1
2082,2082,test,faulty,8.2338,624.5978,628.0298,628.0298,-3.4319,31.2155,3.561,1,1,1
2083,2083,test,faulty,7.8886,545.4488,543.6386,543.6386,1.8102,30.9505,3.561,1,1,1
2084,2084,test,faulty,8.2389,625.8119,634.2277,634.2277,-8.4158,29.504,3.561,1,1,1
2085,2085,test,faulty,7.983,566.4189,553.5531,553.5531,12.8658,30.5164,3.561,1,1,1
2086,2086,test,faulty,7.7436,514.1967,497.5833,497.5833,16.6134,31.9618,3.561,1,1,1
2087,2087,test,faulty,7.9475,558.478,550.4215,550.4215,8.0566,32.4186,3.561,1,1,1
2088,2088,test,faulty,7.6263,489.7793,483.2719,483.2719,6.5074,32.6963,3.561,1,1,1
2089,2089,test,faulty,8.2235,622.1306,618.7963,618.7963,3.3343,32.6074,3.561,1,1,1
2090,2090,test,faulty,8.3341,648.8757,647.4526,647.4526,1.4231,32.2977,3.561,1,1,1
2091,2091,test,faulty,8.1059,594.4746,580.2034,580.2034,14.2712,33.4725,3.561,1,1,1
2092,2092,test,faulty,7.7921,524.5224,511.3483,511.3483,13.1742,34.5205,3.561,1,1,1
2093,2093,test,faulty,7.3392,433.0661,422.1089,422.1089,10.9572,35.3124,3.561,1,1,1
2094,2094,test,faulty,7.3017,425.9712,428.8352,428.8352,-2.8641,34.5074,3.561,1,1,1
2095,2095,test,faulty,7.1211,392.842,388.2338,388.2338,4.6083,34.5657,3.561,1,1,1
2096,2096,test,faulty,6.7155,324.339,309.6367,309.6367,14.7023,35.7903,3.561,1,1,1
2097,2097,test,faulty,6.3655,271.5243,263.4888,263.4888,8.0355,36.2446,3.561,1,1,1
2098,2098,test,faulty,6.6179,309.0408,299.4543,299.4543,9.5865,36.8781,3.561,1,1,1
2099,2099,test,faulty,6.7398,328.2225,309.0371,309.0371,19.1854,38.6207,3.561,1,1,1
2100,2100,test,faulty,6.5671,301.2619,312.33,312.33,-11.0681,36.8677,3.561,1,1,1
2101,2101,test,faulty,6.6221,309.6938,310.5217,310.5217,-0.8279,36.2979,3.561,1,1,1
2102,2102,test,faulty,7.2346,413.4659,416.4997,416.4997,-3.0338,35.4733,3.561,1,1,1
2103,2103,test,faulty,6.8779,350.8044,349.2446,349.2446,1.5598,35.1794,3.561,1,1,1
2104,2104,test,faulty,7.0286,376.5102,364.4345,364.4345,12.0757,36.1005,3.561,1,1,1
2105,2105,test,faulty,7.4457,453.5896,460.9335,460.9335,-7.3438,34.7779,3.561,1,1,1
2106,2106,test,faulty,7.6043,485.2599,488.6121,488.6121,-3.3522,33.9164,3.561,1,1,1
2107,2107,test,faulty,8.3591,655.0064,642.4665,642.4665,12.5398,34.8912,3.561,1,1,1
2108,2108,test,faulty,7.9067,549.4388,533.2835,533.2835,16.1553,36.2836,3.561,1,1,1
2109,2109,test,faulty,8.2842,636.7238,626.8077,626.8077,9.9161,36.9552,3.561,1,1,1
2110,2110,test,faulty,9.6704,1031.5728,1029.6845,1029.6845,1.8883,36.6993,3.561,1,1,1
2111,2111,test,faulty,9.0462,838.6758,832.2179,832.2179,6.4579,36.9713,3.561,1,1,1
2112,2112,test,faulty,9.1041,855.4884,845.1834,845.1834,10.305,37.6878,3.561,1,1,1
2113,2113,test,faulty,8.8708,788.9965,782.4564,782.4564,6.5401,37.9693,3.561,1,1,1
2114,2114,test,faulty,8.8814,791.9679,782.2983,782.2983,9.6696,38.6124,3.561,1,1,1
2115,2115,test,faulty,8.9195,802.5926,801.2005,801.2005,1.392,38.2991,3.561,1,1,1
2116,2116,test,faulty,8.4071,666.9087,664.2986,664.2986,2.6101,38.1266,3.561,1,1,1
2117,2117,test,faulty,8.1368,601.6683,599.8238,599.8238,1.8445,37.8656,3.561,1,1,1
2118,2118,test,faulty,8.2377,625.5346,611.6171,611.6171,13.9174,38.9995,3.561,1,1,1
2119,2119,test,faulty,7.8927,546.3604,549.8162,549.8162,-3.4558,38.1261,3.561,1,1,1
2120,2120,test,faulty,7.6289,490.2946,489.8893,489.8893,0.4053,37.6988,3.561,1,1,1
2121,2121,test,faulty,7.2907,423.9014,414.3019,414.3019,9.5995,38.3338,3.561,1,1,1
2122,2122,test,faulty,7.3763,440.1454,438.9027,438.9027,1.2427,38.0032,3.561,1,1,1
2123,2123,test,faulty,7.4492,454.2666,437.7112,437.7112,16.5555,39.4419,3.561,1,1,1
2124,2124,test,faulty,7.086,386.6006,387.2411,387.2411,-0.6405,38.8938,3.561,1,1,1
2125,2125,test,faulty,7.1515,398.3082,397.7854,397.7854,0.5229,38.4801,3.561,1,1,1
2126,2126,test,faulty,7.3039,426.3898,425.5476,425.5476,0.8422,38.1033,3.561,1,1,1
2127,2127,test,faulty,7.2183,410.4719,403.5451,403.5451,6.9268,38.4295,3.561,1,1,1
2128,2128,test,faulty,7.0732,384.3365,373.2965,373.2965,11.0401,39.2309,3.561,1,1,1
2129,2129,test,faulty,7.0896,387.237,376.0138,376.0138,11.2232,40.0535,3.561,1,1,1
2130,2130,test,faulty,7.6793,500.7228,500.7931,500.7931,-0.0702,39.5713,3.561,1,1,1
2131,2131,test,faulty,7.136,395.5144,378.7854,378.7854,16.729,41.0301,3.561,1,1,1
2132,2132,test,faulty,7.5055,465.3834,462.7447,462.7447,2.6386,40.8608,3.561,1,1,1
2133,2133,test,faulty,7.4328,451.0742,442.8396,442.8396,8.2347,41.3381,3.561,1,1,1
2134,2134,test,faulty,7.5987,484.1365,476.6558,476.6558,7.4807,41.7283,3.561,1,1,1
2135,2135,test,faulty,8.2352,624.917,602.1725,602.1725,22.7445,43.8821,3.561,1,1,1
2136,2136,test,faulty,8.4449,676.3866,659.7475,659.7475,16.6391,45.3305,3.561,1,1,1
2137,2137,test,faulty,8.4483,677.2374,653.3942,653.3942,23.8432,47.6112,3.561,1,1,1
2138,2138,test,faulty,9.0372,836.0728,835.8685,835.8685,0.2043,47.1607,3.561,1,1,1
2139,2139,test,faulty,9.4189,950.7502,946.0973,946.0973,4.6529,47.2242,3.561,1,1,1
2140,2140,test,faulty,9.2504,898.9502,896.9968,896.9968,1.9534,46.9757,3.561,1,1,1
2141,2141,test,faulty,9.1962,882.688,872.8621,872.8621,9.8258,47.6369,3.561,1,1,1
2142,2142,test,faulty,9.6891,1037.7343,1024.0087,1024.0087,13.7256,48.7486,3.561,1,1,1
2143,2143,test,faulty,9.6877,1037.2785,1032.8358,1032.8358,4.4427,48.7878,3.561,1,1,1
2144,2144,test,faulty,9.7919,1072.1347,1055.8173,1055.8173,16.3174,50.199,3.561,1,1,1
2145,2145,test,faulty,9.2908,911.1967,908.4385,908.4385,2.7582,50.0436,3.561,1,1,1
2146,2146,test,faulty,8.7476,755.2801,741.8268,741.8268,13.4534,51.1239,3.561,1,1,1
2147,2147,test,faulty,8.3089,642.703,636.28,636.28,6.4229,51.3918,3.561,1,1,1
2148,2148,test,faulty,7.883,544.2274,520.5264,520.5264,23.701,53.6561,3.561,1,1,1
2149,2149,test,faulty,7.8706,541.5137,536.2479,536.2479,5.2658,53.7904,3.561,1,1,1
2150,2150,test,faulty,8.1221,598.2297,588.896,588.896,9.3337,54.3947,3.561,1,1,1
2151,2151,test,faulty,7.9609,561.4625,560.9343,560.9343,0.5282,53.9816,3.561,1,1,1
2152,2152,test,faulty,8.2055,617.8408,622.7338,622.7338,-4.8931,52.9422,3.561,1,1,1
2153,2153,test,faulty,7.7537,516.3372,505.0278,505.0278,11.3095,53.7747,3.561,1,1,1
2154,2154,test,faulty,8.0205,574.8991,573.9484,573.9484,0.9508,53.4105,3.561,1,1,1
2155,2155,test,faulty,7.9078,549.6796,527.1238,527.1238,22.5558,55.5424,3.561,1,1,1
2156,2156,test,faulty,7.7768,521.2671,522.949,522.949,-1.6818,54.874,3.561,1,1,1
2157,2157,test,faulty,8.2486,628.1254,621.2744,621.2744,6.851,55.1915,3.561,1,1,1
2158,2158,test,faulty,7.9913,568.2968,575.8189,575.8189,-7.5221,53.8482,3.561,1,1,1
2159,2159,test,faulty,7.97,563.5167,558.0442,558.0442,5.4725,54.0064,3.561,1,1,1
2160,2160,test,faulty,7.7653,518.8028,509.4806,509.4806,9.3222,54.6094,3.561,1,1,1
2161,2161,test,faulty,7.7075,506.6135,494.9164,494.9164,11.6971,55.4867,3.561,1,1,1
2162,2162,test,faulty,7.4495,454.34,461.7805,461.7805,-7.4405,54.1529,3.561,1,1,1
2163,2163,test,faulty,7.9222,552.8595,539.2744,539.2744,13.5851,55.2484,3.561,1,1,1
2164,2164,test,faulty,8.1734,610.2416,594.2603,594.2603,15.9813,56.6208,3.561,1,1,1
2165,2165,test,faulty,7.9664,562.7065,552.4146,552.4146,10.2919,57.3358,3.561,1,1,1
2166,2166,test,faulty,8.4396,675.0417,663.9193,663.9193,11.1224,58.1468,3.561,1,1,1
2167,2167,test,faulty,8.4515,678.0277,673.801,673.801,4.2268,58.161,3.561,1,1,1
2168,2168,test,faulty,8.196,615.5817,605.9394,605.9394,9.6423,58.801,3.561,1,1,1
2169,2169,test,faulty,8.5509,703.381,708.8046,708.8046,-5.4236,57.7002,3.561,1,1,1
2170,2170,test,faulty,8.5536,704.0656,687.3524,687.3524,16.7132,59.1571,3.561,1,1,1
2171,2171,test,faulty,8.2992,640.3624,634.3194,634.3194,6.043,59.3812,3.561,1,1,1
2172,2172,test,faulty,8.5403,700.6496,683.0692,683.0692,17.5804,60.9383,3.561,1,1,1
2173,2173,test,faulty,8.6374,725.9135,703.1444,703.1444,22.7692,63.095,3.561,1,1,1
2174,2174,test,faulty,8.5323,698.5807,694.198,694.198,4.3827,63.1272,3.561,1,1,1
2175,2175,test,faulty,8.137,601.7239,598.1029,598.1029,3.621,63.0715,3.561,1,1,1
2176,2176,test,faulty,8.068,585.7438,580.5474,580.5474,5.1964,63.1978,3.561,1,1,1
2177,2177,test,faulty,7.7112,507.3787,496.7336,496.7336,10.645,63.9536,3.561,1,1,1
2178,2178,test,faulty,7.7127,507.6875,493.9451,493.9451,13.7424,65.0672,3.561,1,1,1
2179,2179,test,faulty,8.166,608.5193,598.4086,598.4086,10.1107,65.7613,3.561,1,1,1
2180,2180,test,faulty,7.753,516.2022,505.5065,505.5065,10.6957,66.523,3.561,1,1,1
2181,2181,test,faulty,7.7877,523.5974,508.3065,508.3065,15.2908,67.8156,3.561,1,1,1
2182,2182,test,faulty,8.1876,613.6128,598.6308,598.6308,14.9821,69.0725,3.561,1,1,1
2183,2183,test,faulty,8.0755,587.4657,587.974,587.974,-0.5083,68.5396,3.561,1,1,1
2184,2184,test,faulty,8.0839,589.3989,597.4841,597.4841,-8.0852,67.1313,3.561,1,1,1
2185,2185,test,faulty,9.1983,883.3024,868.2436,868.2436,15.0588,68.3971,3.561,1,1,1
2186,2186,test,faulty,9.249,898.5215,876.9228,876.9228,21.5987,70.4185,3.561,1,1,1
2187,2187,test,faulty,9.5397,989.0279,982.4921,982.4921,6.5358,70.6995,3.561,1,1,1
2188,2188,test,faulty,9.4681,966.2129,951.8224,951.8224,14.3905,71.8881,3.561,1,1,1
2189,2189,test,faulty,9.4783,969.4442,977.169,977.169,-7.7248,70.5215,3.561,1,1,1
2190,2190,test,faulty,8.8897,794.2588,796.512,796.512,-2.2532,69.787,3.561,1,1,1
2191,2191,test,faulty,9.441,957.6717,948.0926,948.0926,9.579,70.4196,3.561,1,1,1
2192,2192,test,faulty,9.4783,969.4501,961.3355,961.3355,8.1145,70.8831,3.561,1,1,1
2193,2193,test,faulty,10.0881,1175.3983,1145.8149,1145.8149,29.5833,73.827,3.561,1,1,1
2194,2194,test,faulty,9.9891,1140.2085,1119.2634,1119.2634,20.9451,75.7729,3.561,1,1,1
2195,2195,test,faulty,9.9253,1117.8729,1103.9427,1103.9427,13.9301,76.9083,3.561,1,1,1
2196,2196,test,faulty,9.8982,1108.4731,1086.5702,1086.5702,21.9029,78.9648,3.561,1,1,1
2197,2197,test,faulty,10.0377,1157.3745,1137.0812,1137.0812,20.2933,80.8354,3.561,1,1,1
2198,2198,test,faulty,10.01,1147.5634,1127.8296,1127.8296,19.7338,82.6413,3.561,1,1,1
2199,2199,test,faulty,9.5154,981.2446,979.3057,979.3057,1.9389,82.3912,3.561,1,1,1
2200,2200,test,faulty,8.9834,820.6728,812.1129,812.1129,8.56,82.9061,3.561,1,1,1
2201,2201,test,faulty,8.8412,780.816,775.9928,775.9928,4.8232,82.9893,3.561,1,1,1
2202,2202,test,faulty,8.6694,734.3593,731.1973,731.1973,3.1621,82.8805,3.561,1,1,1
2203,2203,test,faulty,8.8272,776.9649,771.2693,771.2693,5.6956,83.0644,3.561,1,1,1
2204,2204,test,faulty,8.2815,636.0651,625.9362,625.9362,10.1289,83.7606,3.561,1,1,1
2205,2205,test,faulty,9.0237,832.1739,825.9067,825.9067,6.2671,84.0106,3.561,1,1,1
2206,2206,test,faulty,8.8964,796.1342,790.2228,790.2228,5.9114,84.2195,3.561,1,1,1
2207,2207,test,faulty,8.7612,758.9587,739.1145,739.1145,19.8442,86.0382,3.561,1,1,1
2208,2208,test,faulty,8.6521,729.784,718.429,718.429,11.355,86.876,3.561,1,1,1
2209,2209,test,faulty,8.155,605.9277,602.956,602.956,2.9717,86.7452,3.561,1,1,1
2210,2210,test,faulty,8.0216,575.1458,555.1378,555.1378,20.008,88.5828,3.561,1,1,1
2211,2211,test,faulty,8.436,674.145,675.307,675.307,-1.162,87.9745,3.561,1,1,1
2212,2212,test,faulty,8.8353,779.2061,777.3612,777.3612,1.8448,87.7135,3.561,1,1,1
2213,2213,test,faulty,8.6486,728.8672,710.7357,710.7357,18.1315,89.3343,3.561,1,1,1
2214,2214,test,faulty,9.4136,949.0791,927.7359,927.7359,21.3432,91.3262,3.561,1,1,1
2215,2215,test,faulty,9.3641,933.7032,933.9423,933.9423,-0.2392,90.8244,3.561,1,1,1
2216,2216,test,faulty,8.9749,818.2514,802.3559,802.3559,15.8956,92.1869,3.561,1,1,1
2217,2217,test,faulty,8.8868,793.4511,784.7269,784.7269,8.7242,92.7207,3.561,1,1,1
2218,2218,test,faulty,8.2298,623.6338,626.7169,626.7169,-3.0832,91.8904,3.561,1,1,1
2219,2219,test,faulty,8.1986,616.2174,602.7198,602.7198,13.4976,92.9758,3.561,1,1,1
2220,2220,test,faulty,8.29,638.126,634.2143,634.2143,3.9117,92.9536,3.561,1,1,1
2221,2221,test,faulty,8.7474,755.2278,748.2867,748.2867,6.9411,93.2815,3.561,1,1,1
2222,2222,test,faulty,8.6907,740.0197,718.5362,718.5362,21.4835,95.2896,3.561,1,1,1
2223,2223,test,faulty,8.6665,733.5939,728.0717,728.0717,5.5222,95.4535,3.561,1,1,1
2224,2224,test,faulty,8.3886,662.3043,646.1752,646.1752,16.1291,96.8429,3.561,1,1,1
2225,2225,test,faulty,8.2455,627.3846,624.4614,624.4614,2.9232,96.7065,3.561,1,1,1
2226,2226,test,faulty,7.8536,537.807,539.2284,539.2284,-1.4214,96.0682,3.561,1,1,1
2227,2227,test,faulty,7.8465,536.2565,538.7746,538.7746,-2.5181,95.3031,3.561,1,1,1
2228,2228,test,faulty,7.8885,545.4284,533.2444,533.2444,12.184,96.2367,3.561,1,1,1
2229,2229,test,faulty,8.3366,649.4837,646.6509,646.6509,2.8328,96.0899,3.561,1,1,1
2230,2230,test,faulty,8.0599,583.8752,580.1919,580.1919,3.6833,96.0414,3.561,1,1,1
2231,2231,test,faulty,8.1812,612.092,615.9328,615.9328,-3.8407,95.1235,3.561,1,1,1
2232,2232,test,faulty,8.1575,606.5065,604.7169,604.7169,1.7896,94.8561,3.561,1,1,1
2233,2233,test,faulty,7.968,563.0665,548.3528,548.3528,14.7137,96.082,3.561,1,1,1
2234,2234,test,faulty,7.8904,545.8555,531.9735,531.9735,13.882,97.2118,3.561,1,1,1
2235,2235,test,faulty,8.1959,615.5784,602.647,602.647,12.9314,98.2318,3.561,1,1,1
2236,2236,test,faulty,7.9975,569.6994,560.4598,560.4598,9.2396,98.8252,3.561,1,1,1
2237,2237,test,faulty,8.3492,652.5765,633.5772,633.5772,18.9993,100.5463,3.561,1,1,1
2238,2238,test,faulty,7.9032,548.6639,563.4941,563.4941,-14.8302,98.3587,3.561,1,1,1
2239,2239,test,faulty,7.315,428.4707,425.1912,425.1912,3.2795,98.2635,3.561,1,1,1
2240,2240,test,faulty,6.8162,340.6073,334.3773,334.3773,6.23,98.5092,3.561,1,1,1
2241,2241,test,faulty,6.8866,352.2663,348.5788,348.5788,3.6876,98.4611,3.561,1,1,1
2242,2242,test,faulty,7.0682,383.4417,377.0462,377.0462,6.3955,98.7259,3.561,1,1,1
2243,2243,test,faulty,7.0465,379.6398,362.1848,362.1848,17.455,100.2686,3.561,1,1,1
2244,2244,test,faulty,6.8556,347.1065,336.0964,336.0964,11.01,101.0666,3.561,1,1,1
2245,2245,test,faulty,7.1877,404.8654,408.5167,408.5167,-3.6513,100.1706,3.561,1,1,1
2246,2246,test,faulty,7.0954,388.2604,396.7183,396.7183,-8.4579,98.7192,3.561,1,1,1
2247,2247,test,faulty,7.2757,421.1071,419.7365,419.7365,1.3706,98.4034,3.561,1,1,1
2248,2248,test,faulty,7.4037,445.4231,433.8647,433.8647,11.5583,99.2648,3.561,1,1,1
2249,2249,test,faulty,7.9923,568.5215,549.4503,549.4503,19.0712,100.9941,3.561,1,1,1
2250,2250,test,faulty,7.7613,517.951,494.5524,494.5524,23.3986,103.2235,3.561,1,1,1
2251,2251,test,faulty,7.89,545.7501,542.7071,542.7071,3.0431,103.101,3.561,1,1,1
2252,2252,test,faulty,7.8082,527.9789,521.5021,521.5021,6.4768,103.3752,3.561,1,1,1
2253,2253,test,faulty,7.7552,516.6732,511.4115,511.4115,5.2617,103.509,3.561,1,1,1
2254,2254,test,faulty,7.4068,446.0182,447.1119,447.1119,-1.0937,102.9085,3.561,1,1,1
2255,2255,test,faulty,7.2175,410.3162,409.5581,409.5581,0.7581,102.522,3.561,1,1,1
2256,2256,test,faulty,7.0345,377.5351,374.2972,374.2972,3.2379,102.422,3.561,1,1,1
2257,2257,test,faulty,6.6611,315.7533,317.9914,317.9914,-2.2381,101.6893,3.561,1,1,1
2258,2258,test,faulty,6.426,280.2534,286.8846,286.8846,-6.6312,100.449,3.561,1,1,1
2259,2259,test,faulty,6.9071,355.7014,358.0475,358.0475,-2.3461,99.7038,3.561,1,1,1
2260,2260,test,faulty,6.6253,310.1854,320.8048,320.8048,-10.6194,98.0027,3.561,1,1,1
2261,2261,test,faulty,6.3551,270.0417,255.1627,255.1627,14.879,99.2477,3.561,1,1,1
2262,2262,test,faulty,6.7767,334.1732,324.765,324.765,9.4082,99.8606,3.561,1,1,1
2263,2263,test,faulty,7.0475,379.8139,383.0815,383.0815,-3.2676,99.0089,3.561,1,1,1
2264,2264,test,faulty,6.8572,347.3698,332.8008,332.8008,14.569,100.2181,3.561,1,1,1
2265,2265,test,faulty,6.5592,300.0622,294.9823,294.9823,5.08,100.3309,3.561,1,1,1
2266,2266,test,faulty,7.2273,412.1173,406.39,406.39,5.7274,100.5185,3.561,1,1,1
2267,2267,test,faulty,7.0165,374.405,361.7971,361.7971,12.6079,101.5011,3.561,1,1,1
2268,2268,test,faulty,6.7221,325.4014,328.6915,328.6915,-3.2901,100.6469,3.561,1,1,1
2269,2269,test,faulty,6.8291,342.724,339.747,339.747,2.977,100.5167,3.561,1,1,1
2270,2270,test,faulty,7.1584,399.5402,407.1526,407.1526,-7.6124,99.1631,3.561,1,1,1
2271,2271,test,faulty,7.4345,451.4041,447.2394,447.2394,4.1647,99.1701,3.561,1,1,1
2272,2272,test,faulty,7.7023,505.5169,510.0717,510.0717,-4.5549,98.1697,3.561,1,1,1
2273,2273,test,faulty,7.3745,439.7992,432.7999,432.7999,6.9993,98.5043,3.561,1,1,1
2274,2274,test,faulty,7.1643,400.6136,392.3698,392.3698,8.2438,98.9827,3.561,1,1,1
2275,2275,test,faulty,7.4287,450.2718,435.5238,435.5238,14.748,100.2125,3.561,1,1,1
2276,2276,test,faulty,7.2257,411.824,411.9522,411.9522,-0.1282,99.7236,3.561,1,1,1
2277,2277,test,faulty,6.9706,366.4781,361.5117,361.5117,4.9664,99.8233,3.561,1,1,1
2278,2278,test,faulty,7.2448,415.3489,404.1732,404.1732,11.1757,100.6404,3.561,1,1,1
2279,2279,test,faulty,6.9025,354.9218,347.7975,347.7975,7.1243,100.9894,3.561,1,1,1
2280,2280,test,faulty,6.8527,346.6243,337.2939,337.2939,9.3305,101.5934,3.561,1,1,1
2281,2281,test,faulty,7.4965,463.5992,459.8054,459.8054,3.7938,101.5576,3.561,1,1,1
2282,2282,test,faulty,7.588,481.9494,477.9074,477.9074,4.042,101.5505,3.561,1,1,1
2283,2283,test,faulty,7.729,511.119,498.2594,498.2594,12.8596,102.5621,3.561,1,1,1
2284,2284,test,faulty,8.0301,577.0624,568.7106,568.7106,8.3518,103.053,3.561,1,1,1
2285,2285,test,faulty,7.8797,543.5002,552.966,552.966,-9.4659,101.4852,3.561,1,1,1
2286,2286,test,faulty,7.9139,551.0229,549.8575,549.8575,1.1654,101.1457,3.561,1,1,1
2287,2287,test,faulty,7.4457,453.5804,448.9818,448.9818,4.5986,101.2029,3.561,1,1,1
2288,2288,test,faulty,7.4935,462.9904,468.3667,468.3667,-5.3763,100.1076,3.561,1,1,1
2289,2289,test,faulty,7.4348,451.4609,441.1159,441.1159,10.3449,100.8287,3.561,1,1,1
2290,2290,test,faulty,7.0726,384.2188,381.1109,381.1109,3.1079,100.7137,3.561,1,1,1
2291,2291,test,faulty,8.1297,600.0022,597.2023,597.2023,2.7999,100.5631,3.561,1,1,1
2292,2292,test,faulty,8.2553,629.7467,615.4754,615.4754,14.2713,101.7379,3.561,1,1,1
2293,2293,test,faulty,7.8225,531.0581,511.5857,511.5857,19.4724,103.5136,3.561,1,1,1
2294,2294,test,faulty,7.6655,497.8428,511.2183,511.2183,-13.3755,101.4941,3.561,1,1,1
2295,2295,test,faulty,7.3546,435.9933,430.678,430.678,5.3152,101.6341,3.561,1,1,1
2296,2296,test,faulty,7.9508,559.2173,552.8109,552.8109,6.4065,101.9001,3.561,1,1,1
2297,2297,test,faulty,7.663,497.3382,488.2512,488.2512,9.087,102.4759,3.561,1,1,1
2298,2298,test,faulty,7.8864,544.9707,540.692,540.692,4.2786,102.4962,3.561,1,1,1
2299,2299,test,faulty,8.0285,576.7148,561.7118,561.7118,15.003,103.7555,3.561,1,1,1
2300,2300,test,faulty,8.1189,597.5051,588.8827,588.8827,8.6224,104.2776,3.561,1,1,1
2301,2301,test,faulty,8.0457,580.625,573.5592,573.5592,7.0658,104.6199,3.561,1,1,1
2302,2302,test,faulty,7.6963,504.2615,508.0462,508.0462,-3.7847,103.7085,3.561,1,1,1
2303,2303,test,faulty,7.5418,472.6271,467.9746,467.9746,4.6524,103.7719,3.561,1,1,1
2304,2304,test,faulty,7.374,439.702,430.715,430.715,8.987,104.3361,3.561,1,1,1
2305,2305,test,faulty,7.6585,496.4112,485.6037,485.6037,10.8075,105.1107,3.561,1,1,1
2306,2306,test,faulty,7.4757,459.4887,457.0861,457.0861,2.4026,104.9142,3.561,1,1,1
2307,2307,test,faulty,7.5891,482.1779,475.941,475.941,6.237,105.1607,3.561,1,1,1
2308,2308,test,faulty,7.2904,423.8555,432.0229,432.0229,-8.1674,103.7429,3.561,1,1,1
2309,2309,test,faulty,7.2136,409.6014,391.6958,391.6958,17.9055,105.3376,3.561,1,1,1
2310,2310,test,faulty,7.5905,482.4583,489.5878,489.5878,-7.1296,104.0397,3.561,1,1,1
2311,2311,test,faulty,7.6798,500.8122,502.8743,502.8743,-2.0622,103.3273,3.561,1,1,1
2312,2312,test,faulty,7.5257,469.4111,457.4998,457.4998,11.9113,104.2294,3.561,1,1,1
2313,2313,test,faulty,7.3985,444.4224,433.5729,433.5729,10.8495,105.0089,3.561,1,1,1
2314,2314,test,faulty,7.6868,502.2869,487.1009,487.1009,15.186,106.2893,3.561,1,1,1
2315,2315,test,faulty,7.976,564.8533,562.1027,562.1027,2.7507,106.133,3.561,1,1,1
2316,2316,test,faulty,7.7329,511.9377,517.9868,517.9868,-6.0491,104.96,3.561,1,1,1
2317,2317,test,faulty,8.2288,623.3927,610.0696,610.0696,13.3232,106.0252,3.561,1,1,1
2318,2318,test,faulty,8.1514,605.0718,589.203,589.203,15.8688,107.3846,3.561,1,1,1
2319,2319,test,faulty,7.8585,538.8674,534.0191,534.0191,4.8484,107.4706,3.561,1,1,1
2320,2320,test,faulty,8.138,601.9507,599.3682,599.3682,2.5825,107.2949,3.561,1,1,1
2321,2321,test,faulty,8.8722,789.4003,789.0591,789.0591,0.3413,106.8602,3.561,1,1,1
2322,2322,test,faulty,8.2961,639.608,639.2905,639.2905,0.3174,106.4228,3.561,1,1,1
2323,2323,test,faulty,7.9529,559.6747,544.3215,544.3215,15.3532,107.7226,3.561,1,1,1
2324,2324,test,faulty,7.7346,512.2983,499.08,499.08,13.2183,108.7757,3.561,1,1,1
2325,2325,test,faulty,7.5057,465.4107,454.793,454.793,10.6177,109.5283,3.561,1,1,1
2326,2326,test,faulty,7.2379,414.0705,424.698,424.698,-10.6275,107.8263,3.561,1,1,1
2327,2327,test,faulty,7.2793,421.7772,415.2356,415.2356,6.5416,108.108,3.561,1,1,1
2328,2328,test,faulty,6.9149,357.0078,341.0484,341.0484,15.9593,109.4778,3.561,1,1,1
2329,2329,test,faulty,6.5121,292.9579,288.1698,288.1698,4.7881,109.5569,3.561,1,1,1
2330,2330,test,faulty,6.4164,278.8518,277.6565,277.6565,1.1953,109.2209,3.561,1,1,1
2331,2331,test,faulty,6.3047,262.909,253.9867,253.9867,8.9223,109.7777,3.561,1,1,1
2332,2332,test,faulty,7.0374,378.0465,369.0064,369.0064,9.0401,110.348,3.561,1,1,1
2333,2333,test,faulty,7.4192,448.4167,438.2969,438.2969,10.1199,111.0432,3.561,1,1,1
2334,2334,test,faulty,7.3812,441.092,436.4155,436.4155,4.6765,111.1094,3.561,1,1,1
2335,2335,test,faulty,7.1463,397.3725,385.8059,385.8059,11.5666,111.9717,3.561,1,1,1
2336,2336,test,faulty,7.8951,546.8912,552.27,552.27,-5.3787,110.8761,3.561,1,1,1
2337,2337,test,faulty,7.506,465.4713,457.0039,457.0039,8.4674,111.3803,3.561,1,1,1
2338,2338,test,faulty,7.1296,394.3705,379.4117,379.4117,14.9588,112.6345,3.561,1,1,1
2339,2339,test,faulty,7.8465,536.2716,527.9902,527.9902,8.2814,113.1172,3.561,1,1,1
2340,2340,test,faulty,7.6295,490.4248,479.0516,479.0516,11.3732,113.9572,3.561,1,1,1
2341,2341,test,faulty,7.4395,452.3721,443.7481,443.7481,8.624,114.4795,3.561,1,1,1
2342,2342,test,faulty,7.6368,491.9267,494.6626,494.6626,-2.7359,113.6892,3.561,1,1,1
2343,2343,test,faulty,7.5697,478.2509,473.7988,473.7988,4.4521,113.7295,3.561,1,1,1
2344,2344,test,faulty,7.9078,549.685,540.5661,540.5661,9.1189,114.309,3.561,1,1,1
2345,2345,test,faulty,7.9393,556.6545,558.5902,558.5902,-1.9356,113.6112,3.561,1,1,1
2346,2346,test,faulty,7.5355,471.3648,466.9809,466.9809,4.3838,113.6436,3.561,1,1,1
2347,2347,test,faulty,7.6052,485.4623,484.8442,484.8442,0.6181,113.2409,3.561,1,1,1
2348,2348,test,faulty,7.6029,484.9911,486.8259,486.8259,-1.8348,112.5548,3.561,1,1,1
2349,2349,test,faulty,7.7557,516.7644,509.4606,509.4606,7.3038,112.9245,3.561,1,1,1
2350,2350,test,faulty,7.5794,480.21,474.3194,474.3194,5.8906,113.131,3.561,1,1,1
2351,2351,test,faulty,7.569,478.1104,467.887,467.887,10.2234,113.8381,3.561,1,1,1
2352,2352,test,faulty,7.6668,498.13,502.5044,502.5044,-4.3744,112.8586,3.561,1,1,1
2353,2353,test,faulty,7.6263,489.7668,490.1886,490.1886,-0.4218,112.3357,3.561,1,1,1
2354,2354,test,faulty,7.5099,466.257,447.3313,447.3313,18.9257,114.0483,3.561,1,1,1
2355,2355,test,faulty,7.102,389.4377,390.2751,390.2751,-0.8373,113.4774,3.561,1,1,1
2356,2356,test,faulty,7.322,429.7931,433.8044,433.8044,-4.0113,112.5398,3.561,1,1,1
2357,2357,test,faulty,7.6668,498.1223,493.2635,493.2635,4.8588,112.6271,3.561,1,1,1
2358,2358,test,faulty,7.9124,550.6921,539.296,539.296,11.3961,113.4697,3.561,1,1,1
2359,2359,test,faulty,8.1242,598.7207,588.1073,588.1073,10.6134,114.2218,3.561,1,1,1
2360,2360,test,faulty,8.0445,580.3603,572.0859,572.0859,8.2744,114.7037,3.561,1,1,1
2361,2361,test,faulty,8.4486,677.2979,663.7929,663.7929,13.505,115.79,3.561,1,1,1
2362,2362,test,faulty,8.7116,745.5972,740.0198,740.0198,5.5774,115.9603,3.561,1,1,1
2363,2363,test,faulty,8.6572,731.1281,725.0374,725.0374,6.0907,116.1899,3.561,1,1,1
2364,2364,test,faulty,9.5511,992.6957,988.2251,988.2251,4.4706,116.2323,3.561,1,1,1
2365,2365,test,faulty,9.4889,972.7946,963.1026,963.1026,9.6921,116.878,3.561,1,1,1
2366,2366,test,faulty,8.97,816.856,807.784,807.784,9.0721,117.4521,3.561,1,1,1
2367,2367,test,faulty,9.0657,844.303,829.0063,829.0063,15.2966,118.7453,3.561,1,1,1
2368,2368,test,faulty,8.866,787.6845,776.3969,776.3969,11.2875,119.5754,3.561,1,1,1
2369,2369,test,faulty,8.608,718.205,716.3569,716.3569,1.8481,119.3148,3.561,1,1,1
2370,2370,test,faulty,8.3521,653.2909,648.1031,648.1031,5.1878,119.44,3.561,1,1,1
2371,2371,test,faulty,7.8241,531.4017,540.674,540.674,-9.2723,117.8946,3.561,1,1,1
2372,2372,test,faulty,7.7874,523.5159,519.0313,519.0313,4.4846,117.9386,3.561,1,1,1
2373,2373,test,faulty,8.0805,588.6036,577.7765,577.7765,10.8271,118.7155,3.561,1,1,1
2374,2374,test,faulty,7.8356,533.8912,517.851,517.851,16.0403,120.0946,3.561,1,1,1
2375,2375,test,faulty,8.2156,620.2486,597.8277,597.8277,22.4209,122.211,3.561,1,1,1
2376,2376,test,faulty,8.2204,621.3972,621.7168,621.7168,-0.3196,121.7,3.561,1,1,1
2377,2377,test,faulty,8.7904,766.9051,757.9305,757.9305,8.9746,122.2628,3.561,1,1,1
2378,2378,test,faulty,8.984,820.8411,817.4397,817.4397,3.4014,122.1817,3.561,1,1,1
2379,2379,test,faulty,9.0771,847.6138,838.1468,838.1468,9.467,122.8014,3.561,1,1,1
2380,2380,test,faulty,8.8621,786.5866,783.0469,783.0469,3.5398,122.7362,3.561,1,1,1
2381,2381,test,faulty,8.4002,665.1878,663.0128,663.0128,2.175,122.5134,3.561,1,1,1
2382,2382,test,faulty,8.8896,794.2442,787.9309,787.9309,6.3133,122.7687,3.561,1,1,1
2383,2383,test,faulty,8.3357,649.2496,653.5694,653.5694,-4.3197,121.7955,3.561,1,1,1
2384,2384,test,faulty,8.4402,675.2006,664.2381,664.2381,10.9626,122.588,3.561,1,1,1
2385,2385,test,faulty,8.5698,708.2582,701.5826,701.5826,6.6756,122.8852,3.561,1,1,1
2386,2386,test,faulty,9.2242,891.0588,871.4261,871.4261,19.6327,124.6794,3.561,1,1,1
2387,2387,test,faulty,9.277,906.9933,892.6172,892.6172,14.3761,125.8663,3.561,1,1,1
2388,2388,test,faulty,10.3984,1290.2345,1273.0763,1273.0763,17.1582,127.3747,3.561,1,1,1
2389,2389,test,faulty,10.287,1248.2191,1219.2221,1219.2221,28.997,130.2509,3.561,1,1,1
2390,2390,test,faulty,9.8791,1101.9108,1088.0648,1088.0648,13.846,131.3765,3.561,1,1,1
2391,2391,test,faulty,9.6605,1028.3095,1023.1377,1023.1377,5.1718,131.4999,3.561,1,1,1
2392,2392,test,faulty,9.7496,1057.9095,1040.6145,1040.6145,17.295,133.0241,3.561,1,1,1
2393,2393,test,faulty,9.1081,856.6585,825.1301,825.1301,31.5284,136.1928,3.561,1,1,1
2394,2394,test,faulty,8.6296,723.8536,704.2435,704.2435,19.6101,137.9844,3.561,1,1,1
2395,2395,test,faulty,8.4401,675.16,663.0192,663.0192,12.1409,138.9131,3.561,1,1,1
2396,2396,test,faulty,8.5897,713.4334,700.0412,700.0412,13.3921,139.9863,3.561,1,1,1
2397,2397,test,faulty,8.6081,718.2397,716.4621,716.4621,1.7776,139.7175,3.561,1,1,1
2398,2398,test,faulty,9.0811,848.7699,834.1047,834.1047,14.6653,140.9378,3.561,1,1,1
2399,2399,test,faulty,8.7452,754.6422,753.5391,753.5391,1.1031,140.5912,3.561,1,1,1
2400,2400,test,faulty,8.5317,698.4483,687.9278,687.9278,10.5204,141.3326,3.561,1,1,1
2401,2401,test,faulty,8.2877,637.5742,636.2772,636.2772,1.2969,141.0083,3.561,1,1,1
2402,2402,test,faulty,8.088,590.3471,586.1421,586.1421,4.205,141.02,3.561,1,1,1
2403,2403,test,faulty,8.065,585.0353,578.134,578.134,6.9013,141.3433,3.561,1,1,1
2404,2404,test,faulty,8.0195,574.6705,572.2209,572.2209,2.4496,141.1522,3.561,1,1,1
2405,2405,test,faulty,8.0981,592.6755,579.5638,579.5638,13.1117,142.193,3.561,1,1,1
2406,2406,test,faulty,8.2542,629.4722,627.2125,627.2125,2.2598,141.98,3.561,1,1,1
2407,2407,test,faulty,8.7483,755.4695,744.3597,744.3597,11.1099,142.7895,3.561,1,1,1
2408,2408,test,faulty,8.5676,707.6912,687.4561,687.4561,20.2351,144.6533,3.561,1,1,1
2409,2409,test,faulty,8.4261,671.6593,675.7694,675.7694,-4.1101,143.7043,3.561,1,1,1
2410,2410,test,faulty,7.9656,562.5218,543.9276,543.9276,18.5942,145.3786,3.561,1,1,1
2411,2411,test,faulty,7.9883,567.623,564.364,564.364,3.2589,145.281,3.561,1,1,1
2412,2412,test,faulty,7.4274,450.0258,445.4758,445.4758,4.55,145.3326,3.561,1,1,1
2413,2413,test,faulty,7.9965,569.4578,554.2616,554.2616,15.1963,146.6142,3.561,1,1,1
2414,2414,test,faulty,7.9707,563.6655,556.6882,556.6882,6.9773,146.9463,3.561,1,1,1
2415,2415,test,faulty,7.9348,555.6627,549.5189,549.5189,6.1438,147.182,3.561,1,1,1
2416,2416,test,faulty,7.8243,531.4618,531.3639,531.3639,0.098,146.7192,3.561,1,1,1
2417,2417,test,faulty,7.4628,456.9328,443.0694,443.0694,13.8634,147.8469,3.561,1,1,1
2418,2418,test,faulty,7.4122,447.0599,445.7321,445.7321,1.3279,147.5262,3.561,1,1,1
2419,2419,test,faulty,7.2749,420.9545,393.2815,393.2815,27.673,150.2494,3.561,1,1,1
2420,2420,test,faulty,6.9834,368.6846,371.2875,371.2875,-2.6029,149.4745,3.561,1,1,1
2421,2421,test,faulty,6.5344,296.3038,284.7018,284.7018,11.602,150.3409,3.561,1,1,1
2422,2422,test,faulty,7.0611,382.196,385.2355,385.2355,-3.0395,149.5156,3.561,1,1,1
2423,2423,test,faulty,6.812,339.9246,342.2181,342.2181,-2.2935,148.7765,3.561,1,1,1
2424,2424,test,faulty,6.9629,365.1688,356.7099,356.7099,8.4589,149.2797,3.561,1,1,1
2425,2425,test,faulty,6.8229,341.7116,337.5979,337.5979,4.1137,149.2809,3.561,1,1,1
2426,2426,test,faulty,6.612,308.1279,311.4015,311.4015,-3.2736,148.4285,3.561,1,1,1
2427,2427,test,faulty,7.1892,405.1337,400.6685,400.6685,4.4653,148.4703,3.561,1,1,1
2428,2428,test,faulty,7.85,537.032,518.6188,518.6188,18.4132,150.1237,3.561,1,1,1
2429,2429,test,faulty,7.465,457.3731,463.1067,463.1067,-5.7337,148.9871,3.561,1,1,1
2430,2430,test,faulty,7.4398,452.4432,464.4998,464.4998,-12.0566,147.1199,3.561,1,1,1
2431,2431,test,faulty,7.1624,400.2793,394.2455,394.2455,6.0338,147.343,3.561,1,1,1
2432,2432,test,faulty,7.621,488.686,475.4077,475.4077,13.2783,148.403,3.561,1,1,1
2433,2433,test,faulty,7.5869,481.7214,489.4583,489.4583,-7.7368,147.035,3.561,1,1,1
2434,2434,test,faulty,7.5267,469.6101,457.8205,457.8205,11.7896,147.923,3.561,1,1,1
2435,2435,test,faulty,8.021,575.016,572.5823,572.5823,2.4337,147.7301,3.561,1,1,1
2436,2436,test,faulty,7.8549,538.0975,528.9099,528.9099,9.1876,148.3175,3.561,1,1,1
2437,2437,test,faulty,8.0632,584.6264,575.7774,575.7774,8.8491,148.8658,3.561,1,1,1
2438,2438,test,faulty,7.9141,551.0746,542.4478,542.4478,8.6268,149.3884,3.561,1,1,1
2439,2439,test,faulty,8.263,631.5878,620.6645,620.6645,10.9233,150.1764,3.561,1,1,1
2440,2440,test,faulty,8.0402,579.3735,560.4041,560.4041,18.9694,151.894,3.561,1,1,1
2441,2441,test,faulty,7.9349,555.6831,541.2946,541.2946,14.3886,153.0823,3.561,1,1,1
2442,2442,test,faulty,7.6965,504.3006,508.301,508.301,-4.0004,152.146,3.561,1,1,1
2443,2443,test,faulty,7.5592,476.1277,474.0607,474.0607,2.067,151.9107,3.561,1,1,1
2444,2444,test,faulty,7.3063,426.8462,413.7527,413.7527,13.0935,152.9494,3.561,1,1,1
2445,2445,test,faulty,8.4251,671.4076,662.0246,662.0246,9.383,153.5594,3.561,1,1,1
2446,2446,test,faulty,8.8563,784.9943,775.9001,775.9001,9.0942,154.136,3.561,1,1,1
2447,2447,test,faulty,8.8345,778.988,761.7402,761.7402,17.2479,155.6547,3.561,1,1,1
2448,2448,test,faulty,8.8091,772.007,764.6021,764.6021,7.4048,156.0362,3.561,1,1,1
2449,2449,test,faulty,8.7116,745.6187,743.3342,743.3342,2.2845,155.826,3.561,1,1,1
2450,2450,test,faulty,8.5236,696.3511,677.1631,677.1631,19.188,157.5689,3.561,1,1,1
2451,2451,test,faulty,8.5915,713.9098,715.3988,715.3988,-1.489,156.9227,3.561,1,1,1
2452,2452,test,faulty,8.7061,744.1286,736.2952,736.2952,7.8334,157.3536,3.561,1,1,1
2453,2453,test,faulty,8.8165,774.022,771.3579,771.3579,2.6641,157.1873,3.561,1,1,1
2454,2454,test,faulty,8.8716,789.2364,780.2702,780.2702,8.9661,157.7492,3.561,1,1,1
2455,2455,test,faulty,8.7605,758.7812,739.7903,739.7903,18.9909,159.4693,3.561,1,1,1
2456,2456,test,faulty,8.2767,634.8984,623.9526,623.9526,10.9458,160.2598,3.561,1,1,1
2457,2457,test,faulty,8.5229,696.1684,690.6009,690.6009,5.5675,160.429,3.561,1,1,1
2458,2458,test,faulty,8.1842,612.8059,598.6618,598.6618,14.1442,161.5891,3.561,1,1,1
2459,2459,test,faulty,7.9674,562.9251,563.2098,563.2098,-0.2847,161.0821,3.561,1,1,1
2460,2460,test,faulty,7.9966,569.491,566.9229,566.9229,2.568,160.9046,3.561,1,1,1
2461,2461,test,faulty,7.8739,542.2423,507.3715,507.3715,34.8708,164.4595,3.561,1,1,1
2462,2462,test,faulty,7.7074,506.5817,490.5248,490.5248,16.0569,165.8406,3.561,1,1,1
2463,2463,test,faulty,7.3839,441.6105,433.6252,433.6252,7.9852,166.2891,3.561,1,1,1
2464,2464,test,faulty,8.0077,571.9955,564.7112,564.7112,7.2843,166.6566,3.561,1,1,1
2465,2465,test,faulty,7.9068,549.4499,533.033,533.033,16.417,168.0793,3.561,1,1,1
2466,2466,test,faulty,7.9241,553.2883,545.4056,545.4056,7.8827,168.516,3.561,1,1,1
2467,2467,test,faulty,8.1023,593.6499,597.9258,597.9258,-4.2759,167.5478,3.561,1,1,1
2468,2468,test,faulty,7.7172,508.6337,504.4749,504.4749,4.1588,167.5542,3.561,1,1,1
2469,2469,test,faulty,7.9181,551.9524,539.4848,539.4848,12.4676,168.5206,3.561,1,1,1
2470,2470,test,faulty,7.7452,514.5499,509.319,509.319,5.2309,168.6508,3.561,1,1,1
2471,2471,test,faulty,7.4986,464.0088,455.4772,455.4772,8.5316,169.1625,3.561,1,1,1
2472,2472,test,faulty,7.2046,407.9547,405.2249,405.2249,2.7298,169.0037,3.561,1,1,1
2473,2473,test,faulty,7.6367,491.9017,492.3981,492.3981,-0.4964,168.4723,3.561,1,1,1
2474,2474,test,faulty,7.536,471.4625,472.5723,472.5723,-1.1098,167.8699,3.561,1,1,1
2475,2475,test,faulty,7.8352,533.8005,521.3115,521.3115,12.489,168.8388,3.561,1,1,1
2476,2476,test,faulty,7.5559,475.4574,465.5552,465.5552,9.9022,169.5087,3.561,1,1,1
2477,2477,test,faulty,8.4511,677.9268,673.5373,673.5373,4.3896,169.5418,3.561,1,1,1
2478,2478,test,faulty,8.4551,678.9579,659.5743,659.5743,19.3836,171.3073,3.561,1,1,1
2479,2479,test,faulty,8.0366,578.5489,572.6584,572.6584,5.8905,171.5137,3.561,1,1,1
2480,2480,test,faulty,8.7107,745.3584,721.2725,721.2725,24.0859,173.8225,3.561,1,1,1
2481,2481,test,faulty,8.8303,777.8084,757.3012,757.3012,20.5072,175.7178,3.561,1,1,1
2482,2482,test,faulty,8.5842,711.997,711.2114,711.2114,0.7855,175.3344,3.561,1,1,1
2483,2483,test,faulty,8.7917,767.2499,765.539,765.539,1.7109,175.058,3.561,1,1,1
2484,2484,test,faulty,8.2229,621.9783,623.9998,623.9998,-2.0216,174.3503,3.561,1,1,1
2485,2485,test,faulty,8.3581,654.7568,643.1038,643.1038,11.653,175.2226,3.561,1,1,1
2486,2486,test,faulty,8.2982,640.1139,627.6361,627.6361,12.4778,176.1901,3.561,1,1,1
2487,2487,test,faulty,8.3158,644.3968,621.4337,621.4337,22.9632,178.3692,3.561,1,1,1
2488,2488,test,faulty,8.1708,609.6457,606.4706,606.4706,3.1751,178.2619,3.561,1,1,1
2489,2489,test,faulty,8.6114,719.1007,704.5121,704.5121,14.5887,179.4734,3.561,1,1,1
2490,2490,test,faulty,8.4679,682.1861,658.0105,658.0105,24.1755,181.7925,3.561,1,1,1
2491,2491,test,faulty,8.3525,653.3807,648.7599,648.7599,4.6209,181.8523,3.561,1,1,1
2492,2492,test,faulty,8.7222,748.4379,742.7082,742.7082,5.7297,182.0402,3.561,1,1,1
2493,2493,test,faulty,8.9103,800.0188,796.2053,796.2053,3.8135,182.0067,3.561,1,1,1
2494,2494,test,faulty,9.463,964.5975,959.0004,959.0004,5.5971,182.1792,3.561,1,1,1
2495,2495,test,faulty,9.3198,920.0536,905.4756,905.4756,14.578,183.3895,3.561,1,1,1
2496,2496,test,faulty,9.4352,955.8543,934.8018,934.8018,21.0525,185.3477,3.561,1,1,1
2497,2497,test,faulty,9.2647,903.2748,894.0536,894.0536,9.2213,185.9391,3.561,1,1,1
2498,2498,test,faulty,9.0322,834.6273,809.3432,809.3432,25.2841,188.3863,3.561,1,1,1
2499,2499,test,faulty,8.8342,778.9061,769.6551,769.6551,9.2511,188.981,3.561,1,1,1
2500,2500,test,faulty,8.9924,823.2158,818.5322,818.5322,4.6836,189.048,3.561,1,1,1
2501,2501,test,faulty,8.8096,772.1376,766.9173,766.9173,5.2204,189.1771,3.561,1,1,1
2502,2502,test,faulty,8.5757,709.7882,681.6168,681.6168,28.1714,191.9579,3.561,1,1,1
2503,2503,test,faulty,8.4394,674.9886,674.5402,674.5402,0.4484,191.5356,3.561,1,1,1
2504,2504,test,faulty,9.2614,902.2744,893.6376,893.6376,8.6368,192.0593,3.561,1,1,1
2505,2505,test,faulty,10.1789,1208.263,1185.9357,1185.9357,22.3273,194.1649,3.561,1,1,1
2506,2506,test,faulty,10.1662,1203.6547,1176.3652,1176.3652,27.2894,196.8438,3.561,1,1,1
2507,2507,test,faulty,9.8659,1097.356,1104.2468,1104.2468,-6.8908,195.5736,3.561,1,1,1
2508,2508,test,faulty,9.8965,1107.886,1104.5633,1104.5633,3.3227,195.4833,3.561,1,1,1
2509,2509,test,faulty,9.4917,973.6864,960.8726,960.8726,12.8138,196.4897,3.561,1,1,1
2510,2510,test,faulty,8.983,820.5621,815.5505,815.5505,5.0116,196.5946,3.561,1,1,1
2511,2511,test,faulty,8.6773,736.4707,726.7171,726.7171,9.7536,197.2475,3.561,1,1,1
2512,2512,test,faulty,9.1165,859.107,839.6277,839.6277,19.4794,199.024,3.561,1,1,1
2513,2513,test,faulty,8.9011,797.4505,776.5789,776.5789,20.8715,200.9614,3.561,1,1,1
2514,2514,test,faulty,8.4941,688.8383,675.3143,675.3143,13.5241,202.0498,3.561,1,1,1
2515,2515,test,faulty,8.0436,580.1411,567.5874,567.5874,12.5537,203.0262,3.561,1,1,1
2516,2516,test,faulty,8.5961,715.0927,692.1116,692.1116,22.9812,205.2073,3.561,1,1,1
2517,2517,test,faulty,8.4452,676.4457,675.9013,675.9013,0.5444,204.7961,3.561,1,1,1
2518,2518,test,faulty,8.6276,723.3445,711.3328,711.3328,12.0116,205.7098,3.561,1,1,1
2519,2519,test,faulty,8.5247,696.6309,696.4634,696.4634,0.1675,205.255,3.561,1,1,1
2520,2520,test,faulty,8.5285,697.6231,672.9048,672.9048,24.7183,207.6368,3.561,1,1,1
2521,2521,test,faulty,8.108,594.9693,580.7945,580.7945,14.1749,208.8005,3.561,1,1,1
2522,2522,test,faulty,8.54,700.565,695.2774,695.2774,5.2876,208.9373,3.561,1,1,1
2523,2523,test,faulty,8.8011,769.8134,745.4703,745.4703,24.3431,211.2758,3.561,1,1,1
2524,2524,test,faulty,8.5095,692.7422,675.9904,675.9904,16.7518,212.7372,3.561,1,1,1
2525,2525,test,faulty,8.1632,607.8551,610.2677,610.2677,-2.4125,211.9843,3.561,1,1,1
2526,2526,test,faulty,8.3177,644.8687,638.0909,638.0909,6.7778,212.2933,3.561,1,1,1
2527,2527,test,faulty,7.7328,511.9325,502.6157,502.6157,9.3168,212.8956,3.561,1,1,1
2528,2528,test,faulty,7.5985,484.0775,475.7551,475.7551,8.3225,213.3831,3.561,1,1,1
2529,2529,test,faulty,7.389,442.5781,427.3869,427.3869,15.1912,214.6642,3.561,1,1,1
2530,2530,test,faulty,8.0859,589.8535,572.7305,572.7305,17.1229,216.1684,3.561,1,1,1
2531,2531,test,faulty,7.8484,536.6669,536.4986,536.4986,0.1683,215.7137,3.561,1,1,1
2532,2532,test,faulty,7.7758,521.0491,519.7673,519.7673,1.2818,215.3877,3.561,1,1,1
2533,2533,test,faulty,8.2908,638.3109,612.9155,612.9155,25.3954,217.8478,3.561,1,1,1
2534,2534,test,faulty,8.5983,715.6723,710.7404,710.7404,4.9319,217.9435,3.561,1,1,1
2535,2535,test,faulty,8.7421,753.7986,725.1201,725.1201,28.6784,220.7829,3.561,1,1,1
2536,2536,test,faulty,8.1046,594.1775,591.7823,591.7823,2.3952,220.5855,3.561,1,1,1
2537,2537,test,faulty,8.2479,627.97,611.595,611.595,16.3751,222.0034,3.561,1,1,1
2538,2538,test,faulty,8.1247,598.8427,583.8194,583.8194,15.0232,223.265,3.561,1,1,1
2539,2539,test,faulty,8.3143,644.0335,618.1388,618.1388,25.8946,225.7828,3.561,1,1,1
2540,2540,test,faulty,8.3197,645.3468,633.378,633.378,11.9688,226.6916,3.561,1,1,1
2541,2541,test,faulty,8.2787,635.3928,624.5192,624.5192,10.8736,227.4738,3.561,1,1,1
2542,2542,test,faulty,9.0663,844.4858,822.3954,822.3954,22.0904,229.552,3.561,1,1,1
2543,2543,test,faulty,9.58,1002.0339,994.5605,994.5605,7.4733,229.9413,3.561,1,1,1
2544,2544,test,faulty,9.3679,934.8772,925.0902,925.0902,9.7871,230.598,3.561,1,1,1
2545,2545,test,faulty,9.5684,998.2832,984.2206,984.2206,14.0627,231.7487,3.561,1,1,1
2546,2546,test,faulty,9.4814,970.4416,962.9651,962.9651,7.4765,232.1384,3.561,1,1,1
2547,2547,test,faulty,10.1351,1192.3387,1164.7663,1164.7663,27.5724,234.85,3.561,1,1,1
2548,2548,test,faulty,9.896,1107.7226,1105.3534,1105.3534,2.3692,234.6496,3.561,1,1,1
2549,2549,test,faulty,9.947,1125.4493,1110.5439,1110.5439,14.9054,235.8977,3.561,1,1,1
2550,2550,test,faulty,9.6265,1017.1617,996.2462,996.2462,20.9155,237.8402,3.561,1,1,1
2551,2551,test,faulty,9.2426,896.607,878.4159,878.4159,18.1911,239.4678,3.561,1,1,1
2552,2552,test,faulty,8.6505,729.3615,716.4899,716.4899,12.8717,240.4809,3.561,1,1,1
2553,2553,test,faulty,8.2132,619.672,607.7556,607.7556,11.9163,241.3836,3.561,1,1,1
2554,2554,test,faulty,8.0587,583.5988,582.7903,582.7903,0.8084,241.0029,3.561,1,1,1
2555,2555,test,faulty,7.8947,546.7866,548.1196,548.1196,-1.333,240.3748,3.561,1,1,1
2556,2556,test,faulty,7.3713,439.1946,428.1265,428.1265,11.0681,241.1794,3.561,1,1,1
2557,2557,test,faulty,7.3813,441.1012,424.4998,424.4998,16.6015,242.6235,3.561,1,1,1
2558,2558,test,faulty,7.3999,444.6867,433.2448,433.2448,11.4419,243.4713,3.561,1,1,1
2559,2559,test,faulty,7.5463,473.5277,468.588,468.588,4.9396,243.5679,3.561,1,1,1
2560,2560,test,faulty,7.7037,505.8142,511.2404,511.2404,-5.4262,242.4669,3.561,1,1,1
2561,2561,test,faulty,8.25,628.4765,632.75,632.75,-4.2735,241.499,3.561,1,1,1
2562,2562,test,faulty,7.9667,562.7775,552.3692,552.3692,10.4084,242.2274,3.561,1,1,1
2563,2563,test,faulty,7.8452,535.9784,536.0756,536.0756,-0.0972,241.7421,3.561,1,1,1
2564,2564,test,faulty,7.2998,425.6111,418.6697,418.6697,6.9414,242.07,3.561,1,1,1
2565,2565,test,faulty,7.5839,481.1254,473.9402,473.9402,7.1852,242.4261,3.561,1,1,1
2566,2566,test,faulty,7.8285,532.3648,522.1412,522.1412,10.2236,243.1332,3.561,1,1,1
2567,2567,test,faulty,8.0149,573.6212,569.8758,569.8758,3.7455,243.0918,3.561,1,1,1
2568,2568,test,faulty,8.1458,603.7669,609.4058,609.4058,-5.6389,241.9662,3.561,1,1,1
2569,2569,test,faulty,8.4724,683.3293,684.3626,684.3626,-1.0333,241.3726,3.561,1,1,1
2570,2570,test,faulty,8.2651,632.1071,625.7201,625.7201,6.3871,241.6365,3.561,1,1,1
2571,2571,test,faulty,8.3154,644.2911,640.6197,640.6197,3.6714,241.5866,3.561,1,1,1
2572,2572,test,faulty,8.8458,782.0888,768.659,768.659,13.4298,242.6641,3.561,1,1,1
2573,2573,test,faulty,8.8883,793.8669,795.9356,795.9356,-2.0686,241.951,3.561,1,1,1
2574,2574,test,faulty,8.7316,750.9669,747.4027,747.4027,3.5643,241.8887,3.561,1,1,1
2575,2575,test,faulty,9.2601,901.8778,879.9558,879.9558,21.922,243.9474,3.561,1,1,1
2576,2576,test,faulty,9.012,828.8249,809.0683,809.0683,19.7567,245.756,3.561,1,1,1
2577,2577,test,faulty,8.5277,697.4196,678.9893,678.9893,18.4303,247.4113,3.561,1,1,1
2578,2578,test,faulty,8.3707,657.8715,659.6179,659.6179,-1.7464,246.7354,3.561,1,1,1
2579,2579,test,faulty,8.0891,590.6004,583.9254,583.9254,6.675,247.0325,3.561,1,1,1
2580,2580,test,faulty,8.6678,733.9395,738.7313,738.7313,-4.7918,246.0048,3.561,1,1,1
2581,2581,test,faulty,9.219,889.4887,871.3977,871.3977,18.091,247.6209,3.561,1,1,1
2582,2582,test,faulty,8.8587,785.6651,777.3963,777.3963,8.2688,248.1021,3.561,1,1,1
2583,2583,test,faulty,8.5002,690.3707,677.7932,677.7932,12.5775,249.0812,3.561,1,1,1
2584,2584,test,faulty,8.7774,763.3657,746.1883,746.1883,17.1774,250.5918,3.561,1,1,1
2585,2585,test,faulty,8.9427,809.1425,772.6267,772.6267,36.5157,254.3367,3.561,1,1,1
2586,2586,test,faulty,9.0745,846.8583,834.3104,834.3104,12.5479,255.3124,3.561,1,1,1
2587,2587,test,faulty,8.8139,773.3099,768.2245,768.2245,5.0853,255.4258,3.561,1,1,1
2588,2588,test,faulty,8.9632,814.9145,808.4803,808.4803,6.4342,255.6951,3.561,1,1,1
2589,2589,test,faulty,8.5106,693.0404,681.7135,681.7135,11.3269,256.5297,3.561,1,1,1
2590,2590,test,faulty,8.2055,617.8462,615.3853,615.3853,2.4609,256.3399,3.561,1,1,1
2591,2591,test,faulty,8.33,647.8757,647.9311,647.9311,-0.0554,255.8594,3.561,1,1,1
2592,2592,test,faulty,8.2154,620.1915,605.8226,605.8226,14.3689,257.0454,3.561,1,1,1
2593,2593,test,faulty,7.8703,541.4476,543.2187,543.2187,-1.771,256.3667,3.561,1,1,1
2594,2594,test,faulty,8.0868,590.0675,580.9597,580.9597,9.1079,256.9449,3.561,1,1,1
2595,2595,test,faulty,8.3494,652.6212,648.4611,648.4611,4.1601,256.9514,3.561,1,1,1
2596,2596,test,faulty,8.2004,616.6381,599.9889,599.9889,16.6493,258.401,3.561,1,1,1
2597,2597,test,faulty,7.585,481.3329,469.4766,469.4766,11.8563,259.2967,3.561,1,1,1
2598,2598,test,faulty,7.9409,557.0118,543.4928,543.4928,13.519,260.3846,3.561,1,1,1
2599,2599,test,faulty,7.9274,554.0192,536.6938,536.6938,17.3254,261.9123,3.561,1,1,1
2600,2600,test,faulty,8.7356,752.0548,740.8311,740.8311,11.2237,262.7349,3.561,1,1,1
2601,2601,test,faulty,8.9698,816.7979,809.7247,809.7247,7.0731,263.078,3.561,1,1,1
2602,2602,test,faulty,8.5791,710.6634,702.6126,702.6126,8.0508,263.5341,3.561,1,1,1
2603,2603,test,faulty,8.0741,587.147,579.6896,579.6896,7.4574,263.9216,3.561,1,1,1
2604,2604,test,faulty,8.2568,630.1097,618.7246,618.7246,11.3852,264.7629,3.561,1,1,1
2605,2605,test,faulty,8.3974,664.4983,647.3422,647.3422,17.1561,266.271,3.561,1,1,1
2606,2606,test,faulty,8.8216,775.4251,765.5126,765.5126,9.9125,266.9422,3.561,1,1,1
2607,2607,test,faulty,8.6007,716.3043,705.3365,705.3365,10.9679,267.7353,3.561,1,1,1
2608,2608,test,faulty,8.5912,713.8172,709.7594,709.7594,4.0578,267.73,3.561,1,1,1
2609,2609,test,faulty,8.2551,629.6939,611.1556,611.1556,18.5383,269.3978,3.561,1,1,1
2610,2610,test,faulty,8.3795,660.0476,653.0825,653.0825,6.9652,269.7285,3.561,1,1,1
2611,2611,test,faulty,8.3198,645.366,649.1663,649.1663,-3.8003,268.8153,3.561,1,1,1
2612,2612,test,faulty,8.0051,571.3969,564.679,564.679,6.7179,269.1173,3.561,1,1,1
2613,2613,test,faulty,8.4853,686.5926,674.3193,674.3193,12.2733,270.0613,3.561,1,1,1
2614,2614,test,faulty,8.6598,731.8308,725.3868,725.3868,6.444,270.3317,3.561,1,1,1
2615,2615,test,faulty,8.275,634.4917,635.6425,635.6425,-1.1507,269.7246,3.561,1,1,1
2616,2616,test,faulty,7.8327,533.2601,525.9914,525.9914,7.2687,270.0903,3.561,1,1,1
2617,2617,test,faulty,7.3866,442.1219,429.0602,429.0602,13.0617,271.1253,3.561,1,1,1
2618,2618,test,faulty,7.0473,379.7844,366.7215,366.7215,13.063,272.1605,3.561,1,1,1
2619,2619,test,faulty,7.4052,445.7214,439.6407,439.6407,6.0807,272.389,3.561,1,1,1
2620,2620,test,faulty,7.6476,494.1518,475.2003,475.2003,18.9516,274.1045,3.561,1,1,1
2621,2621,test,faulty,7.8154,529.5417,531.5111,531.5111,-1.9694,273.4028,3.561,1,1,1
2622,2622,test,faulty,8.2663,632.3871,612.5162,612.5162,19.8709,275.2246,3.561,1,1,1
2623,2623,test,faulty,8.1426,603.0297,588.3908,588.3908,14.6389,276.4419,3.561,1,1,1
2624,2624,test,faulty,8.223,622.0117,627.165,627.165,-5.1533,275.3723,3.561,1,1,1
2625,2625,test,faulty,8.6762,736.1791,714.9022,714.9022,21.2769,277.3566,3.561,1,1,1
2626,2626,test,faulty,8.3755,659.053,647.7491,647.7491,11.3039,278.1885,3.561,1,1,1
2627,2627,test,faulty,8.54,700.5773,687.7784,687.7784,12.799,279.1932,3.561,1,1,1
2628,2628,test,faulty,8.5714,708.6752,683.1139,683.1139,25.5613,281.6724,3.561,1,1,1
2629,2629,test,faulty,8.5367,699.7208,704.2768,704.2768,-4.556,280.6719,3.561,1,1,1
2630,2630,test,faulty,8.3132,643.7537,631.6889,631.6889,12.0648,281.5917,3.561,1,1,1
2631,2631,test,faulty,7.92,552.373,544.0296,544.0296,8.3434,282.0816,3.561,1,1,1
2632,2632,test,faulty,7.4614,456.6677,444.6531,444.6531,12.0146,282.9957,3.561,1,1,1
2633,2633,test,faulty,7.565,477.2949,460.8671,460.8671,16.4278,284.4196,3.561,1,1,1
2634,2634,test,faulty,7.2602,418.2082,410.1632,410.1632,8.045,284.875,3.561,1,1,1
2635,2635,test,faulty,7.0383,378.1958,362.1669,362.1669,16.0289,286.2529,3.561,1,1,1
2636,2636,test,faulty,6.9898,369.7773,362.3895,362.3895,7.3878,286.6323,3.561,1,1,1
2637,2637,test,faulty,7.1064,390.2109,391.6695,391.6695,-1.4586,285.9897,3.561,1,1,1
2638,2638,test,faulty,7.9195,552.2558,549.1676,549.1676,3.0882,285.8724,3.561,1,1,1
2639,2639,test,faulty,7.9782,565.3397,562.5742,562.5742,2.7655,285.7178,3.561,1,1,1
2640,2640,test,faulty,7.4331,451.1242,439.7582,439.7582,11.366,286.5569,3.561,1,1,1
2641,2641,test,faulty,7.6504,494.7337,486.6968,486.6968,8.0369,287.0113,3.561,1,1,1
2642,2642,test,faulty,7.1525,398.4861,402.9259,402.9259,-4.4399,286.0242,3.561,1,1,1
2643,2643,test,faulty,6.8973,354.0503,352.0318,352.0318,2.0185,285.7833,3.561,1,1,1
2644,2644,test,faulty,6.6969,321.3999,307.3744,307.3744,14.0255,286.9297,3.561,1,1,1
2645,2645,test,faulty,6.3736,272.6778,257.8703,257.8703,14.8076,288.1665,3.561,1,1,1
2646,2646,test,faulty,6.4533,284.2364,276.3921,276.3921,7.8444,288.5987,3.561,1,1,1
2647,2647,test,faulty,6.2155,250.583,247.3314,247.3314,3.2516,288.5003,3.561,1,1,1
2648,2648,test,faulty,6.2475,254.9642,244.2715,244.2715,10.6927,289.2616,3.561,1,1,1
2649,2649,test,faulty,6.1219,238.0217,233.3625,233.3625,4.6592,289.3258,3.561,1,1,1
2650,2650,test,faulty,6.8035,338.5307,337.7951,337.7951,0.7356,288.9367,3.561,1,1,1
2651,2651,test,faulty,7.414,447.4139,437.1805,437.1805,10.2335,289.6449,3.561,1,1,1
2652,2652,test,faulty,7.2202,410.8238,408.455,408.455,2.3688,289.4445,3.561,1,1,1
2653,2653,test,faulty,7.6828,501.44,482.738,482.738,18.7021,291.1312,3.561,1,1,1
2654,2654,test,faulty,7.7901,524.1047,512.6893,512.6893,11.4154,291.976,3.561,1,1,1
2655,2655,test,faulty,8.4473,676.9812,676.5118,676.5118,0.4694,291.5561,3.561,1,1,1
2656,2656,test,faulty,7.98,565.74,562.5208,562.5208,3.2192,291.454,3.561,1,1,1
2657,2657,test,faulty,7.638,492.1668,486.8918,486.8918,5.275,291.5893,3.561,1,1,1
2658,2658,test,faulty,7.1751,402.5702,395.5097,395.5097,7.0605,291.931,3.561,1,1,1
2659,2659,test,faulty,6.7587,331.2609,323.7464,323.7464,7.5146,292.3251,3.561,1,1,1
2660,2660,test,faulty,6.8142,340.2695,318.6314,318.6314,21.6381,294.351,3.561,1,1,1
2661,2661,test,faulty,6.9913,370.0433,357.8961,357.8961,12.1472,295.2804,3.561,1,1,1
2662,2662,test,faulty,7.2405,414.5513,421.2505,421.2505,-6.6992,294.0323,3.561,1,1,1
2663,2663,test,faulty,7.2929,424.3228,414.3528,414.3528,9.97,294.7101,3.561,1,1,1
2664,2664,test,faulty,7.4766,459.6619,455.4993,455.4993,4.1626,294.7169,3.561,1,1,1
2665,2665,test,faulty,7.2891,423.5979,410.6029,410.6029,12.995,295.7442,3.561,1,1,1
2666,2666,test,faulty,7.5555,475.3785,463.7877,463.7877,11.5908,296.6093,3.561,1,1,1
2667,2667,test,faulty,7.1496,397.9562,396.3607,396.3607,1.5955,296.3195,3.561,1,1,1
2668,2668,test,faulty,7.1532,398.6083,395.2609,395.2609,3.3474,296.2322,3.561,1,1,1
2669,2669,test,faulty,7.6294,490.4035,483.8033,483.8033,6.6001,296.5206,3.561,1,1,1
2670,2670,test,faulty,7.7958,525.323,522.1124,522.1124,3.2106,296.4175,3.561,1,1,1
2671,2671,test,faulty,8.1208,597.9378,590.2019,590.2019,7.7359,296.8371,3.561,1,1,1
2672,2672,test,faulty,7.9889,567.745,554.7418,554.7418,13.0032,297.8654,3.561,1,1,1
2673,2673,test,faulty,7.7641,518.5509,516.9475,516.9475,1.6034,297.5765,3.561,1,1,1
2674,2674,test,faulty,7.8979,547.4949,523.5319,523.5319,23.963,299.8711,3.561,1,1,1
2675,2675,test,faulty,7.6048,485.3748,479.2368,479.2368,6.138,300.1062,3.561,1,1,1
2676,2676,test,faulty,8.0151,573.6653,558.3755,558.3755,15.2898,301.3986,3.561,1,1,1
2677,2677,test,faulty,7.8961,547.1001,544.9338,544.9338,2.1663,301.1748,3.561,1,1,1
2678,2678,test,faulty,8.5068,692.0566,683.7036,683.7036,8.353,301.6658,3.561,1,1,1
2679,2679,test,faulty,8.6148,719.9779,700.0325,700.0325,19.9453,303.4962,3.561,1,1,1
2680,2680,test,faulty,8.4181,669.6597,655.2117,655.2117,14.448,304.6914,3.561,1,1,1
2681,2681,test,faulty,8.1983,616.1439,585.284,585.284,30.8599,307.7828,3.561,1,1,1
2682,2682,test,faulty,8.1799,611.7944,606.9677,606.9677,4.8268,307.8664,3.561,1,1,1
2683,2683,test,faulty,7.8892,545.5796,532.7745,532.7745,12.8052,308.8718,3.561,1,1,1
2684,2684,test,faulty,7.9391,556.602,557.3483,557.3483,-0.7463,308.3114,3.561,1,1,1
2685,2685,test,faulty,7.8331,533.3609,509.273,509.273,24.088,310.6204,3.561,1,1,1
2686,2686,test,faulty,8.2628,631.5599,621.6813,621.6813,9.8785,311.2877,3.561,1,1,1
2687,2687,test,faulty,8.0285,576.7164,571.7516,571.7516,4.9648,311.3872,3.561,1,1,1
2688,2688,test,faulty,8.0926,591.3964,580.1595,580.1595,11.2369,312.2114,3.561,1,1,1
2689,2689,test,faulty,7.9759,564.8284,543.8736,543.8736,20.9548,314.1584,3.561,1,1,1
2690,2690,test,faulty,7.9488,558.7644,555.8213,555.8213,2.9431,314.0243,3.561,1,1,1
2691,2691,test,faulty,8.1973,615.8994,627.5119,627.5119,-11.6125,312.2085,3.561,1,1,1
2692,2692,test,faulty,7.8648,540.2369,509.466,509.466,30.7709,315.2896,3.561,1,1,1
2693,2693,test,faulty,7.7513,515.8441,512.2337,512.2337,3.6103,315.2327,3.561,1,1,1
2694,2694,test,faulty,7.7626,518.2366,496.9427,496.9427,21.2938,317.2188,3.561,1,1,1
2695,2695,test,faulty,8.5162,694.4542,683.0216,683.0216,11.4326,318.0656,3.561,1,1,1
2696,2696,test,faulty,8.9812,820.0397,816.0409,816.0409,3.9989,318.0535,3.561,1,1,1
2697,2697,test,faulty,8.6152,720.0784,719.2424,719.2424,0.836,317.676,3.561,1,1,1
2698,2698,test,faulty,8.5738,709.2916,692.3236,692.3236,16.968,319.1624,3.561,1,1,1
2699,2699,test,faulty,8.7446,754.4781,744.0252,744.0252,10.4528,319.896,3.561,1,1,1
2700,2700,test,faulty,8.3647,656.3976,635.0548,635.0548,21.3428,321.8878,3.561,1,1,1
2701,2701,test,faulty,8.9181,802.2227,794.2254,794.2254,7.9973,322.3377,3.561,1,1,1
2702,2702,test,faulty,8.9164,801.7192,798.7712,798.7712,2.948,322.2042,3.561,1,1,1
2703,2703,test,faulty,9.107,856.3208,833.3575,833.3575,22.9633,324.3832,3.561,1,1,1
2704,2704,test,faulty,8.527,697.2216,697.3992,697.3992,-0.1776,323.8886,3.561,1,1,1
2705,2705,test,faulty,8.5428,701.2818,682.9088,682.9088,18.3729,325.5373,3.561,1,1,1
2706,2706,test,faulty,8.2903,638.1852,624.1375,624.1375,14.0477,326.6863,3.561,1,1,1
2707,2707,test,faulty,8.7531,756.7838,747.7193,747.7193,9.0645,327.2595,3.561,1,1,1
2708,2708,test,faulty,8.6931,740.6555,735.5025,735.5025,5.1529,327.3807,3.561,1,1,1
2709,2709,test,faulty,9.1422,866.6822,847.5786,847.5786,19.1036,329.1138,3.561,1,1,1
2710,2710,test,faulty,8.9481,810.6565,808.7038,808.7038,1.9527,328.8653,3.561,1,1,1
2711,2711,test,faulty,8.5641,706.7834,691.7887,691.7887,14.9947,330.1237,3.561,1,1,1
2712,2712,test,faulty,8.361,655.4788,647.2101,647.2101,8.2687,330.6049,3.561,1,1,1
2713,2713,test,faulty,8.2688,633.008,612.1597,612.1597,20.8483,332.5396,3.561,1,1,1
2714,2714,test,faulty,7.9797,565.6743,559.0756,559.0756,6.5987,332.8279,3.561,1,1,1
2715,2715,test,faulty,7.8678,540.89,540.6411,540.6411,0.2489,332.3825,3.561,1,1,1
2716,2716,test,faulty,8.4723,683.2824,669.8685,669.8685,13.4139,333.4583,3.561,1,1,1
2717,2717,test,faulty,8.2624,631.4439,617.5596,617.5596,13.8843,334.5883,3.561,1,1,1
2718,2718,test,faulty,7.9819,566.1733,546.7633,546.7633,19.41,336.3569,3.561,1,1,1
2719,2719,test,faulty,7.8406,534.9804,536.3145,536.3145,-1.3341,335.7286,3.561,1,1,1
2720,2720,test,faulty,7.7705,519.9198,511.4745,511.4745,8.4453,336.2303,3.561,1,1,1
2721,2721,test,faulty,7.2534,416.9525,411.2031,411.2031,5.7494,336.4204,3.561,1,1,1
2722,2722,test,faulty,7.436,451.7037,445.5984,445.5984,6.1053,336.6517,3.561,1,1,1
2723,2723,test,faulty,7.1734,402.2609,403.9164,403.9164,-1.6555,335.9863,3.561,1,1,1
2724,2724,test,faulty,7.1784,403.1723,394.4835,394.4835,8.6887,336.5161,3.561,1,1,1
2725,2725,test,faulty,7.2379,414.0832,416.6648,416.6648,-2.5816,335.7437,3.561,1,1,1
2726,2726,test,faulty,7.3484,434.8045,426.4114,426.4114,8.3932,336.2393,3.561,1,1,1
2727,2727,test,faulty,7.9011,548.1928,547.4063,547.4063,0.7865,335.8561,3.561,1,1,1
2728,2728,test,faulty,7.712,507.5522,512.1242,512.1242,-4.572,334.8537,3.561,1,1,1
2729,2729,test,faulty,7.6395,492.4727,476.7351,476.7351,15.7376,336.1979,3.561,1,1,1
2730,2730,test,faulty,7.3925,443.2594,436.2435,436.2435,7.0158,336.5344,3.561,1,1,1
2731,2731,test,faulty,6.9751,367.2573,352.4369,352.4369,14.8205,337.7726,3.561,1,1,1
2732,2732,test,faulty,6.4825,288.5572,270.115,270.115,18.4422,339.4293,3.561,1,1,1
2733,2733,test,faulty,6.6066,307.301,297.3619,297.3619,9.9391,340.1036,3.561,1,1,1
2734,2734,test,faulty,6.8715,349.7373,345.8219,345.8219,3.9154,340.0818,3.561,1,1,1
2735,2735,test,faulty,7.4429,453.052,452.6086,452.6086,0.4434,339.6589,3.561,1,1,1
2736,2736,test,faulty,7.2461,415.5925,414.2892,414.2892,1.3033,339.3354,3.561,1,1,1
2737,2737,test,faulty,7.1769,402.8944,402.7417,402.7417,0.1527,338.8789,3.561,1,1,1
2738,2738,test,faulty,6.9845,368.8695,358.2321,358.2321,10.6374,339.6339,3.561,1,1,1
2739,2739,test,faulty,6.5665,301.1605,307.1668,307.1668,-6.0063,338.4658,3.561,1,1,1
2740,2740,test,faulty,6.8927,353.2837,339.6906,339.6906,13.5931,339.5622,3.561,1,1,1
2741,2741,test,faulty,7.315,428.4779,429.9882,429.9882,-1.5103,338.9136,3.561,1,1,1
2742,2742,test,faulty,7.7956,525.2728,506.8448,506.8448,18.428,340.5686,3.561,1,1,1
2743,2743,test,faulty,8.1683,609.0427,593.7343,593.7343,15.3084,341.8632,3.561,1,1,1
2744,2744,test,faulty,7.7577,517.1957,500.8388,500.8388,16.357,343.279,3.561,1,1,1
2745,2745,test,faulty,8.0617,584.2857,577.8749,577.8749,6.4108,343.5456,3.561,1,1,1
2746,2746,test,faulty,8.1912,614.4463,612.0997,612.0997,2.3466,343.3426,3.561,1,1,1
2747,2747,test,faulty,8.09,590.7964,588.8527,588.8527,1.9437,343.093,3.561,1,1,1
2748,2748,test,faulty,8.8641,787.1534,770.8182,770.8182,16.3352,344.5063,3.561,1,1,1
2749,2749,test,faulty,8.6438,727.6023,721.0196,721.0196,6.5827,344.7927,3.561,1,1,1
2750,2750,test,faulty,8.4488,677.3649,672.3991,672.3991,4.9658,344.8924,3.561,1,1,1
2751,2751,test,faulty,9.3573,931.5986,910.614,910.614,20.9846,346.8428,3.561,1,1,1
2752,2752,test,faulty,9.6731,1032.4378,1023.4106,1023.4106,9.0272,347.4117,3.561,1,1,1
2753,2753,test,faulty,9.4854,971.6952,962.0086,962.0086,9.6866,348.0568,3.561,1,1,1
2754,2754,test,faulty,8.9365,807.3802,787.1196,787.1196,20.2606,349.9236,3.561,1,1,1
2755,2755,test,faulty,8.8475,782.5534,773.7332,773.7332,8.8202,350.4685,3.561,1,1,1
2756,2756,test,faulty,9.1135,858.2476,835.9773,835.9773,22.2703,352.5675,3.561,1,1,1
2757,2757,test,faulty,9.448,959.8882,937.572,937.572,22.3161,354.6718,3.561,1,1,1
2758,2758,test,faulty,9.692,1038.7167,1026.1919,1026.1919,12.5248,355.6448,3.561,1,1,1
2759,2759,test,faulty,9.8253,1083.4862,1060.7275,1060.7275,22.7587,357.8002,3.561,1,1,1
2760,2760,test,faulty,10.3044,1254.7105,1239.0206,1239.0206,15.6899,359.1389,3.561,1,1,1
2761,2761,test,faulty,9.8866,1104.4791,1071.1645,1071.1645,33.3146,362.514,3.561,1,1,1
2762,2762,test,faulty,9.492,973.7836,956.8812,956.8812,16.9024,363.9928,3.561,1,1,1
2763,2763,test,faulty,9.2569,900.9146,886.7428,886.7428,14.1718,365.1561,3.561,1,1,1
2764,2764,test,faulty,9.629,1017.9539,1005.859,1005.859,12.0949,366.0794,3.561,1,1,1
2765,2765,test,faulty,9.3325,923.9363,916.0735,916.0735,7.8628,366.5138,3.561,1,1,1
2766,2766,test,faulty,9.2855,909.5947,899.8322,899.8322,9.7624,367.1676,3.561,1,1,1
2767,2767,test,faulty,9.2731,905.8142,883.4428,883.4428,22.3714,369.2783,3.561,1,1,1
2768,2768,test,faulty,8.9929,823.3706,809.8106,809.8106,13.56,370.3709,3.561,1,1,1
2769,2769,test,faulty,8.9697,816.7695,813.2151,813.2151,3.5544,370.3074,3.561,1,1,1
2770,2770,test,faulty,9.6131,1012.7612,999.6472,999.6472,13.114,371.3485,3.561,1,1,1
2771,2771,test,faulty,10.0777,1171.6662,1133.6203,1133.6203,38.0459,375.2702,3.561,1,1,1
2772,2772,test,faulty,9.3905,941.8689,920.5532,920.5532,21.3157,377.2589,3.561,1,1,1
2773,2773,test,faulty,8.8638,787.0718,771.5751,771.5751,15.4967,378.5753,3.561,1,1,1
2774,2774,test,faulty,8.5836,711.8416,690.5658,690.5658,21.2758,380.5594,3.561,1,1,1
2775,2775,test,faulty,8.1939,615.1056,601.1624,601.1624,13.9432,381.6963,3.561,1,1,1
2776,2776,test,faulty,8.0075,571.9554,562.8663,562.8663,9.0891,382.2723,3.561,1,1,1
2777,2777,test,faulty,8.1325,600.6721,593.7315,593.7315,6.9406,382.6001,3.561,1,1,1
2778,2778,test,faulty,8.0222,575.2747,569.8134,569.8134,5.4613,382.757,3.561,1,1,1
2779,2779,test,faulty,8.0485,581.2726,566.4842,566.4842,14.7885,383.9915,3.561,1,1,1
2780,2780,test,faulty,8.4084,667.2397,662.7037,662.7037,4.536,384.0415,3.561,1,1,1
2781,2781,test,faulty,8.7429,754.0294,733.3302,733.3302,20.6992,385.959,3.561,1,1,1
2782,2782,test,faulty,8.3017,640.9639,647.0129,647.0129,-6.049,384.7859,3.561,1,1,1
2783,2783,test,faulty,8.2353,624.9427,614.2418,614.2418,10.7009,385.5482,3.561,1,1,1
2784,2784,test,faulty,8.0286,576.7214,571.6301,571.6301,5.0913,385.6623,3.561,1,1,1
2785,2785,test,faulty,8.2324,624.2629,612.686,612.686,11.5769,386.5258,3.561,1,1,1
2786,2786,test,faulty,8.4112,667.9308,655.3587,655.3587,12.5721,387.5043,3.561,1,1,1
2787,2787,test,faulty,8.9068,799.0427,782.7718,782.7718,16.2709,388.9101,3.561,1,1,1
2788,2788,test,faulty,8.8242,776.1433,765.9405,765.9405,10.2028,389.6148,3.561,1,1,1
2789,2789,test,faulty,8.3187,645.098,631.0075,631.0075,14.0905,390.7687,3.561,1,1,1
2790,2790,test,faulty,7.8843,544.5056,525.0487,525.0487,19.4569,392.5426,3.561,1,1,1
2791,2791,test,faulty,7.7595,517.5784,499.5331,499.5331,18.0453,394.1535,3.561,1,1,1
2792,2792,test,faulty,7.4436,453.1696,431.0961,431.0961,22.0734,396.2297,3.561,1,1,1
2793,2793,test,faulty,7.4638,457.1437,440.3031,440.3031,16.8407,397.7014,3.561,1,1,1
2794,2794,test,faulty,7.2813,422.1383,424.0295,424.0295,-1.8912,397.0087,3.561,1,1,1
2795,2795,test,faulty,7.2108,409.0974,421.2093,421.2093,-12.1119,395.1352,3.561,1,1,1
2796,2796,test,faulty,7.2371,413.9254,404.335,404.335,9.5904,395.7692,3.561,1,1,1
2797,2797,test,faulty,7.6431,493.2324,481.3302,481.3302,11.9022,396.6702,3.561,1,1,1
2798,2798,test,faulty,7.5956,483.5018,480.2722,480.2722,3.2296,396.5693,3.561,1,1,1
2799,2799,test,faulty,7.7807,522.0909,514.1399,514.1399,7.951,397.0138,3.561,1,1,1
2800,2800,test,faulty,7.4835,461.0253,458.6208,458.6208,2.4045,396.8175,3.561,1,1,1
2801,2801,test,faulty,7.2191,410.6176,408.6532,408.6532,1.9643,396.5703,3.561,1,1,1
2802,2802,test,faulty,7.0447,379.313,377.3466,377.3466,1.9665,396.3234,3.561,1,1,1
2803,2803,test,faulty,7.1887,405.0498,402.5096,402.5096,2.5402,396.1428,3.561,1,1,1
2804,2804,test,faulty,7.5388,472.026,471.1417,471.1417,0.8843,395.7708,3.561,1,1,1
2805,2805,test,faulty,8.4058,666.577,644.7914,644.7914,21.7856,397.8138,3.561,1,1,1
2806,2806,test,faulty,8.6985,742.1084,728.0466,728.0466,14.0618,398.9644,3.561,1,1,1
2807,2807,test,faulty,8.912,800.4887,790.1539,790.1539,10.3348,399.6844,3.561,1,1,1
2808,2808,test,faulty,8.866,787.6678,779.4056,779.4056,8.2622,400.1649,3.561,1,1,1
2809,2809,test,faulty,10.1048,1181.3998,1164.0302,1164.0302,17.3695,401.6976,3.561,1,1,1
2810,2810,test,faulty,10.4811,1322.0376,1302.4172,1302.4172,19.6204,403.4905,3.561,1,1,1
2811,2811,test,faulty,10.8855,1484.8577,1460.03,1460.03,24.8278,405.8849,3.561,1,1,1
2812,2812,test,faulty,10.63,1380.5506,1362.9331,1362.9331,17.6174,407.4463,3.561,1,1,1
2813,2813,test,faulty,10.2432,1231.9149,1209.5186,1209.5186,22.3963,409.5599,3.561,1,1,1
2814,2814,test,faulty,9.7907,1071.7378,1053.8317,1053.8317,17.9061,411.1547,3.561,1,1,1
2815,2815,test,faulty,9.2778,907.2414,888.5862,888.5862,18.6552,412.836,3.561,1,1,1
2816,2816,test,faulty,9.8895,1105.4929,1087.0931,1087.0931,18.3999,414.4878,3.561,1,1,1
2817,2817,test,faulty,9.7017,1041.9062,1025.3227,1025.3227,16.5835,415.9297,3.561,1,1,1
2818,2818,test,faulty,9.5213,983.1233,949.5233,949.5233,33.5999,419.3377,3.561,1,1,1
2819,2819,test,faulty,9.3636,933.5387,913.2952,913.2952,20.2435,421.2026,3.561,1,1,1
2820,2820,test,faulty,9.7157,1046.5617,1032.2506,1032.2506,14.3111,422.3819,3.561,1,1,1
2821,2821,test,faulty,9.8913,1106.1151,1080.0486,1080.0486,26.0664,424.9195,3.561,1,1,1
2822,2822,test,faulty,9.4441,958.6572,943.6816,943.6816,14.9756,426.1757,3.561,1,1,1
2823,2823,test,faulty,9.2107,887.0217,863.3965,863.3965,23.6252,428.4313,3.561,1,1,1
2824,2824,test,faulty,9.3113,917.461,894.3915,894.3915,23.0694,430.6226,3.561,1,1,1
2825,2825,test,faulty,9.1612,872.287,855.6148,855.6148,16.6722,432.0748,3.561,1,1,1
2826,2826,test,faulty,8.7447,754.4954,735.2715,735.2715,19.2239,433.8218,3.561,1,1,1
2827,2827,test,faulty,8.6229,722.0927,719.0236,719.0236,3.0691,433.7023,3.561,1,1,1
2828,2828,test,faulty,8.8607,786.1975,767.9193,767.9193,18.2782,435.34,3.561,1,1,1
2829,2829,test,faulty,8.8547,784.5583,773.8013,773.8013,10.757,436.1088,3.561,1,1,1
2830,2830,test,faulty,8.3629,655.9561,642.8833,642.8833,13.0728,437.1451,3.561,1,1,1
2831,2831,test,faulty,7.9677,562.9893,554.7132,554.7132,8.2761,437.6272,3.561,1,1,1
2832,2832,test,faulty,7.8344,533.6468,511.0967,511.0967,22.5501,439.7585,3.561,1,1,1
2833,2833,test,faulty,7.7721,520.2636,523.3264,523.3264,-3.0628,438.9305,3.561,1,1,1
2834,2834,test,faulty,8.1907,614.3311,597.2659,597.2659,17.0652,440.4281,3.561,1,1,1
2835,2835,test,faulty,7.881,543.7775,531.5848,531.5848,12.1927,441.3627,3.561,1,1,1
2836,2836,test,faulty,8.1114,595.7547,575.1985,575.1985,20.5563,443.2637,3.561,1,1,1
2837,2837,test,faulty,7.8342,533.5894,525.5616,525.5616,8.0278,443.7171,3.561,1,1,1
2838,2838,test,faulty,7.7931,524.7364,521.3181,521.3181,3.4182,443.6379,3.561,1,1,1
2839,2839,test,faulty,7.5004,464.3629,463.8016,463.8016,0.5613,443.2286,3.561,1,1,1
2840,2840,test,faulty,7.6206,488.5932,479.1507,479.1507,9.4425,443.8455,3.561,1,1,1
2841,2841,test,faulty,7.6801,500.8876,495.5462,495.5462,5.3413,443.9885,3.561,1,1,1
2842,2842,test,faulty,7.9306,554.7307,545.6593,545.6593,9.0714,444.5625,3.561,1,1,1
2843,2843,test,faulty,7.7916,524.4262,522.0521,522.0521,2.374,444.3627,3.561,1,1,1
2844,2844,test,faulty,7.7111,507.352,497.5525,497.5525,9.7995,445.0208,3.561,1,1,1
2845,2845,test,faulty,7.6707,498.9226,487.3046,487.3046,11.618,445.889,3.561,1,1,1
2846,2846,test,faulty,7.975,564.6251,543.8086,543.8086,20.8165,447.8201,3.561,1,1,1
2847,2847,test,faulty,7.5345,471.1672,463.6122,463.6122,7.5549,448.2188,3.561,1,1,1
2848,2848,test,faulty,7.8027,526.8049,519.6673,519.6673,7.1377,448.5694,3.561,1,1,1
2849,2849,test,faulty,7.9755,564.746,550.7516,550.7516,13.9945,449.7122,3.561,1,1,1
2850,2850,test,faulty,8.4576,679.5791,668.4636,668.4636,11.1155,450.5224,3.561,1,1,1
2851,2851,test,faulty,8.3674,657.0643,637.8407,637.8407,19.2235,452.2693,3.561,1,1,1
2852,2852,test,faulty,8.885,792.9538,786.7331,786.7331,6.2208,452.514,3.561,1,1,1
2853,2853,test,faulty,8.5424,701.1896,696.797,696.797,4.3927,452.5474,3.561,1,1,1
2854,2854,test,faulty,8.8973,796.3785,775.8468,775.8468,20.5317,454.4455,3.561,1,1,1
2855,2855,test,faulty,8.453,678.4061,641.1972,641.1972,37.2089,458.2705,3.561,1,1,1
2856,2856,test,faulty,8.2966,639.7288,627.4285,627.4285,12.3003,459.2176,3.561,1,1,1
2857,2857,test,faulty,8.2683,632.8874,633.6667,633.6667,-0.7793,458.6534,3.561,1,1,1
2858,2858,test,faulty,7.8959,547.0574,546.1087,546.1087,0.9486,458.2889,3.561,1,1,1
2859,2859,test,faulty,7.5363,471.5213,459.1881,459.1881,12.3332,459.2398,3.561,1,1,1
2860,2860,test,faulty,7.8483,536.656,525.2835,525.2835,11.3725,460.0796,3.561,1,1,1
2861,2861,test,faulty,7.8986,547.6416,533.6548,533.6548,13.9868,461.2215,3.561,1,1,1
2862,2862,test,faulty,8.2992,640.3519,626.465,626.465,13.887,462.3519,3.561,1,1,1
2863,2863,test,faulty,8.724,748.9312,742.8137,742.8137,6.1175,462.5846,3.561,1,1,1
2864,2864,test,faulty,8.2696,633.1862,622.9779,622.9779,10.2083,463.29,3.561,1,1,1
2865,2865,test,faulty,7.9477,558.5297,551.8512,551.8512,6.6784,463.5875,3.561,1,1,1
2866,2866,test,faulty,8.0894,590.6689,571.973,571.973,18.6958,465.2735,3.561,1,1,1
2867,2867,test,faulty,7.6761,500.0545,499.2303,499.2303,0.8242,464.8946,3.561,1,1,1
2868,2868,test,faulty,7.6093,486.2808,467.5586,467.5586,18.7222,466.5836,3.561,1,1,1
2869,2869,test,faulty,7.4988,464.0429,455.0687,455.0687,8.9742,467.1464,3.561,1,1,1
2870,2870,test,faulty,7.1427,396.7244,376.078,376.078,20.6464,469.0577,3.561,1,1,1
2871,2871,test,faulty,6.8376,344.1187,336.3598,336.3598,7.7589,469.4801,3.561,1,1,1
2872,2872,test,faulty,7.9436,557.6194,546.6385,546.6385,10.9809,470.2747,3.561,1,1,1
2873,2873,test,faulty,7.7283,510.973,494.2863,494.2863,16.6867,471.7286,3.561,1,1,1
2874,2874,test,faulty,8.4912,688.0847,678.6647,678.6647,9.42,472.3428,3.561,1,1,1
2875,2875,test,faulty,8.6147,719.969,709.1812,709.1812,10.7878,473.1151,3.561,1,1,1
2876,2876,test,faulty,8.9189,802.4304,782.2389,782.2389,20.1915,474.9739,3.561,1,1,1
2877,2877,test,faulty,8.5034,691.2082,684.8107,684.8107,6.3975,475.239,3.561,1,1,1
2878,2878,test,faulty,8.8783,791.0884,775.1144,775.1144,15.974,476.6105,3.561,1,1,1
2879,2879,test,faulty,8.3558,654.188,638.4597,638.4597,15.7283,477.9536,3.561,1,1,1
2880,2880,test,faulty,8.8742,789.9523,778.1071,778.1071,11.8452,478.8481,3.561,1,1,1
2881,2881,test,faulty,9.2912,911.323,907.0623,907.0623,4.2607,478.8663,3.561,1,1,1
2882,2882,test,faulty,8.908,799.3698,788.0633,788.0633,11.3064,479.6985,3.561,1,1,1
2883,2883,test,faulty,8.9153,801.4268,781.3125,781.3125,20.1143,481.5484,3.561,1,1,1
2884,2884,test,faulty,8.9022,797.7582,773.2276,773.2276,24.5306,483.9085,3.561,1,1,1
2885,2885,test,faulty,8.8162,773.946,755.9477,755.9477,17.9982,485.5139,3.561,1,1,1
2886,2886,test,faulty,8.3666,656.8649,644.1887,644.1887,12.6762,486.5044,3.561,1,1,1
2887,2887,test,faulty,8.46,680.1787,676.7255,676.7255,3.4532,486.4293,3.561,1,1,1
2888,2888,test,faulty,8.1262,599.1923,605.5805,605.5805,-6.3882,485.2171,3.561,1,1,1
2889,2889,test,faulty,7.9608,561.4367,557.3937,557.3937,4.043,485.2101,3.561,1,1,1
2890,2890,test,faulty,7.949,558.8238,548.8914,548.8914,9.9324,485.8835,3.561,1,1,1
2891,2891,test,faulty,7.6074,485.9082,494.1256,494.1256,-8.2174,484.46,3.561,1,1,1
2892,2892,test,faulty,7.278,421.5347,419.9555,419.9555,1.5792,484.1683,3.561,1,1,1
2893,2893,test,faulty,7.2057,408.1451,395.2513,395.2513,12.8938,485.1839,3.561,1,1,1
2894,2894,test,faulty,7.6166,487.7815,481.8298,481.8298,5.9517,485.3975,3.561,1,1,1
2895,2895,test,faulty,7.2067,408.3411,406.3236,406.3236,2.0175,485.1565,3.561,1,1,1
2896,2896,test,faulty,7.507,465.6713,459.2906,459.2906,6.3807,485.4196,3.561,1,1,1
2897,2897,test,faulty,7.0578,381.6163,373.1891,373.1891,8.4272,485.9191,3.561,1,1,1
2898,2898,test,faulty,7.0428,378.9861,371.2343,371.2343,7.7518,486.3407,3.561,1,1,1
2899,2899,test,faulty,6.7396,328.1969,328.2233,328.2233,-0.0264,485.8635,3.561,1,1,1
2900,2900,test,faulty,6.6723,317.5212,297.2305,297.2305,20.2908,487.7338,3.561,1,1,1
2901,2901,test,faulty,6.5662,301.1265,313.1749,313.1749,-12.0485,485.8676,3.561,1,1,1
2902,2902,test,faulty,6.3675,271.8054,250.031,250.031,21.7744,487.9093,3.561,1,1,1
2903,2903,test,faulty,6.4334,281.3293,282.6301,282.6301,-1.3008,487.2848,3.561,1,1,1
2904,2904,test,faulty,6.5847,303.9352,297.5861,297.5861,6.3491,487.5443,3.561,1,1,1
2905,2905,test,faulty,6.3482,269.0551,263.136,263.136,5.9191,487.7541,3.561,1,1,1
2906,2906,test,faulty,7.1537,398.7017,386.6067,386.6067,12.095,488.6774,3.561,1,1,1
2907,2907,test,faulty,6.6826,319.1315,318.6774,318.6774,0.4541,488.2557,3.561,1,1,1
2908,2908,test,faulty,6.9188,357.6813,353.072,353.072,4.6093,488.3142,3.561,1,1,1
2909,2909,test,faulty,6.8927,353.2915,351.9441,351.9441,1.3474,487.9957,3.561,1,1,1
2910,2910,test,faulty,7.9683,563.1243,555.5724,555.5724,7.5519,488.3942,3.561,1,1,1
2911,2911,test,faulty,8.6859,738.7367,740.9741,740.9741,-2.2374,487.6615,3.561,1,1,1
2912,2912,test,faulty,8.9277,804.9006,781.4317,781.4317,23.4689,489.899,3.561,1,1,1
2913,2913,test,faulty,9.5902,1005.3187,982.7856,982.7856,22.5331,492.0284,3.561,1,1,1
2914,2914,test,faulty,9.2882,910.4014,889.8526,889.8526,20.5488,493.9285,3.561,1,1,1
2915,2915,test,faulty,9.9681,1132.8066,1121.8841,1121.8841,10.9225,494.7163,3.561,1,1,1
2916,2916,test,faulty,9.6094,1011.5506,991.0792,991.0792,20.4714,496.6075,3.561,1,1,1
2917,2917,test,faulty,9.397,943.8984,927.2194,927.2194,16.679,498.0605,3.561,1,1,1
2918,2918,test,faulty,9.2237,890.9063,881.3082,881.3082,9.5981,498.6953,3.561,1,1,1
2919,2919,test,faulty,9.4996,976.1961,969.8513,969.8513,6.3449,498.9543,3.561,1,1,1
2920,2920,test,faulty,9.9349,1121.2166,1094.9203,1094.9203,26.2963,501.5184,3.561,1,1,1
2921,2921,test,faulty,9.7635,1062.5572,1030.7076,1030.7076,31.8497,504.7242,3.561,1,1,1
2922,2922,test,faulty,10.1556,1199.7861,1166.5477,1166.5477,33.2384,508.0905,3.561,1,1,1
2923,2923,test,faulty,9.9382,1122.3678,1105.3152,1105.3152,17.0526,509.5866,3.561,1,1,1
2924,2924,test,faulty,9.4707,967.0404,959.5914,959.5914,7.4491,509.9732,3.561,1,1,1
2925,2925,test,faulty,9.163,872.8252,857.5336,857.5336,15.2915,511.2658,3.561,1,1,1
2926,2926,test,faulty,9.5459,991.0132,977.5806,977.5806,13.4326,512.3437,3.561,1,1,1
2927,2927,test,faulty,8.9864,821.525,796.1274,796.1274,25.3976,514.8041,3.561,1,1,1
2928,2928,test,faulty,8.8767,790.6419,763.1812,763.1812,27.4608,517.5028,3.561,1,1,1
2929,2929,test,faulty,9.2275,892.0404,872.9899,872.9899,19.0505,519.2297,3.561,1,1,1
2930,2930,test,faulty,8.5332,698.8314,686.9675,686.9675,11.8639,520.1264,3.561,1,1,1
2931,2931,test,faulty,8.1744,610.4827,590.5887,590.5887,19.8939,521.9508,3.561,1,1,1
2932,2932,test,faulty,7.8201,530.5575,528.9178,528.9178,1.6397,521.6661,3.561,1,1,1
2933,2933,test,faulty,7.8784,543.2075,540.0423,540.0423,3.1652,521.5577,3.561,1,1,1
2934,2934,test,faulty,7.4701,458.3704,437.9072,437.9072,20.4632,523.4479,3.561,1,1,1
2935,2935,test,faulty,8.1002,593.1624,566.5649,566.5649,26.5975,526.0469,3.561,1,1,1
2936,2936,test,faulty,7.8318,533.0741,533.0545,533.0545,0.0197,525.575,3.561,1,1,1
2937,2937,test,faulty,7.834,533.5399,524.8628,524.8628,8.6771,526.1035,3.561,1,1,1
2938,2938,test,faulty,7.5217,468.6001,461.4888,461.4888,7.1113,526.451,3.561,1,1,1
2939,2939,test,faulty,7.378,440.4739,430.5703,430.5703,9.9036,527.1211,3.561,1,1,1
2940,2940,test,faulty,7.1056,390.0702,377.499,377.499,12.5712,528.0995,3.561,1,1,1
2941,2941,test,faulty,7.0502,380.2837,362.474,362.474,17.8097,529.6831,3.561,1,1,1
2942,2942,test,faulty,7.4108,446.7949,442.6397,442.6397,4.1552,529.6891,3.561,1,1,1
2943,2943,test,faulty,6.9283,359.2831,343.3863,343.3863,15.8968,531.0517,3.561,1,1,1
2944,2944,test,faulty,7.302,426.0353,411.7735,411.7735,14.2618,532.2254,3.561,1,1,1
2945,2945,test,faulty,7.0366,377.9135,357.7367,357.7367,20.1769,534.0825,3.561,1,1,1
2946,2946,test,faulty,7.1153,391.8124,384.4118,384.4118,7.4006,534.4634,3.561,1,1,1
2947,2947,test,faulty,6.7774,334.2793,328.97,328.97,5.3094,534.6028,3.561,1,1,1
2948,2948,test,faulty,6.8626,348.2563,340.2573,340.2573,7.999,535.0528,3.561,1,1,1
2949,2949,test,faulty,6.8676,349.0939,337.6134,337.6134,11.4805,535.9052,3.561,1,1,1
2950,2950,test,faulty,6.61,307.8222,304.62,304.62,3.2022,535.801,3.561,1,1,1
2951,2951,test,faulty,6.4541,284.3532,281.3763,281.3763,2.9769,535.6709,3.561,1,1,1
2952,2952,test,faulty,6.2986,262.0537,269.8948,269.8948,-7.841,534.2908,3.561,1,1,1
2953,2953,test,faulty,6.3654,271.5046,255.8328,255.8328,15.6719,535.6274,3.561,1,1,1
2954,2954,test,faulty,6.2917,261.0982,243.1699,243.1699,17.9284,537.2247,3.561,1,1,1
2955,2955,test,faulty,6.4404,282.3534,278.8169,278.8169,3.5364,537.1592,3.561,1,1,1
2956,2956,test,faulty,6.1024,235.4536,229.837,229.837,5.6166,537.334,3.561,1,1,1
2957,2957,test,faulty,6.4732,287.1802,285.3848,285.3848,1.7954,537.0673,3.561,1,1,1
2958,2958,test,faulty,6.6098,307.7863,296.8633,296.8633,10.923,537.8553,3.561,1,1,1
2959,2959,test,faulty,7.0754,384.7245,372.9416,372.9416,11.7829,538.7426,3.561,1,1,1
2960,2960,test,faulty,7.4512,454.6649,457.8529,457.8529,-3.188,537.9001,3.561,1,1,1
2961,2961,test,faulty,8.1149,596.5656,588.8619,588.8619,7.7037,538.3161,3.561,1,1,1
2962,2962,test,faulty,8.1535,605.5723,605.3292,605.3292,0.2431,537.87,3.561,1,1,1
2963,2963,test,faulty,8.5845,712.0661,698.2138,698.2138,13.8524,538.9964,3.561,1,1,1
2964,2964,test,faulty,8.5266,697.1281,685.9133,685.9133,11.2147,539.818,3.561,1,1,1
2965,2965,test,faulty,9.0919,851.9245,841.0834,841.0834,10.841,540.5965,3.561,1,1,1
2966,2966,test,faulty,8.6054,717.5333,694.8603,694.8603,22.673,542.742,3.561,1,1,1
2967,2967,test,faulty,9.2676,904.1448,896.3275,896.3275,7.8173,543.1711,3.561,1,1,1
2968,2968,test,faulty,9.3894,941.5464,920.8156,920.8156,20.7308,545.0922,3.561,1,1,1
2969,2969,test,faulty,9.8308,1085.3455,1061.2462,1061.2462,24.0993,547.4025,3.561,1,1,1
2970,2970,test,faulty,9.5478,991.62,967.866,967.866,23.754,549.673,3.561,1,1,1
2971,2971,test,faulty,9.4261,952.9919,943.1618,943.1618,9.8302,550.3346,3.561,1,1,1
2972,2972,test,faulty,8.9832,820.6118,812.5603,812.5603,8.0515,550.7908,3.561,1,1,1
2973,2973,test,faulty,9.5052,978.0091,956.3139,956.3139,21.6952,552.8233,3.561,1,1,1
2974,2974,test,faulty,9.4559,962.3658,948.7451,948.7451,13.6207,553.9229,3.561,1,1,1
2975,2975,test,faulty,9.339,925.9335,893.7502,893.7502,32.1833,557.1673,3.561,1,1,1
2976,2976,test,faulty,9.1775,877.1266,859.8855,859.8855,17.2412,558.6852,3.561,1,1,1
2977,2977,test,faulty,9.115,858.6855,835.5214,835.5214,23.1641,560.8875,3.561,1,1,1
2978,2978,test,faulty,8.559,705.4763,700.1134,700.1134,5.3628,561.033,3.561,1,1,1
2979,2979,test,faulty,8.2259,622.7146,621.4498,621.4498,1.2648,560.705,3.561,1,1,1
2980,2980,test,faulty,7.8671,540.7379,531.5212,531.5212,9.2166,561.2958,3.561,1,1,1
2981,2981,test,faulty,8.4073,666.96,662.8005,662.8005,4.1595,561.3022,3.561,1,1,1
2982,2982,test,faulty,8.6687,734.1894,709.8722,709.8722,24.3172,563.6377,3.561,1,1,1
2983,2983,test,faulty,8.4294,672.4806,664.2789,664.2789,8.2017,564.1112,3.561,1,1,1
2984,2984,test,faulty,8.8368,779.6085,769.3149,769.3149,10.2935,564.8264,3.561,1,1,1
2985,2985,test,faulty,8.5428,701.3012,685.3336,685.3336,15.9677,566.1972,3.561,1,1,1
2986,2986,test,faulty,8.6656,733.3538,731.0255,731.0255,2.3283,565.9921,3.561,1,1,1
2987,2987,test,faulty,8.3633,656.0478,648.9069,648.9069,7.1409,566.3431,3.561,1,1,1
2988,2988,test,faulty,8.4723,683.2866,671.0629,671.0629,12.2237,567.2813,3.561,1,1,1
2989,2989,test,faulty,8.4079,667.1011,663.8356,663.8356,3.2655,567.1844,3.561,1,1,1
2990,2990,test,faulty,8.3623,655.7962,640.7416,640.7416,15.0546,568.4497,3.561,1,1,1
2991,2991,test,faulty,8.9859,821.3604,820.6684,820.6684,0.692,568.0556,3.561,1,1,1
2992,2992,test,faulty,8.9388,808.0406,781.8173,781.8173,26.2233,570.6113,3.561,1,1,1
2993,2993,test,faulty,8.6799,737.1417,711.4007,711.4007,25.7411,573.1113,3.561,1,1,1
2994,2994,test,faulty,9.0296,833.8728,813.7753,813.7753,20.0975,574.9592,3.561,1,1,1
2995,2995,test,faulty,8.3807,660.3387,651.2509,651.2509,9.0878,575.5351,3.561,1,1,1
2996,2996,test,faulty,8.7168,747.0112,729.4427,729.4427,17.5685,577.0909,3.561,1,1,1
2997,2997,test,faulty,8.4451,676.4189,658.2681,658.2681,18.1509,578.7139,3.561,1,1,1
2998,2998,test,faulty,8.2175,620.7044,630.0996,630.0996,-9.3952,577.1543,3.561,1,1,1
2999,2999,test,faulty,8.2329,624.3853,621.208,621.208,3.1773,577.0473,3.561,1,1,1
3000,3000,test,faulty,8.3215,645.7903,634.7716,634.7716,11.0188,577.8462,3.561,1,1,1
3001,3001,test,faulty,8.7037,743.5063,725.538,725.538,17.9683,579.4482,3.561,1,1,1
3002,3002,test,faulty,8.9466,810.2313,790.9869,790.9869,19.2444,581.1976,3.561,1,1,1
3003,3003,test,faulty,8.7509,756.1806,742.5369,742.5369,13.6438,582.2999,3.561,1,1,1
3004,3004,test,faulty,8.7206,748.0244,742.8324,742.8324,5.192,582.4256,3.561,1,1,1
3005,3005,test,faulty,8.8768,790.6691,778.6732,778.6732,11.9959,583.3375,3.561,1,1,1
3006,3006,test,faulty,8.5605,705.8626,697.1625,697.1625,8.7002,583.8686,3.561,1,1,1
3007,3007,test,faulty,9.2615,902.3004,864.4658,864.4658,37.8346,587.7659,3.561,1,1,1
3008,3008,test,faulty,9.2245,891.1635,879.5956,879.5956,11.5679,588.6283,3.561,1,1,1
3009,3009,test,faulty,9.7157,1046.5689,1020.7059,1020.7059,25.863,591.1424,3.561,1,1,1
3010,3010,test,faulty,9.9249,1117.7385,1106.5386,1106.5386,11.1999,591.9624,3.561,1,1,1
3011,3011,test,faulty,10.4856,1323.7873,1299.1779,1299.1779,24.6094,594.3316,3.561,1,1,1
3012,3012,test,faulty,10.2225,1224.2746,1195.2061,1195.2061,29.0685,597.2161,3.561,1,1,1
3013,3013,test,faulty,9.8855,1104.1197,1081.9223,1081.9223,22.1974,599.3066,3.561,1,1,1
3014,3014,test,faulty,9.8178,1080.9387,1059.2292,1059.2292,21.7096,601.3409,3.561,1,1,1
3015,3015,test,faulty,9.4343,955.555,940.8097,940.8097,14.7453,602.5704,3.561,1,1,1
3016,3016,test,faulty,8.9748,818.2168,807.9156,807.9156,10.3012,603.2865,3.561,1,1,1
3017,3017,test,faulty,8.8489,782.9596,764.051,764.051,18.9087,604.9971,3.561,1,1,1
3018,3018,test,faulty,8.9112,800.2802,794.1875,794.1875,6.0927,605.2269,3.561,1,1,1
3019,3019,test,faulty,8.5458,702.0734,686.1737,686.1737,15.8996,606.5899,3.561,1,1,1
3020,3020,test,faulty,8.973,817.6936,798.3815,798.3815,19.3121,608.3471,3.561,1,1,1
3021,3021,test,faulty,8.4042,666.1802,638.9284,638.9284,27.2518,611.0216,3.561,1,1,1
3022,3022,test,faulty,8.0889,590.5494,580.8345,580.8345,9.7149,611.67,3.561,1,1,1
3023,3023,test,faulty,7.9705,563.6111,567.3362,567.3362,-3.7251,610.7654,3.561,1,1,1
3024,3024,test,faulty,8.1454,603.6881,594.4591,594.4591,9.229,611.3576,3.561,1,1,1
3025,3025,test,faulty,8.7753,762.7874,745.5939,745.5939,17.1934,612.87,3.561,1,1,1
3026,3026,test,faulty,8.3725,658.3216,642.3165,642.3165,16.0051,614.2452,3.561,1,1,1
3027,3027,test,faulty,8.1656,608.4203,601.654,601.654,6.7663,614.5528,3.561,1,1,1
3028,3028,test,faulty,8.001,570.4678,547.5177,547.5177,22.9501,616.7304,3.561,1,1,1
3029,3029,test,faulty,8.0278,576.5399,556.2532,556.2532,20.2866,618.6002,3.561,1,1,1
3030,3030,test,faulty,7.7617,518.0449,513.6417,513.6417,4.4032,618.6348,3.561,1,1,1
3031,3031,test,faulty,7.6462,493.8551,477.0244,477.0244,16.8306,620.1053,3.561,1,1,1
3032,3032,test,faulty,7.5505,474.3763,476.0781,476.0781,-1.7017,619.4345,3.561,1,1,1
3033,3033,test,faulty,7.4898,462.2702,452.1313,452.1313,10.139,620.1319,3.561,1,1,1
3034,3034,test,faulty,7.2985,425.3741,415.1297,415.1297,10.2444,620.8414,3.561,1,1,1
3035,3035,test,faulty,7.4746,459.255,441.2106,441.2106,18.0444,622.4521,3.561,1,1,1
3036,3036,test,faulty,8.2122,619.4292,598.8677,598.8677,20.5615,624.3537,3.561,1,1,1
3037,3037,test,faulty,7.8833,544.2941,525.7229,525.7229,18.5712,626.0253,3.561,1,1,1
3038,3038,test,faulty,8.4821,685.7759,674.5766,674.5766,11.1993,626.8451,3.561,1,1,1
3039,3039,test,faulty,8.6411,726.8957,702.7051,702.7051,24.1906,629.166,3.561,1,1,1
3040,3040,test,faulty,8.1581,606.6445,591.0328,591.0328,15.6117,630.4957,3.561,1,1,1
3041,3041,test,faulty,7.7385,513.1361,508.1825,508.1825,4.9536,630.5939,3.561,1,1,1
3042,3042,test,faulty,7.8149,529.4199,514.5071,514.5071,14.9128,631.8428,3.561,1,1,1
3043,3043,test,faulty,7.822,530.9655,524.9409,524.9409,6.0247,632.0648,3.561,1,1,1
3044,3044,test,faulty,8.1674,608.828,574.1168,574.1168,34.7112,635.6012,3.561,1,1,1
3045,3045,test,faulty,8.5681,707.8207,685.0779,685.0779,22.7427,637.7548,3.561,1,1,1
3046,3046,test,faulty,8.2115,619.2729,612.6283,612.6283,6.6446,638.0484,3.561,1,1,1
3047,3047,test,faulty,7.9162,551.5336,539.7645,539.7645,11.769,638.9341,3.561,1,1,1
3048,3048,test,faulty,7.5629,476.8652,458.1689,458.1689,18.6963,640.6201,3.561,1,1,1
3049,3049,test,faulty,7.3528,435.6499,432.1423,432.1423,3.5076,640.5512,3.561,1,1,1
3050,3050,test,faulty,7.5718,478.662,467.0335,467.0335,11.6285,641.4207,3.561,1,1,1
3051,3051,test,faulty,7.9224,552.8954,543.9472,543.9472,8.9482,641.9804,3.561,1,1,1
3052,3052,test,faulty,7.9136,550.9491,543.4412,543.4412,7.5079,642.3738,3.561,1,1,1
3053,3053,test,faulty,7.6386,492.2936,497.6037,497.6037,-5.3101,641.2861,3.561,1,1,1
3054,3054,test,faulty,7.6694,498.6665,485.8053,485.8053,12.8611,642.298,3.561,1,1,1
3055,3055,test,faulty,8.1588,606.8119,594.8515,594.8515,11.9604,643.2058,3.561,1,1,1
3056,3056,test,faulty,7.6793,500.7241,485.3198,485.3198,15.4044,644.5115,3.561,1,1,1
3057,3057,test,faulty,7.3327,431.8201,419.4032,419.4032,12.4168,645.472,3.561,1,1,1
3058,3058,test,faulty,7.2316,412.9239,414.5624,414.5624,-1.6386,644.8086,3.561,1,1,1
3059,3059,test,faulty,6.9336,360.1803,344.7537,344.7537,15.4266,646.1168,3.561,1,1,1
3060,3060,test,faulty,7.3188,429.1998,427.0599,427.0599,2.1399,645.89,3.561,1,1,1
3061,3061,test,faulty,7.6121,486.8714,477.7762,477.7762,9.0952,646.4667,3.561,1,1,1
3062,3062,test,faulty,7.6322,490.9887,486.2795,486.2795,4.7092,646.5367,3.561,1,1,1
3063,3063,test,faulty,7.4326,451.0345,445.1907,445.1907,5.8438,646.7377,3.561,1,1,1
3064,3064,test,faulty,7.7204,509.3126,503.356,503.356,5.9567,646.9519,3.561,1,1,1
3065,3065,test,faulty,7.7262,510.5382,485.4883,485.4883,25.0499,649.372,3.561,1,1,1
3066,3066,test,faulty,7.6585,496.4131,492.7528,492.7528,3.6603,649.3208,3.561,1,1,1
3067,3067,test,faulty,7.3082,427.2037,412.3195,412.3195,14.8842,650.5664,3.561,1,1,1
3068,3068,test,faulty,7.7125,507.6447,487.6241,487.6241,20.0206,652.4055,3.561,1,1,1
3069,3069,test,faulty,7.9073,549.5647,533.2577,533.2577,16.3071,653.8155,3.561,1,1,1
3070,3070,test,faulty,7.9609,561.4767,547.2278,547.2278,14.2488,654.9877,3.561,1,1,1
3071,3071,test,faulty,8.3887,662.33,668.0698,668.0698,-5.7398,653.8504,3.561,1,1,1
3072,3072,test,faulty,8.0829,589.1705,585.5391,585.5391,3.6314,653.7958,3.561,1,1,1
3073,3073,test,faulty,8.3866,661.8154,664.3803,664.3803,-2.5649,653.0253,3.561,1,1,1
3074,3074,test,faulty,8.215,620.1142,610.4291,610.4291,9.6852,653.6702,3.561,1,1,1
3075,3075,test,faulty,8.1903,614.2532,614.7376,614.7376,-0.4844,653.1402,3.561,1,1,1
3076,3076,test,faulty,8.3735,658.5565,642.0931,642.0931,16.4634,654.5682,3.561,1,1,1
3077,3077,test,faulty,8.6103,718.8103,703.8436,703.8436,14.9667,655.8234,3.561,1,1,1
3078,3078,test,faulty,9.0499,839.7375,824.4011,824.4011,15.3364,657.1212,3.561,1,1,1
3079,3079,test,faulty,8.4849,686.4893,661.8585,661.8585,24.6309,659.4929,3.561,1,1,1
3080,3080,test,faulty,8.1835,612.6297,623.4382,623.4382,-10.8085,657.77,3.561,1,1,1
3081,3081,test,faulty,8.3601,655.2481,660.6606,660.6606,-5.4125,656.6705,3.561,1,1,1
3082,3082,test,faulty,7.9117,550.5394,545.9765,545.9765,4.563,656.7236,3.561,1,1,1
3083,3083,test,faulty,8.0618,584.308,563.1698,563.1698,21.1382,658.6918,3.561,1,1,1
3084,3084,test,faulty,8.1868,613.4233,614.4262,614.4262,-1.0029,658.1018,3.561,1,1,1
3085,3085,test,faulty,8.0489,581.3622,577.5202,577.5202,3.842,658.0716,3.561,1,1,1
3086,3086,test,faulty,8.7318,751.0249,754.2966,754.2966,-3.2717,657.2194,3.561,1,1,1
3087,3087,test,faulty,8.512,693.3795,683.8018,683.8018,9.5777,657.8519,3.561,1,1,1
3088,3088,test,faulty,8.5435,701.4798,688.6147,688.6147,12.8651,658.8642,3.561,1,1,1
3089,3089,test,faulty,8.099,592.8807,566.2262,566.2262,26.6545,661.4698,3.561,1,1,1
3090,3090,test,faulty,8.8053,770.974,764.3749,764.3749,6.5991,661.7581,3.561,1,1,1
3091,3091,test,faulty,8.4202,670.1919,649.8792,649.8792,20.3127,663.6309,3.561,1,1,1
3092,3092,test,faulty,8.5171,694.6996,673.675,673.675,21.0247,665.586,3.561,1,1,1
3093,3093,test,faulty,8.4077,667.0548,658.6231,658.6231,8.4317,666.0861,3.561,1,1,1
3094,3094,test,faulty,8.8591,785.7708,761.1611,761.1611,24.6097,668.4554,3.561,1,1,1
3095,3095,test,faulty,9.4343,955.5653,940.7173,940.7173,14.848,669.6968,3.561,1,1,1
3096,3096,test,faulty,8.8228,775.7597,754.5756,754.5756,21.1841,671.6703,3.561,1,1,1
3097,3097,test,faulty,8.4067,666.8128,642.0257,642.0257,24.7871,674.0601,3.561,1,1,1
3098,3098,test,faulty,8.3026,641.1904,613.9573,613.9573,27.2332,676.7325,3.561,1,1,1
3099,3099,test,faulty,9.4419,957.96,938.4107,938.4107,19.5493,678.5171,3.561,1,1,1
3100,3100,test,faulty,9.4023,945.5485,942.4508,942.4508,3.0977,678.4009,3.561,1,1,1
3101,3101,test,faulty,9.5819,1002.6498,983.5535,983.5535,19.0963,680.1332,3.561,1,1,1
3102,3102,test,faulty,8.9471,810.3781,792.9997,792.9997,17.3783,681.667,3.561,1,1,1
3103,3103,test,faulty,8.4421,675.6837,667.991,667.991,7.6927,682.0817,3.561,1,1,1
3104,3104,test,faulty,8.6124,719.3615,702.6935,702.6935,16.6679,683.5333,3.561,1,1,1
3105,3105,test,faulty,8.1582,606.6755,584.3528,584.3528,22.3226,685.6384,3.561,1,1,1
3106,3106,test,faulty,7.9456,558.0645,543.8622,543.8622,14.2023,686.8052,3.561,1,1,1
3107,3107,test,faulty,8.2172,620.6171,609.9922,609.9922,10.6249,687.5587,3.561,1,1,1
3108,3108,test,faulty,8.1861,613.2431,597.9802,597.9802,15.263,688.8481,3.561,1,1,1
3109,3109,test,faulty,7.7983,525.8642,505.7098,505.7098,20.1544,690.7026,3.561,1,1,1
3110,3110,test,faulty,8.3151,644.2344,627.1967,627.1967,17.0377,692.197,3.561,1,1,1
3111,3111,test,faulty,8.3085,642.6126,636.2606,636.2606,6.352,692.4568,3.561,1,1,1
3112,3112,test,faulty,7.9986,569.937,538.6635,538.6635,31.2734,695.596,3.561,1,1,1
3113,3113,test,faulty,8.0097,572.4382,550.5478,550.5478,21.8905,697.6511,3.561,1,1,1
3114,3114,test,faulty,8.1194,597.6089,579.849,579.849,17.76,699.229,3.561,1,1,1
3115,3115,test,faulty,8.2282,623.2604,604.6009,604.6009,18.6595,700.9108,3.561,1,1,1
3116,3116,test,faulty,7.5944,483.2555,477.4333,477.4333,5.8222,701.1094,3.561,1,1,1
3117,3117,test,faulty,7.9717,563.8916,556.2505,556.2505,7.6412,701.5181,3.561,1,1,1
3118,3118,test,faulty,7.8035,526.9805,517.6952,517.6952,9.2853,702.1168,3.561,1,1,1
3119,3119,test,faulty,7.5481,473.8926,468.3623,468.3623,5.5303,702.2817,3.561,1,1,1
3120,3120,test,faulty,7.5627,476.8261,466.3799,466.3799,10.4461,703.0145,3.561,1,1,1
3121,3121,test,faulty,7.9622,561.7687,541.713,541.713,20.0556,704.8576,3.561,1,1,1
3122,3122,test,faulty,8.0293,576.9002,562.3389,562.3389,14.5613,706.0659,3.561,1,1,1
3123,3123,test,faulty,8.5285,697.6076,686.7435,686.7435,10.8641,706.847,3.561,1,1,1
3124,3124,test,faulty,9.2601,901.8796,880.6389,880.6389,21.2407,708.8271,3.561,1,1,1
3125,3125,test,faulty,9.1817,878.3763,842.3129,842.3129,36.0635,712.5197,3.561,1,1,1
3126,3126,test,faulty,8.6875,739.1742,721.1364,721.1364,18.0378,714.1297,3.561,1,1,1
3127,3127,test,faulty,9.0581,842.0899,817.8326,817.8326,24.2573,716.4583,3.561,1,1,1
3128,3128,test,faulty,8.6854,738.627,718.7046,718.7046,19.9224,718.286,3.561,1,1,1
3129,3129,test,faulty,8.0961,592.1987,580.3594,580.3594,11.8393,719.1798,3.561,1,1,1
3130,3130,test,faulty,8.0463,580.7648,567.1043,567.1043,13.6604,720.284,3.561,1,1,1
3131,3131,test,faulty,7.7266,510.6263,503.519,503.519,7.1073,720.631,3.561,1,1,1
3132,3132,test,faulty,7.6238,489.2577,466.5551,466.5551,22.7026,722.78,3.561,1,1,1
3133,3133,test,faulty,8.0811,588.7402,576.0824,576.0824,12.6578,723.7684,3.561,1,1,1
3134,3134,test,faulty,8.0504,581.6999,555.6531,555.6531,26.0468,726.3037,3.561,1,1,1
3135,3135,test,faulty,7.6732,499.4426,486.5599,486.5599,12.8827,727.318,3.561,1,1,1
3136,3136,test,faulty,7.6663,498.0154,495.7945,495.7945,2.2208,727.1005,3.561,1,1,1
3137,3137,test,faulty,7.8065,527.6107,505.1183,505.1183,22.4924,729.2252,3.561,1,1,1
3138,3138,test,faulty,8.129,599.8405,576.481,576.481,23.3596,731.45,3.561,1,1,1
3139,3139,test,faulty,7.9606,561.3947,554.1989,554.1989,7.1958,731.8073,3.561,1,1,1
3140,3140,test,faulty,7.5394,472.1409,451.9852,451.9852,20.1557,733.662,3.561,1,1,1
3141,3141,test,faulty,7.1619,400.1846,383.8791,383.8791,16.3055,735.0718,3.561,1,1,1
3142,3142,test,faulty,7.1999,407.0916,400.0878,400.0878,7.0038,735.4069,3.561,1,1,1
3143,3143,test,faulty,7.8155,529.5603,502.7786,502.7786,26.7817,738.0271,3.561,1,1,1
3144,3144,test,faulty,7.9092,549.989,524.1718,524.1718,25.8171,740.5359,3.561,1,1,1
3145,3145,test,faulty,7.6856,502.0388,494.5971,494.5971,7.4417,740.9216,3.561,1,1,1
3146,3146,test,faulty,7.5624,476.7637,451.474,451.474,25.2896,743.3695,3.561,1,1,1
3147,3147,test,faulty,8.1467,603.9831,595.3015,595.3015,8.6817,743.8984,3.561,1,1,1
3148,3148,test,faulty,8.1255,599.0223,571.0527,571.0527,27.9695,746.6559,3.561,1,1,1
3149,3149,test,faulty,7.7638,518.4913,512.2184,512.2184,6.2729,746.9066,3.561,1,1,1
3150,3150,test,faulty,8.0554,582.8551,583.2865,583.2865,-0.4314,746.3826,3.561,1,1,1
3151,3151,test,faulty,7.6408,492.7571,496.0495,496.0495,-3.2924,745.5281,3.561,1,1,1
3152,3152,test,faulty,7.3734,439.5833,452.4523,452.4523,-12.869,743.5671,3.561,1,1,1
3153,3153,test,faulty,7.1794,403.3512,402.5646,402.5646,0.7867,743.1838,3.561,1,1,1
3154,3154,test,faulty,6.8302,342.905,335.3026,335.3026,7.6025,743.5881,3.561,1,1,1
3155,3155,test,faulty,6.9275,359.1487,347.5615,347.5615,11.5872,744.4528,3.561,1,1,1
3156,3156,test,faulty,7.3245,430.271,418.8957,418.8957,11.3753,745.2929,3.561,1,1,1
3157,3157,test,faulty,7.0621,382.3748,379.9619,379.9619,2.4129,745.0976,3.561,1,1,1
3158,3158,test,faulty,7.1887,405.0558,390.7755,390.7755,14.2803,746.2734,3.561,1,1,1
3159,3159,test,faulty,7.7889,523.8498,514.5662,514.5662,9.2836,746.8719,3.561,1,1,1
3160,3160,test,faulty,7.5003,464.3529,458.7127,458.7127,5.6402,747.0495,3.561,1,1,1
3161,3161,test,faulty,7.9811,566.0009,561.9161,561.9161,4.0848,747.0473,3.561,1,1,1
3162,3162,test,faulty,7.5147,467.2159,455.7626,455.7626,11.4533,747.8965,3.561,1,1,1
3163,3163,test,faulty,7.0117,373.5795,358.008,358.008,15.5715,749.2215,3.561,1,1,1
3164,3164,test,faulty,7.2747,420.9141,413.9132,413.9132,7.0009,749.5563,3.561,1,1,1
3165,3165,test,faulty,7.4788,460.0957,450.802,450.802,9.2936,750.156,3.561,1,1,1
3166,3166,test,faulty,7.0484,379.9651,393.3726,393.3726,-13.4076,748.1327,3.561,1,1,1
3167,3167,test,faulty,7.0544,381.0223,374.5271,374.5271,6.4951,748.4091,3.561,1,1,1
3168,3168,test,faulty,6.8854,352.0535,342.3302,342.3302,9.7233,749.0584,3.561,1,1,1
3169,3169,test,faulty,7.2593,418.0356,403.1451,403.1451,14.8905,750.3047,3.561,1,1,1
3170,3170,test,faulty,7.1774,402.9991,395.0308,395.0308,7.9683,750.7512,3.561,1,1,1
3171,3171,test,faulty,7.4311,450.7398,439.8485,439.8485,10.8913,751.5355,3.561,1,1,1
3172,3172,test,faulty,7.3203,429.4849,421.5846,421.5846,7.9003,751.9742,3.561,1,1,1
3173,3173,test,faulty,7.5213,468.5178,457.4566,457.4566,11.0612,752.7781,3.561,1,1,1
3174,3174,test,faulty,7.7344,512.2682,501.7713,501.7713,10.4969,753.5168,3.561,1,1,1
3175,3175,test,faulty,7.8041,527.1011,518.1687,518.1687,8.9324,754.0747,3.561,1,1,1
3176,3176,test,faulty,7.8378,534.3636,523.144,523.144,11.2196,754.8969,3.561,1,1,1
3177,3177,test,faulty,7.8548,538.0614,520.4131,520.4131,17.6483,756.4619,3.561,1,1,1
3178,3178,test,faulty,7.8628,539.8039,521.488,521.488,18.3159,758.104,3.561,1,1,1
3179,3179,test,faulty,7.5462,473.5046,467.5482,467.5482,5.9564,758.3181,3.561,1,1,1
3180,3180,test,faulty,8.2762,634.7752,607.7982,607.7982,26.9769,760.9609,3.561,1,1,1
3181,3181,test,faulty,8.0589,583.6457,563.087,563.087,20.5587,762.8621,3.561,1,1,1
3182,3182,test,faulty,8.1643,608.1174,590.7962,590.7962,17.3212,764.3893,3.561,1,1,1
3183,3183,test,faulty,8.4497,677.5903,660.0684,660.0684,17.5219,765.9396,3.561,1,1,1
3184,3184,test,faulty,8.8448,781.8021,775.3382,775.3382,6.4639,766.2124,3.561,1,1,1
3185,3185,test,faulty,9.0239,832.2467,818.1244,818.1244,14.1223,767.3699,3.561,1,1,1
3186,3186,test,faulty,8.6342,725.0673,699.8931,699.8931,25.1742,769.8045,3.561,1,1,1
3187,3187,test,faulty,8.2265,622.8403,612.0601,612.0601,10.7802,770.5759,3.561,1,1,1
3188,3188,test,faulty,8.0102,572.5505,564.1533,564.1533,8.3971,771.072,3.561,1,1,1
3189,3189,test,faulty,7.5811,480.5491,473.6829,473.6829,6.8662,771.3912,3.561,1,1,1
3190,3190,test,faulty,7.4155,447.7121,455.2194,455.2194,-7.5073,770.0496,3.561,1,1,1
3191,3191,test,faulty,7.4075,446.1664,425.5702,425.5702,20.5962,771.9552,3.561,1,1,1
3192,3192,test,faulty,7.1117,391.1597,378.1152,378.1152,13.0445,772.9883,3.561,1,1,1
3193,3193,test,faulty,6.895,353.6728,352.9176,352.9176,0.7551,772.6014,3.561,1,1,1
3194,3194,test,faulty,7.8267,531.9715,531.0446,531.0446,0.9269,772.2343,3.561,1,1,1
3195,3195,test,faulty,7.4555,455.5101,436.3622,436.3622,19.1479,773.9726,3.561,1,1,1
3196,3196,test,faulty,7.554,475.0823,458.5667,458.5667,16.5156,775.4067,3.561,1,1,1
3197,3197,test,faulty,7.4699,458.3463,459.1034,459.1034,-0.7571,774.8451,3.561,1,1,1
3198,3198,test,faulty,7.3224,429.8774,419.0274,419.0274,10.8501,775.6246,3.561,1,1,1
3199,3199,test,faulty,7.1849,404.3521,399.2798,399.2798,5.0723,775.7365,3.561,1,1,1
3200,3200,test,faulty,7.2001,407.1313,404.4701,404.4701,2.6611,775.5699,3.561,1,1,1
3201,3201,test,faulty,7.4659,457.5444,443.0585,443.0585,14.4859,776.7694,3.561,1,1,1
3202,3202,test,faulty,8.0913,591.1105,593.4649,593.4649,-2.3544,776.0233,3.561,1,1,1
3203,3203,test,faulty,8.0309,577.2494,560.3252,560.3252,16.9242,777.5046,3.561,1,1,1
3204,3204,test,faulty,8.0393,579.1774,548.7353,548.7353,30.442,780.5478,3.561,1,1,1
3205,3205,test,faulty,7.9411,557.0585,539.8736,539.8736,17.1848,782.0592,3.561,1,1,1
3206,3206,test,faulty,7.9831,566.4394,545.3453,545.3453,21.0941,784.0223,3.561,1,1,1
3207,3207,test,faulty,7.842,535.274,527.7804,527.7804,7.4935,784.414,3.561,1,1,1
3208,3208,test,faulty,7.5535,474.9682,464.7039,464.7039,10.2643,785.1258,3.561,1,1,1
3209,3209,test,faulty,7.7552,516.6555,505.7367,505.7367,10.9188,785.9132,3.561,1,1,1
3210,3210,test,faulty,8.0024,570.8037,553.8641,553.8641,16.9396,787.3963,3.561,1,1,1
3211,3211,test,faulty,8.1324,600.6484,588.8543,588.8543,11.794,788.2849,3.561,1,1,1
3212,3212,test,faulty,8.1133,596.1913,576.1242,576.1242,20.067,790.1293,3.561,1,1,1
3213,3213,test,faulty,7.9544,560.0236,553.8319,553.8319,6.1917,790.3706,3.561,1,1,1
3214,3214,test,faulty,7.5844,481.2243,462.4303,462.4303,18.794,792.0679,3.561,1,1,1
3215,3215,test,faulty,8.2561,629.9493,626.4885,626.4885,3.4608,791.9936,3.561,1,1,1
3216,3216,test,faulty,7.9908,568.1835,557.2785,557.2785,10.905,792.7795,3.561,1,1,1
3217,3217,test,faulty,7.8217,530.8984,509.8238,509.8238,21.0746,794.7403,3.561,1,1,1
3218,3218,test,faulty,7.4487,454.1834,421.0919,421.0919,33.0915,798.0896,3.561,1,1,1
3219,3219,test,faulty,6.9218,358.1837,344.2864,344.2864,13.8974,799.2212,3.561,1,1,1
3220,3220,test,faulty,7.3776,440.3968,421.4652,421.4652,18.9315,800.9344,3.561,1,1,1
3221,3221,test,faulty,6.8279,342.5197,334.6326,334.6326,7.887,801.3716,3.561,1,1,1
3222,3222,test,faulty,6.9201,357.8982,349.261,349.261,8.6371,801.8954,3.561,1,1,1
3223,3223,test,faulty,7.1907,405.4038,393.9634,393.9634,11.4404,802.7431,3.561,1,1,1
3224,3224,test,faulty,7.3202,429.4505,418.9436,418.9436,10.5069,803.4829,3.561,1,1,1
3225,3225,test,faulty,7.5776,479.839,474.0886,474.0886,5.7504,803.6732,3.561,1,1,1
3226,3226,test,faulty,7.3621,437.4156,425.6648,425.6648,11.7508,804.5568,3.561,1,1,1
3227,3227,test,faulty,7.6573,496.1489,484.5966,484.5966,11.5523,805.4174,3.561,1,1,1
3228,3228,test,faulty,8.1347,601.1663,588.8317,588.8317,12.3346,806.3685,3.561,1,1,1
3229,3229,test,faulty,8.7859,765.6605,734.439,734.439,31.2215,809.5017,3.561,1,1,1
3230,3230,test,faulty,8.3597,655.1572,622.7609,622.7609,32.3964,812.7706,3.561,1,1,1
3231,3231,test,faulty,7.9132,550.8748,542.2958,542.2958,8.579,813.2877,3.561,1,1,1
3232,3232,test,faulty,7.8321,533.1352,513.0343,513.0343,20.1009,815.1361,3.561,1,1,1
3233,3233,test,faulty,8.5835,711.8184,696.1162,696.1162,15.7022,816.4762,3.561,1,1,1
3234,3234,test,faulty,8.6465,728.3131,718.0361,718.0361,10.2769,817.1895,3.561,1,1,1
3235,3235,test,faulty,9.0487,839.3757,824.7919,824.7919,14.5839,818.4004,3.561,1,1,1
3236,3236,test,faulty,8.6802,737.238,712.4319,712.4319,24.8062,820.7924,3.561,1,1,1
3237,3237,test,faulty,9.0027,826.159,817.0941,817.0941,9.065,821.3656,3.561,1,1,1
3238,3238,test,faulty,9.0808,848.6871,830.8186,830.8186,17.8685,822.956,3.561,1,1,1
3239,3239,test,faulty,8.7191,747.6069,726.8953,726.8953,20.7116,824.8749,3.561,1,1,1
3240,3240,test,faulty,8.6984,742.0677,715.0655,715.0655,27.0022,827.5206,3.561,1,1,1
3241,3241,test,faulty,8.9081,799.4132,779.7162,779.7162,19.697,829.3223,3.561,1,1,1
3242,3242,test,faulty,8.4944,688.899,666.065,666.065,22.8339,831.4864,3.561,1,1,1
3243,3243,test,faulty,7.986,567.1062,559.3926,559.3926,7.7136,831.9035,3.561,1,1,1
3244,3244,test,faulty,8.0296,576.9608,571.3767,571.3767,5.5841,832.0746,3.561,1,1,1
3245,3245,test,faulty,7.8964,547.1763,532.7558,532.7558,14.4206,833.2666,3.561,1,1,1
3246,3246,test,faulty,8.3708,657.9121,633.9557,633.9557,23.9564,835.5605,3.561,1,1,1
3247,3247,test,faulty,8.4281,672.1483,662.0666,662.0666,10.0817,836.2512,3.561,1,1,1
3248,3248,test,faulty,8.919,802.4495,792.6355,792.6355,9.814,836.911,3.561,1,1,1
3249,3249,test,faulty,8.6678,733.9526,710.2813,710.2813,23.6713,839.1718,3.561,1,1,1
3250,3250,test,faulty,8.1997,616.4713,609.615,609.615,6.8562,839.4899,3.561,1,1,1
3251,3251,test,faulty,8.0031,570.9452,556.7124,556.7124,14.2329,840.6602,3.561,1,1,1
3252,3252,test,faulty,7.8185,530.2119,521.1523,521.1523,9.0596,841.2328,3.561,1,1,1
3253,3253,test,faulty,8.6313,724.3045,692.8235,692.8235,31.481,844.3961,3.561,1,1,1
3254,3254,test,faulty,8.3928,663.3401,670.4798,670.4798,-7.1397,843.097,3.561,1,1,1
3255,3255,test,faulty,8.4347,673.8244,644.9221,644.9221,28.9022,845.9623,3.561,1,1,1
3256,3256,test,faulty,8.4678,682.152,659.9243,659.9243,22.2278,848.0563,3.561,1,1,1
3257,3257,test,faulty,8.212,619.3854,603.5096,603.5096,15.8758,849.4165,3.561,1,1,1
3258,3258,test,faulty,8.4426,675.7976,648.6379,648.6379,27.1597,852.0804,3.561,1,1,1
3259,3259,test,faulty,8.0306,577.1858,561.2666,561.2666,15.9192,853.4456,3.561,1,1,1
3260,3260,test,faulty,8.3376,649.7314,644.5446,644.5446,5.1868,853.5708,3.561,1,1,1
3261,3261,test,faulty,8.1198,597.7045,591.0929,591.0929,6.6117,853.8606,3.561,1,1,1
3262,3262,test,faulty,7.9695,563.3868,549.3962,549.3962,13.9906,855.0029,3.561,1,1,1
3263,3263,test,faulty,7.9581,560.8322,541.4365,541.4365,19.3958,856.7698,3.561,1,1,1
3264,3264,test,faulty,8.0022,570.7574,553.3792,553.3792,17.3782,858.3036,3.561,1,1,1
3265,3265,test,faulty,8.5133,693.7228,689.0833,689.0833,4.6395,858.3655,3.561,1,1,1
3266,3266,test,faulty,8.4407,675.3095,676.8742,676.8742,-1.5647,857.7106,3.561,1,1,1
3267,3267,test,faulty,8.4657,681.6238,666.1004,666.1004,15.5233,859.03,3.561,1,1,1
3268,3268,test,faulty,8.7315,750.9587,732.2144,732.2144,18.7442,860.7216,3.561,1,1,1
3269,3269,test,faulty,9.4667,965.7824,933.4156,933.4156,32.3668,863.9872,3.561,1,1,1
3270,3270,test,faulty,9.4003,944.9223,915.8897,915.8897,29.0326,866.8675,3.561,1,1,1
3271,3271,test,faulty,9.1739,876.0513,853.2499,853.2499,22.8013,869.0278,3.561,1,1,1
3272,3272,test,faulty,9.1876,880.1207,861.5867,861.5867,18.5339,870.6951,3.561,1,1,1
3273,3273,test,faulty,8.7273,749.8304,726.6445,726.6445,23.1859,872.8999,3.561,1,1,1
3274,3274,test,faulty,8.5803,710.9864,693.8498,693.8498,17.1366,874.4058,3.561,1,1,1
3275,3275,test,faulty,8.3011,640.811,624.8638,624.8638,15.9472,875.7742,3.561,1,1,1
3276,3276,test,faulty,8.1142,596.3947,599.8899,599.8899,-3.4952,874.8962,3.561,1,1,1
3277,3277,test,faulty,8.1449,603.5679,593.3433,593.3433,10.2246,875.6035,3.561,1,1,1
3278,3278,test,faulty,7.8871,545.1249,535.4913,535.4913,9.6337,876.2424,3.561,1,1,1
3279,3279,test,faulty,8.0418,579.7366,566.0966,566.0966,13.64,877.3443,3.561,1,1,1
3280,3280,test,faulty,8.2855,637.0422,622.0346,622.0346,15.0076,878.6041,3.561,1,1,1
3281,3281,test,faulty,8.3846,661.306,635.7227,635.7227,25.5833,881.0859,3.561,1,1,1
3282,3282,test,faulty,8.1696,609.3592,605.1846,605.1846,4.1746,881.0941,3.561,1,1,1
3283,3283,test,faulty,8.563,706.512,702.0553,702.0553,4.4568,881.1349,3.561,1,1,1
3284,3284,test,faulty,8.9091,799.6939,787.4787,787.4787,12.2152,882.0722,3.561,1,1,1
3285,3285,test,faulty,8.5843,712.0255,700.6416,700.6416,11.3839,882.9134,3.561,1,1,1
3286,3286,test,faulty,8.5204,695.5389,671.5995,671.5995,23.9394,885.2052,3.561,1,1,1
3287,3287,test,faulty,8.6722,735.1021,705.029,705.029,30.0731,888.2057,3.561,1,1,1
3288,3288,test,faulty,8.2478,627.937,609.2389,609.2389,18.6981,889.892,3.561,1,1,1
3289,3289,test,faulty,7.8322,533.1585,511.8039,511.8039,21.3546,891.8852,3.561,1,1,1
3290,3290,test,faulty,8.2317,624.0787,613.4463,613.4463,10.6324,892.6395,3.561,1,1,1
3291,3291,test,faulty,8.2155,620.2311,609.5764,609.5764,10.6547,893.3965,3.561,1,1,1
3292,3292,test,faulty,7.9169,551.6869,529.5878,529.5878,22.0991,895.4757,3.561,1,1,1
3293,3293,test,faulty,7.6179,488.0516,473.0704,473.0704,14.9812,896.7325,3.561,1,1,1
3294,3294,test,faulty,8.0902,590.8526,570.1762,570.1762,20.6764,898.6473,3.561,1,1,1
3295,3295,test,faulty,8.1965,615.7195,622.7944,622.7944,-7.0749,897.3558,3.561,1,1,1
3296,3296,test,faulty,8.1422,602.9334,589.2458,589.2458,13.6876,898.4631,3.561,1,1,1
3297,3297,test,faulty,8.8073,771.5068,734.7691,734.7691,36.7377,902.2337,3.561,1,1,1
3298,3298,test,faulty,8.3425,650.937,638.7429,638.7429,12.1941,903.1685,3.561,1,1,1
3299,3299,test,faulty,8.5044,691.4443,693.6885,693.6885,-2.2443,902.435,3.561,1,1,1
3300,3300,test,faulty,8.5631,706.5398,698.9997,698.9997,7.5401,902.8321,3.561,1,1,1
3301,3301,test,faulty,8.6928,740.5968,719.8769,719.8769,20.7199,904.752,3.561,1,1,1
3302,3302,test,faulty,8.757,757.8235,759.2777,759.2777,-1.4542,904.1098,3.561,1,1,1
3303,3303,test,faulty,8.5039,691.3214,666.4013,666.4013,24.9202,906.515,3.561,1,1,1
3304,3304,test,faulty,8.1692,609.2656,599.9685,599.9685,9.2971,907.1151,3.561,1,1,1
3305,3305,test,faulty,8.0944,591.8235,575.0704,575.0704,16.7532,908.5766,3.561,1,1,1
3306,3306,test,faulty,8.3158,644.384,629.5587,629.5587,14.8253,909.8154,3.561,1,1,1
3307,3307,test,faulty,7.7635,518.4219,508.4754,508.4754,9.9465,910.4905,3.561,1,1,1
3308,3308,test,faulty,8.0106,572.6388,562.2088,562.2088,10.4299,911.2215,3.561,1,1,1
3309,3309,test,faulty,7.9009,548.1497,532.1479,532.1479,16.0019,912.5962,3.561,1,1,1
3310,3310,test,faulty,7.5366,471.5929,458.7246,458.7246,12.8683,913.6089,3.561,1,1,1
3311,3311,test,faulty,7.4953,463.3481,452.1186,452.1186,11.2295,914.4322,3.561,1,1,1
3312,3312,test,faulty,7.5628,476.8551,468.1756,468.1756,8.6795,914.9609,3.561,1,1,1
3313,3313,test,faulty,7.3295,431.2166,404.9409,404.9409,26.2757,917.5227,3.561,1,1,1
3314,3314,test,faulty,7.0647,382.8387,378.9862,378.9862,3.8526,917.4937,3.561,1,1,1
3315,3315,test,faulty,7.6563,495.9472,480.771,480.771,15.1762,918.773,3.561,1,1,1
3316,3316,test,faulty,7.9344,555.5564,546.5145,546.5145,9.0418,919.3436,3.561,1,1,1
3317,3317,test,faulty,8.0137,573.3492,571.1136,571.1136,2.2356,919.1278,3.561,1,1,1
3318,3318,test,faulty,7.5056,465.3921,450.155,450.155,15.2371,920.4142,3.561,1,1,1
3319,3319,test,faulty,7.7755,520.9767,507.5156,507.5156,13.4611,921.4954,3.561,1,1,1
3320,3320,test,faulty,7.8676,540.8567,521.7741,521.7741,19.0825,923.226,3.561,1,1,1
3321,3321,test,faulty,7.5791,480.1438,463.2842,463.2842,16.8597,924.6999,3.561,1,1,1
3322,3322,test,faulty,7.4491,454.2475,440.1033,440.1033,14.1441,925.86,3.561,1,1,1
3323,3323,test,faulty,8.1021,593.5866,566.7604,566.7604,26.8261,928.4854,3.561,1,1,1
3324,3324,test,faulty,8.5989,715.8197,694.8418,694.8418,20.9779,930.435,3.561,1,1,1
3325,3325,test,faulty,8.2114,619.2524,608.0353,608.0353,11.2171,931.2569,3.561,1,1,1
3326,3326,test,faulty,8.5188,695.1376,695.9018,695.9018,-0.7642,930.6945,3.561,1,1,1
3327,3327,test,faulty,8.9394,808.1945,792.8491,792.8491,15.3454,931.9934,3.561,1,1,1
3328,3328,test,faulty,9.168,874.2841,864.0736,864.0736,10.2105,932.699,3.561,1,1,1
3329,3329,test,faulty,9.5966,1007.3979,983.0988,983.0988,24.2992,935.0324,3.561,1,1,1
3330,3330,test,faulty,9.2183,889.292,859.1302,859.1302,30.1618,938.0432,3.561,1,1,1
3331,3331,test,faulty,9.5797,1001.9187,960.4854,960.4854,41.4333,942.3563,3.561,1,1,1
3332,3332,test,faulty,9.0298,833.9353,800.4875,800.4875,33.4478,945.7468,3.561,1,1,1
3333,3333,test,faulty,8.7885,766.3867,728.5672,728.5672,37.8195,949.6423,3.561,1,1,1
3334,3334,test,faulty,8.3959,664.1184,659.1064,659.1064,5.012,949.7473,3.561,1,1,1
3335,3335,test,faulty,8.5141,693.936,674.737,674.737,19.199,951.4914,3.561,1,1,1
3336,3336,test,faulty,8.0784,588.1326,570.5215,570.5215,17.6111,953.0521,3.561,1,1,1
3337,3337,test,faulty,8.7496,755.8249,737.3798,737.3798,18.4451,954.7091,3.561,1,1,1
3338,3338,test,faulty,8.6052,717.4621,698.3015,698.3015,19.1605,956.4488,3.561,1,1,1
3339,3339,test,faulty,9.2101,886.8445,867.7104,867.7104,19.1342,958.1855,3.561,1,1,1
3340,3340,test,faulty,8.5714,708.6769,684.013,684.013,24.6638,960.561,3.561,1,1,1
3341,3341,test,faulty,8.2693,633.1251,614.8318,614.8318,18.2933,962.2005,3.561,1,1,1
3342,3342,test,faulty,8.1419,602.8652,602.5294,602.5294,0.3358,961.7652,3.561,1,1,1
3343,3343,test,faulty,7.8217,530.884,509.7739,509.7739,21.1101,963.7301,3.561,1,1,1
3344,3344,test,faulty,7.6875,502.4244,485.8576,485.8576,16.5668,965.1701,3.561,1,1,1
3345,3345,test,faulty,7.5758,479.4806,466.6886,466.6886,12.792,966.174,3.561,1,1,1
3346,3346,test,faulty,7.7393,513.3069,486.7694,486.7694,26.5375,968.766,3.561,1,1,1
3347,3347,test,faulty,8.0831,589.1985,572.2991,572.2991,16.8994,970.2445,3.561,1,1,1
3348,3348,test,faulty,7.9568,560.5588,550.9817,550.9817,9.5771,970.8769,3.561,1,1,1
3349,3349,test,faulty,8.1087,595.1194,576.0817,576.0817,19.0378,972.6024,3.561,1,1,1
3350,3350,test,faulty,8.4899,687.7555,683.3402,683.3402,4.4152,972.6384,3.561,1,1,1
3351,3351,test,faulty,8.6949,741.1537,724.4667,724.4667,16.687,974.0923,3.561,1,1,1
3352,3352,test,faulty,8.9331,806.4135,785.7974,785.7974,20.6161,976.0002,3.561,1,1,1
3353,3353,test,faulty,8.6104,718.8227,703.4326,703.4326,15.3901,977.3042,3.561,1,1,1
3354,3354,test,faulty,8.1977,615.9976,598.8423,598.8423,17.1553,978.8122,3.561,1,1,1
3355,3355,test,faulty,8.2526,629.1083,622.4508,622.4508,6.6575,979.1073,3.561,1,1,1
3356,3356,test,faulty,8.6924,740.4844,727.6856,727.6856,12.7988,980.112,3.561,1,1,1
3357,3357,test,faulty,8.6726,735.2108,729.1365,729.1365,6.0743,980.3397,3.561,1,1,1
3358,3358,test,faulty,9.4694,966.6188,938.4128,938.4128,28.206,983.1245,3.561,1,1,1
3359,3359,test,faulty,9.1638,873.0552,842.6179,842.6179,30.4373,986.1671,3.561,1,1,1
3360,3360,test,faulty,9.2459,897.5763,868.9521,868.9521,28.6242,989.0002,3.561,1,1,1
3361,3361,test,faulty,8.6786,736.7999,722.6808,722.6808,14.1191,990.1574,3.561,1,1,1
3362,3362,test,faulty,8.7615,759.0485,733.3266,733.3266,25.7219,992.6552,3.561,1,1,1
3363,3363,test,faulty,8.1975,615.9512,601.0218,601.0218,14.9294,993.9061,3.561,1,1,1
3364,3364,test,faulty,8.2788,635.4136,618.4051,618.4051,17.0086,995.3971,3.561,1,1,1
3365,3365,test,faulty,8.5083,692.4442,669.2305,669.2305,23.2137,997.6051,3.561,1,1,1
3366,3366,test,faulty,8.5438,701.5517,675.0864,675.0864,26.4652,1000.1888,3.561,1,1,1
3367,3367,test,faulty,8.3606,655.3782,642.1287,642.1287,13.2495,1001.2455,3.561,1,1,1
3368,3368,test,faulty,8.4088,667.3432,647.4515,647.4515,19.8917,1003.0697,3.561,1,1,1
3369,3369,test,faulty,9.0409,837.1415,817.7025,817.7025,19.439,1004.8416,3.561,1,1,1
3370,3370,test,faulty,9.3314,923.6021,902.7135,902.7135,20.8886,1006.7809,3.561,1,1,1
3371,3371,test,faulty,9.4253,952.7519,922.9901,922.9901,29.7618,1009.7455,3.561,1,1,1
3372,3372,test,faulty,9.4496,960.3931,933.7561,933.7561,26.637,1012.349,3.561,1,1,1
3373,3373,test,faulty,8.9016,797.5766,791.8404,791.8404,5.7362,1012.5377,3.561,1,1,1
3374,3374,test,faulty,8.6525,729.9052,718.6459,718.6459,11.2593,1013.3644,3.561,1,1,1
3375,3375,test,faulty,8.4252,671.4216,645.9363,645.9363,25.4853,1015.8349,3.561,1,1,1
3376,3376,test,faulty,8.3933,663.4665,648.5094,648.5094,14.957,1017.0889,3.561,1,1,1
3377,3377,test,faulty,8.7663,760.3357,739.2653,739.2653,21.0705,1019.0493,3.561,1,1,1
3378,3378,test,faulty,8.6409,726.8408,723.9418,723.9418,2.899,1018.9101,3.561,1,1,1
3379,3379,test,faulty,8.5191,695.2198,686.5921,686.5921,8.6277,1019.4328,3.561,1,1,1
3380,3380,test,faulty,8.1314,600.4171,584.0216,584.0216,16.3955,1020.853,3.561,1,1,1
3381,3381,test,faulty,8.5502,703.1939,679.2946,679.2946,23.8994,1023.1403,3.561,1,1,1
3382,3382,test,faulty,8.2358,625.0745,622.6509,622.6509,2.4236,1022.9462,3.561,1,1,1
3383,3383,test,faulty,8.0677,585.6562,568.4724,568.4724,17.1839,1024.4575,3.561,1,1,1
3384,3384,test,faulty,8.1602,607.1425,596.8105,596.8105,10.3319,1025.1771,3.561,1,1,1
3385,3385,test,faulty,8.0627,584.5138,563.669,563.669,20.8448,1027.1114,3.561,1,1,1
3386,3386,test,faulty,7.8138,529.1788,516.8522,516.8522,12.3267,1028.0615,3.561,1,1,1
3387,3387,test,faulty,7.5222,468.7013,454.45,454.45,14.2513,1029.234,3.561,1,1,1
3388,3388,test,faulty,7.1129,391.3729,364.9887,364.9887,26.3842,1031.8083,3.561,1,1,1
3389,3389,test,faulty,6.8049,338.751,342.4642,342.4642,-3.7132,1030.9052,3.561,1,1,1
3390,3390,test,faulty,6.8267,342.3337,337.66,337.66,4.6737,1030.971,3.561,1,1,1
3391,3391,test,faulty,7.1135,391.4807,381.4191,381.4191,10.0616,1031.6594,3.561,1,1,1
3392,3392,test,faulty,7.3741,439.713,427.9094,427.9094,11.8036,1032.5491,3.561,1,1,1
3393,3393,test,faulty,7.431,450.7254,445.9351,445.9351,4.7902,1032.6284,3.561,1,1,1
3394,3394,test,faulty,7.2319,412.9659,408.589,408.589,4.3769,1032.66,3.561,1,1,1
3395,3395,test,faulty,7.4775,459.8263,441.285,441.285,18.5413,1034.3282,3.561,1,1,1
3396,3396,test,faulty,8.1282,599.65,599.0348,599.0348,0.6152,1033.9251,3.561,1,1,1
3397,3397,test,faulty,7.9736,564.3234,548.0612,548.0612,16.2622,1035.33,3.561,1,1,1
3398,3398,test,faulty,7.7101,507.1525,499.5146,499.5146,7.6379,1035.7383,3.561,1,1,1
3399,3399,test,faulty,8.0228,575.4065,567.8147,567.8147,7.5918,1036.1414,3.561,1,1,1
3400,3400,test,faulty,7.7538,516.3711,505.1187,505.1187,11.2525,1036.9674,3.561,1,1,1
3401,3401,test,faulty,7.9437,557.6398,548.1622,548.1622,9.4776,1037.5883,3.561,1,1,1
3402,3402,test,faulty,8.2685,632.921,615.2793,615.2793,17.6417,1039.1525,3.561,1,1,1
3403,3403,test,faulty,8.179,611.5752,606.3457,606.3457,5.2295,1039.2826,3.561,1,1,1
3404,3404,test,faulty,7.919,552.148,552.9538,552.9538,-0.8059,1038.7153,3.561,1,1,1
3405,3405,test,faulty,8.1992,616.3482,599.3995,599.3995,16.9488,1040.1995,3.561,1,1,1
3406,3406,test,faulty,8.328,647.3817,625.9391,625.9391,21.4426,1042.2029,3.561,1,1,1
3407,3407,test,faulty,7.966,562.6045,554.6383,554.6383,7.9662,1042.6491,3.561,1,1,1
3408,3408,test,faulty,7.8621,539.6605,520.4514,520.4514,19.2092,1044.3945,3.561,1,1,1
3409,3409,test,faulty,7.9591,561.0647,550.084,550.084,10.9807,1045.189,3.561,1,1,1
3410,3410,test,faulty,7.5813,480.5904,465.8008,465.8008,14.7896,1046.4237,3.561,1,1,1
3411,3411,test,faulty,7.5441,473.0922,453.4283,453.4283,19.6639,1048.2216,3.561,1,1,1
3412,3412,test,faulty,8.0519,582.0508,562.1282,562.1282,19.9226,1050.0493,3.561,1,1,1
3413,3413,test,faulty,7.5866,481.6763,473.1166,473.1166,8.5597,1050.5642,3.561,1,1,1
3414,3414,test,faulty,7.373,439.5148,431.5243,431.5243,7.9905,1051.0133,3.561,1,1,1
3415,3415,test,faulty,7.6187,488.2031,496.8428,496.8428,-8.6397,1049.5409,3.561,1,1,1
3416,3416,test,faulty,7.8311,532.928,541.6772,541.6772,-8.7492,1048.0559,3.561,1,1,1
3417,3417,test,faulty,7.9033,548.6951,538.0154,538.0154,10.6798,1048.8157,3.561,1,1,1
3418,3418,test,faulty,7.4512,454.6744,439.2525,439.2525,15.4219,1050.1235,3.561,1,1,1
3419,3419,test,faulty,7.2133,409.545,389.0235,389.0235,20.5215,1052.0204,3.561,1,1,1
3420,3420,test,faulty,7.5731,478.9377,461.7464,461.7464,17.1913,1053.5326,3.561,1,1,1
3421,3421,test,faulty,7.2536,416.9764,394.4406,394.4406,22.5357,1055.6622,3.561,1,1,1
3422,3422,test,faulty,6.9644,365.4194,356.2587,356.2587,9.1607,1056.2466,3.561,1,1,1
3423,3423,test,faulty,7.2724,420.4871,412.6284,412.6284,7.8586,1056.6804,3.561,1,1,1
3424,3424,test,faulty,7.4556,455.5239,454.2361,454.2361,1.2878,1056.3551,3.561,1,1,1
3425,3425,test,faulty,7.7965,525.4626,510.1056,510.1056,15.357,1057.6553,3.561,1,1,1
3426,3426,test,faulty,7.6143,487.3108,476.8149,476.8149,10.4959,1058.3939,3.561,1,1,1
3427,3427,test,faulty,7.9862,567.1385,536.012,536.012,31.1266,1061.5162,3.561,1,1,1
3428,3428,test,faulty,7.6041,485.2365,473.0858,473.0858,12.1507,1062.4459,3.561,1,1,1
3429,3429,test,faulty,7.7675,519.2744,508.6813,508.6813,10.5931,1063.1957,3.561,1,1,1
3430,3430,test,faulty,7.7656,518.8638,514.4982,514.4982,4.3656,1063.226,3.561,1,1,1
3431,3431,test,faulty,7.9008,548.1448,525.6957,525.6957,22.4491,1065.3457,3.561,1,1,1
3432,3432,test,faulty,7.6476,494.1491,477.891,477.891,16.2581,1066.75,3.561,1,1,1
3433,3433,test,faulty,7.1682,401.3156,391.822,391.822,9.4936,1067.3728,3.561,1,1,1
3434,3434,test,faulty,7.3243,430.2423,419.6047,419.6047,10.6376,1068.1277,3.561,1,1,1
3435,3435,test,faulty,7.0654,382.9607,371.6275,371.6275,11.3332,1068.963,3.561,1,1,1
3436,3436,test,faulty,6.646,313.4073,309.6085,309.6085,3.7988,1068.9278,3.561,1,1,1
3437,3437,test,faulty,6.2758,258.8771,233.6432,233.6432,25.2339,1071.3693,3.561,1,1,1
3438,3438,test,faulty,6.7363,327.6573,314.3242,314.3242,13.3331,1072.4356,3.561,1,1,1
3439,3439,test,faulty,6.3813,273.7787,271.8703,271.8703,1.9084,1072.182,3.561,1,1,1
3440,3440,test,faulty,6.3517,269.5476,263.8386,263.8386,5.7091,1072.3675,3.561,1,1,1
3441,3441,test,faulty,6.9666,365.7979,353.0175,353.0175,12.7803,1073.37,3.561,1,1,1
3442,3442,test,faulty,7.2643,418.9715,408.5943,408.5943,10.3772,1074.0949,3.561,1,1,1
3443,3443,test,faulty,7.3823,441.2966,445.5897,445.5897,-4.2931,1073.1248,3.561,1,1,1
3444,3444,test,faulty,8.7045,743.7023,721.9913,721.9913,21.7111,1075.1592,3.561,1,1,1
3445,3445,test,faulty,8.4575,679.5587,673.1397,673.1397,6.4191,1075.4267,3.561,1,1,1
3446,3446,test,faulty,8.6916,740.2801,710.9177,710.9177,29.3625,1078.3451,3.561,1,1,1
3447,3447,test,faulty,8.7444,754.426,728.2709,728.2709,26.1551,1080.893,3.561,1,1,1
3448,3448,test,faulty,9.0366,835.902,815.6857,815.6857,20.2164,1082.7547,3.561,1,1,1
3449,3449,test,faulty,8.7788,763.7364,750.8092,750.8092,12.9272,1083.7741,3.561,1,1,1
3450,3450,test,faulty,8.7178,747.2823,714.2447,714.2447,33.0375,1087.1172,3.561,1,1,1
3451,3451,test,faulty,8.4762,684.276,680.4056,680.4056,3.8703,1087.0902,3.561,1,1,1
3452,3452,test,faulty,8.5835,711.8316,701.075,701.075,10.7566,1087.8589,3.561,1,1,1
3453,3453,test,faulty,8.5471,702.4095,693.5698,693.5698,8.8397,1088.4062,3.561,1,1,1
3454,3454,test,faulty,8.2299,623.6476,611.8225,611.8225,11.8251,1089.2983,3.561,1,1,1
3455,3455,test,faulty,8.2398,626.0166,588.3484,588.3484,37.6682,1093.1764,3.561,1,1,1
3456,3456,test,faulty,8.1438,603.3019,590.2546,590.2546,13.0474,1094.2098,3.561,1,1,1
3457,3457,test,faulty,8.0422,579.8376,567.9198,567.9198,11.9178,1095.1126,3.561,1,1,1
3458,3458,test,faulty,8.4034,665.9943,635.6531,635.6531,30.3412,1098.1441,3.561,1,1,1
3459,3459,test,faulty,8.3671,656.9879,633.7911,633.7911,23.1968,1100.3502,3.561,1,1,1
3460,3460,test,faulty,8.3068,642.1967,617.5063,617.5063,24.6904,1102.7288,3.561,1,1,1
3461,3461,test,faulty,8.1591,606.8995,581.5098,581.5098,25.3897,1105.1882,3.561,1,1,1
3462,3462,test,faulty,8.1534,605.5582,574.4069,574.4069,31.1512,1108.3133,3.561,1,1,1
3463,3463,test,faulty,8.2327,624.3304,613.7543,613.7543,10.5761,1109.0611,3.561,1,1,1
3464,3464,test,faulty,7.9803,565.8215,539.6262,539.6262,26.1953,1111.6136,3.561,1,1,1
3465,3465,test,faulty,7.4937,463.0447,451.0302,451.0302,12.0145,1112.5277,3.561,1,1,1
3466,3466,test,faulty,7.6825,501.3868,499.427,499.427,1.9598,1112.28,3.561,1,1,1
3467,3467,test,faulty,8.2798,635.6474,621.8358,621.8358,13.8116,1113.4017,3.561,1,1,1
3468,3468,test,faulty,8.1816,612.1774,599.9701,599.9701,12.2073,1114.338,3.561,1,1,1
3469,3469,test,faulty,8.2255,622.6136,609.7904,609.7904,12.8233,1115.3455,3.561,1,1,1
3470,3470,test,faulty,7.7936,524.8573,516.6759,516.6759,8.1814,1115.8166,3.561,1,1,1
3471,3471,test,faulty,7.5585,475.9818,461.3069,461.3069,14.6749,1117.038,3.561,1,1,1
3472,3472,test,faulty,7.2478,415.9058,418.8648,418.8648,-2.959,1116.222,3.561,1,1,1
3473,3473,test,faulty,7.6309,490.7145,467.9211,467.9211,22.7934,1118.3815,3.561,1,1,1
3474,3474,test,faulty,7.3362,432.4942,428.1229,428.1229,4.3713,1118.4124,3.561,1,1,1
3475,3475,test,faulty,8.3045,641.6507,633.76,633.76,7.8907,1118.85,3.561,1,1,1
3476,3476,test,faulty,8.2516,628.8533,615.7134,615.7134,13.1399,1119.8941,3.561,1,1,1
3477,3477,test,faulty,8.9515,811.6084,791.1082,791.1082,20.5001,1121.7885,3.561,1,1,1
3478,3478,test,faulty,9.1042,855.5201,832.7303,832.7303,22.7898,1123.9475,3.561,1,1,1
3479,3479,test,faulty,9.7244,1049.4604,1021.1486,1021.1486,28.3118,1126.7446,3.561,1,1,1
3480,3480,test,faulty,9.372,936.1254,903.3008,903.3008,32.8246,1130.063,3.561,1,1,1
3481,3481,test,faulty,8.8145,773.4863,737.8902,737.8902,35.5961,1133.7017,3.561,1,1,1
3482,3482,test,faulty,8.9031,798.0152,778.3593,778.3593,19.6559,1135.4986,3.561,1,1,1
3483,3483,test,faulty,8.76,758.639,758.4431,758.4431,0.1959,1135.0471,3.561,1,1,1
3484,3484,test,faulty,9.3641,933.684,908.1112,908.1112,25.5728,1137.5277,3.561,1,1,1
3485,3485,test,faulty,9.3378,925.5678,899.7229,899.7229,25.8449,1140.0397,3.561,1,1,1
3486,3486,test,faulty,8.9673,816.09,793.9937,793.9937,22.0963,1142.1186,3.561,1,1,1
3487,3487,test,faulty,9.0906,851.5563,835.5512,835.5512,16.0051,1143.4937,3.561,1,1,1
3488,3488,test,faulty,9.5624,996.32,971.7906,971.7906,24.5293,1145.8537,3.561,1,1,1
3489,3489,test,faulty,9.8781,1101.5428,1081.0548,1081.0548,20.4879,1147.7468,3.561,1,1,1
3490,3490,test,faulty,9.2746,906.2664,890.3804,890.3804,15.8859,1149.1081,3.561,1,1,1
3491,3491,test,faulty,9.3118,917.5914,901.6538,901.6538,15.9376,1150.4755,3.561,1,1,1
3492,3492,test,faulty,9.407,947.0357,921.6864,921.6864,25.3493,1152.9302,3.561,1,1,1
3493,3493,test,faulty,9.5026,977.1545,943.3706,943.3706,33.7839,1156.3595,3.561,1,1,1
3494,3494,test,faulty,9.4776,969.218,953.2763,953.2763,15.9417,1157.7273,3.561,1,1,1
3495,3495,test,faulty,9.1875,880.1019,862.7136,862.7136,17.3883,1159.2622,3.561,1,1,1
3496,3496,test,faulty,9.843,1089.5119,1057.2883,1057.2883,32.2236,1162.5112,3.561,1,1,1
3497,3497,test,faulty,10.0825,1173.3768,1147.9402,1147.9402,25.4366,1164.976,3.561,1,1,1
3498,3498,test,faulty,9.7244,1049.4611,1020.2859,1020.2859,29.1752,1167.8728,3.561,1,1,1
3499,3499,test,faulty,9.6406,1021.7736,982.3091,982.3091,39.4645,1171.9585,3.561,1,1,1
3500,3500,test,faulty,9.2549,900.3083,887.7511,887.7511,12.5572,1172.9352,3.561,1,1,1
3501,3501,test,faulty,9.0304,834.116,818.8168,818.8168,15.2992,1174.2287,3.561,1,1,1
3502,3502,test,faulty,8.9475,810.483,798.6101,798.6101,11.8728,1175.1264,3.561,1,1,1
3503,3503,test,faulty,8.6917,740.3019,715.0846,715.0846,25.2173,1177.5659,3.561,1,1,1
3504,3504,test,faulty,8.3674,657.0589,637.5318,637.5318,19.5271,1179.348,3.561,1,1,1
3505,3505,test,faulty,8.8574,785.2885,770.1415,770.1415,15.147,1180.6239,3.561,1,1,1
3506,3506,test,faulty,8.4846,686.4124,661.424,661.424,24.9884,1183.037,3.561,1,1,1
3507,3507,test,faulty,8.1103,595.4886,585.2155,585.2155,10.2732,1183.7498,3.561,1,1,1
3508,3508,test,faulty,7.9006,548.0983,517.0446,517.0446,31.0537,1186.8637,3.561,1,1,1
3509,3509,test,faulty,8.0084,572.1584,550.6342,550.6342,21.5242,1188.8764,3.561,1,1,1
3510,3510,test,faulty,7.8069,527.6976,521.5354,521.5354,6.1622,1189.1143,3.561,1,1,1
3511,3511,test,faulty,7.8388,534.6011,527.3563,527.3563,7.2448,1189.4772,3.561,1,1,1
3512,3512,test,faulty,8.1389,602.1556,578.7822,578.7822,23.3734,1191.7037,3.561,1,1,1
3513,3513,test,faulty,8.2321,624.178,599.9336,599.9336,24.2444,1194.0308,3.561,1,1,1
3514,3514,test,faulty,8.514,693.9069,666.8433,666.8433,27.0636,1196.6836,3.561,1,1,1
3515,3515,test,faulty,9.1774,877.0829,838.2144,838.2144,38.8685,1200.7004,3.561,1,1,1
3516,3516,test,faulty,9.6427,1022.4506,994.0717,994.0717,28.3789,1203.5051,3.561,1,1,1
3517,3517,test,faulty,9.5837,1003.2244,976.7734,976.7734,26.4511,1206.0872,3.561,1,1,1
3518,3518,test,faulty,9.4684,966.299,932.2018,932.2018,34.0972,1209.5527,3.561,1,1,1
3519,3519,test,faulty,9.3243,921.4196,895.253,895.253,26.1667,1212.1018,3.561,1,1,1
3520,3520,test,faulty,9.5862,1004.0192,990.44,990.44,13.5792,1213.1967,3.561,1,1,1
3521,3521,test,faulty,9.3626,933.2283,915.1275,915.1275,18.1007,1214.8139,3.561,1,1,1
3522,3522,test,faulty,8.8256,776.533,755.3039,755.3039,21.2291,1216.7926,3.561,1,1,1
3523,3523,test,faulty,8.9524,811.8612,790.4707,790.4707,21.3905,1218.79,3.561,1,1,1
3524,3524,test,faulty,8.7994,769.3375,740.7781,740.7781,28.5594,1221.6156,3.561,1,1,1
3525,3525,test,faulty,8.2748,634.4413,611.8953,611.8953,22.546,1223.7464,3.561,1,1,1
3526,3526,test,faulty,8.5018,690.7871,669.4404,669.4404,21.3467,1225.7387,3.561,1,1,1
3527,3527,test,faulty,8.4611,680.4581,673.6702,673.6702,6.7879,1226.0489,3.561,1,1,1
3528,3528,test,faulty,9.3245,921.4795,888.7694,888.7694,32.7101,1229.3541,3.561,1,1,1
3529,3529,test,faulty,9.2038,884.9424,876.8461,876.8461,8.0963,1229.8154,3.561,1,1,1
3530,3530,test,faulty,8.6966,741.6048,722.8028,722.8028,18.802,1231.5137,3.561,1,1,1
3531,3531,test,faulty,8.2541,629.4628,620.9698,620.9698,8.493,1232.0208,3.561,1,1,1
3532,3532,test,faulty,8.3339,648.825,623.3993,623.3993,25.4257,1234.4844,3.561,1,1,1
3533,3533,test,faulty,7.9868,567.2715,551.3225,551.3225,15.949,1235.853,3.561,1,1,1
3534,3534,test,faulty,7.4095,446.5531,424.7727,424.7727,21.7804,1237.8954,3.561,1,1,1
3535,3535,test,faulty,7.2103,408.9947,392.5637,392.5637,16.431,1239.3198,3.561,1,1,1
3536,3536,test,faulty,7.5051,465.3,455.4883,455.4883,9.8117,1239.9793,3.561,1,1,1
3537,3537,test,faulty,7.451,454.624,435.3653,435.3653,19.2586,1241.7303,3.561,1,1,1
3538,3538,test,faulty,7.5685,477.993,466.7947,466.7947,11.1983,1242.55,3.561,1,1,1
3539,3539,test,faulty,8.1442,603.3868,579.4961,579.4961,23.8907,1244.8363,3.561,1,1,1
3540,3540,test,faulty,7.7084,506.7921,491.2299,491.2299,15.5622,1246.1602,3.561,1,1,1
3541,3541,test,faulty,7.3311,431.5268,420.7188,420.7188,10.808,1246.9348,3.561,1,1,1
3542,3542,test,faulty,7.3507,435.242,412.1878,412.1878,23.0542,1249.1244,3.561,1,1,1
3543,3543,test,faulty,6.8245,341.9684,339.0261,339.0261,2.9422,1248.9902,3.561,1,1,1
3544,3544,test,faulty,7.3766,440.2026,432.1652,432.1652,8.0374,1249.4448,3.561,1,1,1
3545,3545,test,faulty,7.3683,438.6033,417.9643,417.9643,20.6389,1251.3553,3.561,1,1,1
3546,3546,test,faulty,7.7587,517.3969,512.6579,512.6579,4.7391,1251.4287,3.561,1,1,1
3547,3547,test,faulty,7.3982,444.3559,426.8067,426.8067,17.5492,1252.9822,3.561,1,1,1
3548,3548,test,faulty,7.763,518.3182,495.3048,495.3048,23.0134,1255.1671,3.561,1,1,1
3549,3549,test,faulty,7.7191,509.0427,496.1623,496.1623,12.8804,1256.1812,3.561,1,1,1
3550,3550,test,faulty,7.5195,468.1608,451.1302,451.1302,17.0306,1257.6748,3.561,1,1,1
3551,3551,test,faulty,7.3513,435.3641,417.8715,417.8715,17.4926,1259.2217,3.561,1,1,1
3552,3552,test,faulty,6.8827,351.6127,345.3843,345.3843,6.2284,1259.4672,3.561,1,1,1
3553,3553,test,faulty,6.6595,315.5051,321.004,321.004,-5.4989,1258.3578,3.561,1,1,1
3554,3554,test,faulty,6.8204,341.2939,341.2275,341.2275,0.0664,1257.8913,3.561,1,1,1
3555,3555,test,faulty,6.4564,284.703,288.9379,288.9379,-4.235,1256.9279,3.561,1,1,1
3556,3556,test,faulty,6.318,264.7761,249.4958,249.4958,15.2804,1258.2193,3.561,1,1,1
3557,3557,test,faulty,6.8441,345.1935,321.1069,321.1069,24.0866,1260.5281,3.561,1,1,1
3558,3558,test,faulty,7.1448,397.0961,385.8681,385.8681,11.228,1261.3513,3.561,1,1,1
3559,3559,test,faulty,7.3412,433.4416,415.4967,415.4967,17.9449,1262.9505,3.561,1,1,1
3560,3560,test,faulty,7.0234,375.5969,358.6538,358.6538,16.9431,1264.434,3.561,1,1,1
3561,3561,test,faulty,7.4476,453.968,434.1843,434.1843,19.7836,1266.2457,3.561,1,1,1
3562,3562,test,faulty,7.2183,410.4636,393.1109,393.1109,17.3527,1267.7765,3.561,1,1,1
3563,3563,test,faulty,7.6057,485.5588,461.2185,461.2185,24.3402,1270.1147,3.561,1,1,1
3564,3564,test,faulty,7.1409,396.3946,376.0579,376.0579,20.3367,1271.9903,3.561,1,1,1
3565,3565,test,faulty,6.6228,309.7961,303.5729,303.5729,6.2232,1272.2352,3.561,1,1,1
3566,3566,test,faulty,6.3408,267.9971,259.4478,259.4478,8.5493,1272.7489,3.561,1,1,1
3567,3567,test,faulty,6.5061,292.0651,290.5285,290.5285,1.5366,1272.4523,3.561,1,1,1
3568,3568,test,faulty,6.5353,296.4397,296.5007,296.5007,-0.061,1271.9711,3.561,1,1,1
3569,3569,test,faulty,6.5746,302.3907,296.2139,296.2139,6.1768,1272.2106,3.561,1,1,1
3570,3570,test,faulty,6.9125,356.6084,346.0483,346.0483,10.5601,1272.9566,3.561,1,1,1
3571,3571,test,faulty,7.0851,386.4303,360.8206,360.8206,25.6097,1275.4415,3.561,1,1,1
3572,3572,test,faulty,7.5119,466.6603,450.0356,450.0356,16.6247,1276.8882,3.561,1,1,1
3573,3573,test,faulty,7.5135,466.9691,448.0618,448.0618,18.9073,1278.5986,3.561,1,1,1
3574,3574,test,faulty,7.5488,474.0241,474.8084,474.8084,-0.7843,1278.0339,3.561,1,1,1
3575,3575,test,faulty,7.9492,558.8586,548.9476,548.9476,9.911,1278.7049,3.561,1,1,1
3576,3576,test,faulty,8.3716,658.1032,651.0768,651.0768,7.0265,1279.0426,3.561,1,1,1
3577,3577,test,faulty,7.9807,565.9102,546.5165,546.5165,19.3937,1280.8092,3.561,1,1,1
3578,3578,test,faulty,7.5783,479.9941,467.7239,467.7239,12.2702,1281.7528,3.561,1,1,1
3579,3579,test,faulty,7.3008,425.806,412.3617,412.3617,13.4442,1282.832,3.561,1,1,1
3580,3580,test,faulty,7.2789,421.6923,416.5438,416.5438,5.1486,1282.9528,3.561,1,1,1
3581,3581,test,faulty,7.4884,461.9779,440.5594,440.5594,21.4185,1284.9534,3.561,1,1,1
3582,3582,test,faulty,7.686,502.1106,478.9238,478.9238,23.1868,1287.1582,3.561,1,1,1
3583,3583,test,faulty,8.2599,630.8447,622.0101,622.0101,8.8346,1287.7049,3.561,1,1,1
3584,3584,test,faulty,8.1053,594.3458,596.6676,596.6676,-2.3217,1286.9625,3.561,1,1,1
3585,3585,test,faulty,7.9814,566.0589,553.843,553.843,12.2159,1287.8998,3.561,1,1,1
3586,3586,test,faulty,8.0762,587.6086,585.5683,585.5683,2.0403,1287.6614,3.561,1,1,1
3587,3587,test,faulty,7.7884,523.74,511.6537,511.6537,12.0864,1288.5838,3.561,1,1,1
3588,3588,test,faulty,7.538,471.871,477.4154,477.4154,-5.5444,1287.469,3.561,1,1,1
3589,3589,test,faulty,7.3738,439.6665,436.9594,436.9594,2.7071,1287.3077,3.561,1,1,1
3590,3590,test,faulty,7.8883,545.377,539.182,539.182,6.195,1287.5494,3.561,1,1,1
3591,3591,test,faulty,8.0085,572.1756,553.3677,553.3677,18.8079,1289.2483,3.561,1,1,1
3592,3592,test,faulty,7.6609,496.8979,483.8235,483.8235,13.0744,1290.2848,3.561,1,1,1
3593,3593,test,faulty,7.5861,481.5643,460.0709,460.0709,21.4934,1292.294,3.561,1,1,1
3594,3594,test,faulty,7.5372,471.6973,461.7908,461.7908,9.9065,1292.9645,3.561,1,1,1
3595,3595,test,faulty,7.4353,451.5678,451.0817,451.0817,0.4861,1292.5465,3.561,1,1,1
3596,3596,test,faulty,7.2935,424.4258,400.8706,400.8706,23.5553,1294.794,3.561,1,1,1
3597,3597,test,faulty,6.9832,368.6495,359.9432,359.9432,8.7063,1295.3258,3.561,1,1,1
3598,3598,test,faulty,6.6318,311.2007,284.4965,284.4965,26.7042,1297.9371,3.561,1,1,1
3599,3599,test,faulty,7.0769,384.9926,375.998,375.998,8.9946,1298.5022,3.561,1,1,1
3600,3600,test,faulty,7.2027,407.605,391.681,391.681,15.924,1299.868,3.561,1,1,1
3601,3601,test,faulty,7.0673,383.2925,376.3665,376.3665,6.926,1300.1941,3.561,1,1,1
3602,3602,test,faulty,7.3972,444.1681,435.5345,435.5345,8.6336,1300.7175,3.561,1,1,1
3603,3603,test,faulty,7.6965,504.3043,478.3644,478.3644,25.9399,1303.2405,3.561,1,1,1
3604,3604,test,faulty,7.1785,403.2002,389.7956,389.7956,13.4046,1304.3151,3.561,1,1,1
3605,3605,test,faulty,7.357,436.4457,423.9825,423.9825,12.4632,1305.281,3.561,1,1,1
3606,3606,test,faulty,7.6837,501.6428,488.375,488.375,13.2678,1306.3398,3.561,1,1,1
3607,3607,test,faulty,8.479,684.9858,671.5048,671.5048,13.481,1307.4233,3.561,1,1,1
3608,3608,test,faulty,8.4914,688.1444,687.6275,687.6275,0.5169,1307.0089,3.561,1,1,1
3609,3609,test,faulty,9.4273,953.3666,922.6853,922.6853,30.6813,1310.0797,3.561,1,1,1
3610,3610,test,faulty,9.2484,898.351,875.4939,875.4939,22.8571,1312.2465,3.561,1,1,1
3611,3611,test,faulty,9.04,836.8793,821.2089,821.2089,15.6704,1313.583,3.561,1,1,1
3612,3612,test,faulty,8.8064,771.2718,749.2092,749.2092,22.0626,1315.658,3.561,1,1,1
3613,3613,test,faulty,8.5961,715.1042,699.3843,699.3843,15.7198,1317.0001,3.561,1,1,1
3614,3614,test,faulty,8.5898,713.4538,697.6496,697.6496,15.8042,1318.352,3.561,1,1,1
3615,3615,test,faulty,9.1835,878.9139,850.4891,850.4891,28.4248,1321.1621,3.561,1,1,1
3616,3616,test,faulty,9.0693,845.3392,822.4072,822.4072,22.932,1323.3376,3.561,1,1,1
3617,3617,test,faulty,8.9691,816.6121,784.8766,784.8766,31.7355,1326.5302,3.561,1,1,1
3618,3618,test,faulty,8.5848,712.1467,676.8912,676.8912,35.2555,1330.1295,3.561,1,1,1
3619,3619,test,faulty,8.3146,644.0945,626.6285,626.6285,17.466,1331.6734,3.561,1,1,1
3620,3620,test,faulty,8.4588,679.8901,656.5086,656.5086,23.3815,1333.9008,3.561,1,1,1
3621,3621,test,faulty,8.8649,787.3833,767.8364,767.8364,19.5469,1335.6851,3.561,1,1,1
3622,3622,test,faulty,8.3033,641.355,614.6859,614.6859,26.6691,1338.2923,3.561,1,1,1
3623,3623,test,faulty,7.7726,520.365,520.2955,520.2955,0.0695,1337.8262,3.561,1,1,1
3624,3624,test,faulty,8.499,690.0805,673.0369,673.0369,17.0436,1339.3213,3.561,1,1,1
3625,3625,test,faulty,8.9354,807.0838,789.309,789.309,17.7748,1340.9009,3.561,1,1,1
3626,3626,test,faulty,8.9397,808.2924,786.3876,786.3876,21.9047,1342.9577,3.561,1,1,1
3627,3627,test,faulty,9.2236,890.8802,869.7783,869.7783,21.1019,1344.9217,3.561,1,1,1
3628,3628,test,faulty,9.2563,900.7433,874.3645,874.3645,26.3788,1347.4954,3.561,1,1,1
3629,3629,test,faulty,9.6546,1026.3737,993.0606,993.0606,33.3132,1350.8703,3.561,1,1,1
3630,3630,test,faulty,9.9972,1143.0295,1106.9246,1106.9246,36.1049,1354.5677,3.561,1,1,1
3631,3631,test,faulty,10.4728,1318.803,1286.4222,1286.4222,32.3808,1357.8349,3.561,1,1,1
3632,3632,test,faulty,10.1898,1212.2704,1174.0117,1174.0117,38.2587,1361.7812,3.561,1,1,1
3633,3633,test,faulty,9.7594,1061.1862,1035.794,1035.794,25.3922,1364.2409,3.561,1,1,1
3634,3634,test,faulty,9.0433,837.8216,821.1056,821.1056,16.7159,1365.6981,3.561,1,1,1
3635,3635,test,faulty,8.7913,767.1485,744.3894,744.3894,22.7591,1367.8536,3.561,1,1,1
3636,3636,test,faulty,8.6071,717.9562,705.7976,705.7976,12.1586,1368.7843,3.561,1,1,1
3637,3637,test,faulty,8.5276,697.3839,675.2757,675.2757,22.1082,1370.8646,3.561,1,1,1
3638,3638,test,faulty,8.0553,582.8307,569.2922,569.2922,13.5386,1371.9547,3.561,1,1,1
3639,3639,test,faulty,7.7374,512.9001,486.3387,486.3387,26.5614,1374.5495,3.561,1,1,1
3640,3640,test,faulty,7.5224,468.7423,461.2687,461.2687,7.4736,1374.9389,3.561,1,1,1
3641,3641,test,faulty,7.4608,456.5569,444.0083,444.0083,12.5486,1375.9146,3.561,1,1,1
3642,3642,test,faulty,7.4982,463.9232,465.9325,465.9325,-2.0093,1375.2083,3.561,1,1,1
3643,3643,test,faulty,7.7236,509.9955,504.0787,504.0787,5.9168,1375.4178,3.561,1,1,1
3644,3644,test,faulty,7.879,543.3521,512.8209,512.8209,30.5313,1378.4713,3.561,1,1,1
3645,3645,test,faulty,7.8484,536.6672,520.5439,520.5439,16.1233,1379.8601,3.561,1,1,1
3646,3646,test,faulty,7.2496,416.2396,403.3179,403.3179,12.9217,1380.8789,3.561,1,1,1
3647,3647,test,faulty,7.2638,418.8837,422.5656,422.5656,-3.6819,1379.9794,3.561,1,1,1
3648,3648,test,faulty,6.9914,370.0601,367.6179,367.6179,2.4422,1379.7875,3.561,1,1,1
3649,3649,test,faulty,6.7953,337.186,332.664,332.664,4.522,1379.8358,3.561,1,1,1
3650,3650,test,faulty,6.6864,319.7405,305.7228,305.7228,14.0177,1380.9813,3.561,1,1,1
3651,3651,test,faulty,6.7202,325.0919,303.2592,303.2592,21.8326,1383.0297,3.561,1,1,1
3652,3652,test,faulty,6.9228,358.3532,343.2925,343.2925,15.0607,1384.2957,3.561,1,1,1
3653,3653,test,faulty,7.4336,451.2221,443.3047,443.3047,7.9174,1384.7364,3.561,1,1,1
3654,3654,test,faulty,7.889,545.5507,529.6586,529.6586,15.8921,1386.0984,3.561,1,1,1
3655,3655,test,faulty,8.1821,612.299,575.2572,575.2572,37.0419,1389.9041,3.561,1,1,1
3656,3656,test,faulty,8.2926,638.7468,619.9029,619.9029,18.8438,1391.6072,3.561,1,1,1
3657,3657,test,faulty,8.5425,701.2157,682.7015,682.7015,18.5141,1393.2722,3.561,1,1,1
3658,3658,test,faulty,9.0821,849.0721,828.1872,828.1872,20.8849,1395.2112,3.561,1,1,1
3659,3659,test,faulty,8.6529,730.0073,718.8863,718.8863,11.121,1396.022,3.561,1,1,1
3660,3660,test,faulty,8.5153,694.2383,669.8814,669.8814,24.3569,1398.362,3.561,1,1,1
3661,3661,test,faulty,8.6661,733.4849,719.2815,719.2815,14.2034,1399.529,3.561,1,1,1
3662,3662,test,faulty,8.9028,797.9123,778.1397,778.1397,19.7726,1401.3394,3.561,1,1,1
3663,3663,test,faulty,8.5958,715.0138,700.1122,700.1122,14.9016,1402.587,3.561,1,1,1
3664,3664,test,faulty,8.321,645.6745,620.4724,620.4724,25.202,1405.0248,3.561,1,1,1
3665,3665,test,faulty,8.1785,611.4564,588.6176,588.6176,22.8388,1407.1894,3.561,1,1,1
3666,3666,test,faulty,8.5532,703.9783,684.0289,684.0289,19.9494,1409.0203,3.561,1,1,1
3667,3667,test,faulty,8.093,591.4976,575.931,575.931,15.5665,1410.3447,3.561,1,1,1
3668,3668,test,faulty,7.7422,513.9013,489.9912,489.9912,23.9102,1412.6332,3.561,1,1,1
3669,3669,test,faulty,7.9853,566.9348,555.98,555.98,10.9547,1413.4248,3.561,1,1,1
3670,3670,test,faulty,7.68,500.8702,485.0617,485.0617,15.8085,1414.7772,3.561,1,1,1
3671,3671,test,faulty,7.448,454.0423,453.6864,453.6864,0.3559,1414.3442,3.561,1,1,1
3672,3672,test,faulty,7.7005,505.1442,488.2811,488.2811,16.8631,1415.8184,3.561,1,1,1
3673,3673,test,faulty,7.5737,479.0517,461.8098,461.8098,17.2419,1417.3364,3.561,1,1,1
3674,3674,test,faulty,7.4107,446.7765,427.7222,427.7222,19.0543,1419.0639,3.561,1,1,1
3675,3675,test,faulty,7.3426,433.7153,425.0833,425.0833,8.632,1419.5871,3.561,1,1,1
3676,3676,test,faulty,7.6173,487.9278,455.4283,455.4283,32.4995,1422.868,3.561,1,1,1
3677,3677,test,faulty,7.6184,488.1405,463.1451,463.1451,24.9954,1425.2818,3.561,1,1,1
3678,3678,test,faulty,7.4815,460.6148,446.3034,446.3034,14.3114,1426.4612,3.561,1,1,1
3679,3679,test,faulty,7.4792,460.1717,448.9717,448.9717,11.2,1427.2812,3.561,1,1,1
3680,3680,test,faulty,7.7765,521.1946,489.4653,489.4653,31.7293,1430.4731,3.561,1,1,1
3681,3681,test,faulty,7.6422,493.0328,473.6305,473.6305,19.4023,1432.2407,3.561,1,1,1
3682,3682,test,faulty,7.7754,520.9594,507.3603,507.3603,13.5991,1433.3378,3.561,1,1,1
3683,3683,test,faulty,7.7302,511.3806,497.4896,497.4896,13.8911,1434.4687,3.561,1,1,1
3684,3684,test,faulty,7.5273,469.7187,442.7642,442.7642,26.9545,1437.1089,3.561,1,1,1
3685,3685,test,faulty,7.4475,453.9468,449.952,449.952,3.9948,1437.0963,3.561,1,1,1
3686,3686,test,faulty,7.2818,422.2404,407.3692,407.3692,14.8712,1438.3404,3.561,1,1,1
3687,3687,test,faulty,7.0856,386.5173,368.7446,368.7446,17.7727,1439.9198,3.561,1,1,1
3688,3688,test,faulty,7.219,410.591,405.7302,405.7302,4.8608,1440.0073,3.561,1,1,1
3689,3689,test,faulty,6.8484,345.9038,331.7968,331.7968,14.107,1441.1631,3.561,1,1,1
3690,3690,test,faulty,6.3682,271.9042,271.2981,271.2981,0.606,1440.759,3.561,1,1,1
3691,3691,test,faulty,7.1028,389.5759,380.0224,380.0224,9.5535,1441.3887,3.561,1,1,1
3692,3692,test,faulty,7.2759,421.1415,411.3579,411.3579,9.7837,1442.0449,3.561,1,1,1
3693,3693,test,faulty,7.2431,415.0442,404.0605,404.0605,10.9837,1442.8399,3.561,1,1,1
3694,3694,test,faulty,7.1752,402.5979,386.9904,386.9904,15.6075,1444.1691,3.561,1,1,1
3695,3695,test,faulty,6.8187,341.0069,338.7206,338.7206,2.2863,1443.9591,3.561,1,1,1
3696,3696,test,faulty,6.9622,365.042,336.6632,336.6632,28.3788,1446.7639,3.561,1,1,1
3697,3697,test,faulty,7.0223,375.4073,373.1905,373.1905,2.2168,1446.5459,3.561,1,1,1
3698,3698,test,faulty,6.4936,290.1921,268.8439,268.8439,21.3481,1448.5383,3.561,1,1,1
3699,3699,test,faulty,6.7064,322.9046,312.564,312.564,10.3406,1449.259,3.561,1,1,1
3700,3700,test,faulty,7.147,397.4971,403.1099,403.1099,-5.6128,1448.1363,3.561,1,1,1
3701,3701,test,faulty,6.9851,368.9679,360.0993,360.0993,8.8686,1448.6869,3.561,1,1,1
3702,3702,test,faulty,7.5865,481.6558,463.2563,463.2563,18.3996,1450.3387,3.561,1,1,1
3703,3703,test,faulty,7.7062,506.3393,503.5064,503.5064,2.8329,1450.1918,3.561,1,1,1
3704,3704,test,faulty,7.8612,539.4668,531.1231,531.1231,8.3438,1450.6818,3.561,1,1,1
3705,3705,test,faulty,8.0571,583.2412,573.3586,573.3586,9.8826,1451.3495,3.561,1,1,1
3706,3706,test,faulty,8.2641,631.871,621.8731,621.8731,9.9979,1452.0305,3.561,1,1,1
3707,3707,test,faulty,7.752,515.991,513.6125,513.6125,2.3785,1451.8312,3.561,1,1,1
3708,3708,test,faulty,7.8658,540.4635,507.475,507.475,32.9884,1455.1686,3.561,1,1,1
3709,3709,test,faulty,8.0467,580.8671,574.9693,574.9693,5.8978,1455.3759,3.561,1,1,1
3710,3710,test,faulty,7.6359,491.7513,480.1852,480.1852,11.5661,1456.2381,3.561,1,1,1
3711,3711,test,faulty,7.3019,426.0173,408.2787,408.2787,17.7386,1457.8135,3.561,1,1,1
3712,3712,test,faulty,7.6275,490.0193,474.4548,474.4548,15.5645,1459.1377,3.561,1,1,1
3713,3713,test,faulty,7.9756,564.7534,561.9251,561.9251,2.8283,1458.9904,3.561,1,1,1
3714,3714,test,faulty,7.8578,538.7155,520.7458,520.7458,17.9697,1460.5925,3.561,1,1,1
3715,3715,test,faulty,7.6874,502.4041,493.279,493.279,9.1251,1461.1727,3.561,1,1,1
3716,3716,test,faulty,7.6698,498.7502,499.5175,499.5175,-0.7673,1460.6099,3.561,1,1,1
3717,3717,test,faulty,7.4363,451.7469,441.0791,441.0791,10.6678,1461.3684,3.561,1,1,1
3718,3718,test,faulty,7.5685,478.0029,461.5285,461.5285,16.4743,1462.7977,3.561,1,1,1
3719,3719,test,faulty,7.7323,511.8122,491.3261,491.3261,20.4861,1464.6906,3.561,1,1,1
3720,3720,test,faulty,7.7821,522.3852,512.6867,512.6867,9.6986,1465.337,3.561,1,1,1
3721,3721,test,faulty,8.0543,582.584,565.237,565.237,17.347,1466.8672,3.561,1,1,1
3722,3722,test,faulty,8.0172,574.1412,556.8936,556.8936,17.2476,1468.3858,3.561,1,1,1
3723,3723,test,faulty,7.9974,569.6755,560.695,560.695,8.9805,1468.9493,3.561,1,1,1
3724,3724,test,faulty,7.9698,563.4707,547.6754,547.6754,15.7953,1470.3002,3.561,1,1,1
3725,3725,test,faulty,7.6399,492.5628,479.4447,479.4447,13.1181,1471.3417,3.561,1,1,1
3726,3726,test,faulty,7.4914,462.5863,451.1124,451.1124,11.474,1472.1933,3.561,1,1,1
3727,3727,test,faulty,7.7871,523.4567,524.5682,524.5682,-1.1115,1471.5908,3.561,1,1,1
3728,3728,test,faulty,7.5671,477.7236,467.1216,467.1216,10.602,1472.3416,3.561,1,1,1
3729,3729,test,faulty,7.3883,442.4593,437.6899,437.6899,4.7694,1472.4185,3.561,1,1,1
3730,3730,test,faulty,7.2608,418.3199,407.0715,407.0715,11.2483,1473.2441,3.561,1,1,1
3731,3731,test,faulty,7.2384,414.1701,399.4212,399.4212,14.7489,1474.474,3.561,1,1,1
3732,3732,test,faulty,7.1438,396.9166,371.8462,371.8462,25.0704,1476.8965,3.561,1,1,1
3733,3733,test,faulty,7.7095,507.0227,487.5152,487.5152,19.5075,1478.6763,3.561,1,1,1
3734,3734,test,faulty,7.6182,488.1187,486.2614,486.2614,1.8574,1478.4168,3.561,1,1,1
3735,3735,test,faulty,8.0772,587.8544,579.5016,579.5016,8.3528,1478.9078,3.561,1,1,1
3736,3736,test,faulty,8.0838,589.3726,567.743,567.743,21.6295,1480.9327,3.561,1,1,1
3737,3737,test,faulty,7.8198,530.4923,508.5861,508.5861,21.9062,1482.9897,3.561,1,1,1
3738,3738,test,faulty,8.2809,635.9248,627.1486,627.1486,8.7762,1483.5296,3.561,1,1,1
3739,3739,test,faulty,7.9733,564.2509,542.4107,542.4107,21.8402,1485.5789,3.561,1,1,1
3740,3740,test,faulty,8.0704,586.2969,581.3784,581.3784,4.9184,1485.673,3.561,1,1,1
3741,3741,test,faulty,8.068,585.7424,559.7448,559.7448,25.9976,1488.2027,3.561,1,1,1
3742,3742,test,faulty,7.4818,460.689,446.2608,446.2608,14.4283,1489.3956,3.561,1,1,1
3743,3743,test,faulty,7.2425,414.927,407.2438,407.2438,7.6832,1489.8092,3.561,1,1,1
3744,3744,test,faulty,7.4511,454.6481,445.2643,445.2643,9.3838,1490.4193,3.561,1,1,1
3745,3745,test,faulty,7.8608,539.3721,524.5389,524.5389,14.8332,1491.659,3.561,1,1,1
3746,3746,test,faulty,7.5412,472.5081,470.2782,470.2782,2.23,1491.4425,3.561,1,1,1
3747,3747,test,faulty,7.1895,405.1944,400.3788,400.3788,4.8156,1491.5248,3.561,1,1,1
3748,3748,test,faulty,6.7036,322.4584,316.0964,316.0964,6.362,1491.7857,3.561,1,1,1
3749,3749,test,faulty,6.8321,343.2123,344.2452,344.2452,-1.0329,1491.1923,3.561,1,1,1
3750,3750,test,faulty,7.7041,505.8852,495.4244,495.4244,10.4608,1491.9268,3.561,1,1,1
3751,3751,test,faulty,8.6193,721.1522,700.3646,700.3646,20.7876,1493.8545,3.561,1,1,1
3752,3752,test,faulty,8.4614,680.5469,664.4055,664.4055,16.1414,1495.2453,3.561,1,1,1
3753,3753,test,faulty,8.1438,603.297,588.2428,588.2428,15.0542,1496.5106,3.561,1,1,1
3754,3754,test,faulty,7.9421,557.27,531.6015,531.6015,25.6685,1499.0022,3.561,1,1,1
3755,3755,test,faulty,7.7845,522.909,508.3993,508.3993,14.5098,1500.2045,3.561,1,1,1
3756,3756,test,faulty,7.7729,520.4285,509.7923,509.7923,10.6362,1500.9593,3.561,1,1,1
3757,3757,test,faulty,7.5142,467.1115,471.8883,471.8883,-4.7768,1499.9333,3.561,1,1,1
3758,3758,test,faulty,7.0864,386.6628,377.3078,377.3078,9.355,1500.54,3.561,1,1,1
3759,3759,test,faulty,6.7756,333.9853,320.3076,320.3076,13.6777,1501.6463,3.561,1,1,1
3760,3760,test,faulty,6.7782,334.4083,319.1005,319.1005,15.3078,1502.9408,3.561,1,1,1
3761,3761,test,faulty,6.9543,363.6983,347.347,347.347,16.3513,1504.3559,3.561,1,1,1
3762,3762,test,faulty,6.4955,290.4808,280.4861,280.4861,9.9947,1505.0366,3.561,1,1,1
3763,3763,test,faulty,6.1232,238.1924,225.8563,225.8563,12.3361,1505.9878,3.561,1,1,1
3764,3764,test,faulty,6.0117,223.7124,215.7927,215.7927,7.9197,1506.4287,3.561,1,1,1
3765,3765,test,faulty,6.2909,260.9867,257.9095,257.9095,3.0772,1506.3101,3.561,1,1,1
3766,3766,test,faulty,6.0311,226.1959,212.0857,212.0857,14.1102,1507.4663,3.561,1,1,1
3767,3767,test,faulty,6.0281,225.8046,215.2721,215.2721,10.5325,1508.2091,3.561,1,1,1
3768,3768,test,faulty,6.0784,232.3047,213.1121,213.1121,19.1926,1509.9525,3.561,1,1,1
3769,3769,test,faulty,6.395,275.7518,276.9785,276.9785,-1.2266,1509.3367,3.561,1,1,1
3770,3770,test,faulty,6.3748,272.8494,267.6183,267.6183,5.2311,1509.4669,3.561,1,1,1
3771,3771,test,faulty,6.2844,260.0691,250.1313,250.1313,9.9378,1510.141,3.561,1,1,1
3772,3772,test,faulty,6.5594,300.0875,300.1442,300.1442,-0.0567,1509.6604,3.561,1,1,1
3773,3773,test,faulty,6.5835,303.7515,300.4281,300.4281,3.3235,1509.5702,3.561,1,1,1
3774,3774,test,faulty,6.2213,251.3797,241.8429,241.8429,9.5368,1510.198,3.561,1,1,1
3775,3775,test,faulty,5.9438,215.1538,212.812,212.812,2.3418,1509.9944,3.561,1,1,1
3776,3776,test,faulty,6.5359,296.5347,277.9558,277.9558,18.579,1511.6669,3.561,1,1,1
3777,3777,test,faulty,6.8998,354.4706,334.7092,334.7092,19.7615,1513.4761,3.561,1,1,1
3778,3778,test,faulty,6.8352,343.731,326.49,326.49,17.241,1514.994,3.561,1,1,1
3779,3779,test,faulty,6.887,352.3259,354.0068,354.0068,-1.681,1514.3256,3.561,1,1,1
3780,3780,test,faulty,6.6137,308.3891,309.4518,309.4518,-1.0628,1513.7287,3.561,1,1,1
3781,3781,test,faulty,6.9642,365.3878,366.4725,366.4725,-1.0847,1513.1293,3.561,1,1,1
3782,3782,test,faulty,7.0625,382.4399,362.7847,362.7847,19.6552,1514.9261,3.561,1,1,1
3783,3783,test,faulty,7.1914,405.5481,387.0334,387.0334,18.5147,1516.5912,3.561,1,1,1
3784,3784,test,faulty,7.2868,423.1709,408.2351,408.2351,14.9358,1517.8428,3.561,1,1,1
3785,3785,test,faulty,7.2901,423.7932,400.9735,400.9735,22.8197,1520.0052,3.561,1,1,1
3786,3786,test,faulty,7.4381,452.1046,434.8026,434.8026,17.3021,1521.5302,3.561,1,1,1
3787,3787,test,faulty,7.1253,393.5902,385.9507,385.9507,7.6395,1521.9387,3.561,1,1,1
3788,3788,test,faulty,6.9889,369.6351,349.4081,349.4081,20.227,1523.8017,3.561,1,1,1
3789,3789,test,faulty,6.9619,364.9991,348.0569,348.0569,16.9422,1525.285,3.561,1,1,1
3790,3790,test,faulty,7.0888,387.0819,378.3458,378.3458,8.7361,1525.8203,3.561,1,1,1
3791,3791,test,faulty,7.3541,435.9056,416.7447,416.7447,19.1609,1527.56,3.561,1,1,1
3792,3792,test,faulty,7.2111,409.1402,391.7139,391.7139,17.4263,1529.0994,3.561,1,1,1
3793,3793,test,faulty,7.2519,416.6759,404.5642,404.5642,12.1117,1530.0246,3.561,1,1,1
3794,3794,test,faulty,7.3449,434.1487,408.4669,408.4669,25.6819,1532.5178,3.561,1,1,1
3795,3795,test,faulty,8.0646,584.9477,565.4421,565.4421,19.5056,1534.2973,3.561,1,1,1
3796,3796,test,faulty,8.3097,642.9101,622.8705,622.8705,20.0396,1536.1386,3.561,1,1,1
3797,3797,test,faulty,8.1764,610.9654,597.5131,597.5131,13.4523,1537.2188,3.561,1,1,1
3798,3798,test,faulty,8.1055,594.3856,579.4654,579.4654,14.9202,1538.4685,3.561,1,1,1
3799,3799,test,faulty,7.9793,565.5848,542.0906,542.0906,23.4942,1540.7089,3.561,1,1,1
3800,3800,test,faulty,7.4928,462.8519,442.8591,442.8591,19.9927,1542.5448,3.561,1,1,1
3801,3801,test,faulty,7.6588,496.4736,490.3736,490.3736,6.1,1542.7755,3.561,1,1,1
3802,3802,test,faulty,7.2966,425.0154,419.1242,419.1242,5.8912,1542.982,3.561,1,1,1
3803,3803,test,faulty,6.7517,330.1422,306.4196,306.4196,23.7226,1545.2488,3.561,1,1,1
3804,3804,test,faulty,6.4355,281.6368,263.1819,263.1819,18.4549,1546.907,3.561,1,1,1
3805,3805,test,faulty,7.4872,461.756,435.2153,435.2153,26.5406,1549.4994,3.561,1,1,1
3806,3806,test,faulty,7.0528,380.7376,375.0582,375.0582,5.6794,1549.6814,3.561,1,1,1
3807,3807,test,faulty,6.7856,335.6062,329.0331,329.0331,6.573,1549.9668,3.561,1,1,1
3808,3808,test,faulty,6.4503,283.7987,277.2147,277.2147,6.584,1550.2534,3.561,1,1,1
3809,3809,test,faulty,6.8444,345.2501,327.488,327.488,17.7621,1551.8315,3.561,1,1,1
3810,3810,test,faulty,6.571,301.8537,284.804,284.804,17.0497,1553.3273,3.561,1,1,1
3811,3811,test,faulty,6.6936,320.8762,333.7959,333.7959,-12.9196,1551.3604,3.561,1,1,1
3812,3812,test,faulty,6.6777,318.3697,304.6221,304.6221,13.7476,1552.4747,3.561,1,1,1
3813,3813,test,faulty,6.7149,324.2428,319.6498,319.6498,4.593,1552.5313,3.561,1,1,1
3814,3814,test,faulty,6.7541,330.5175,329.0855,329.0855,1.432,1552.2226,3.561,1,1,1
3815,3815,test,faulty,6.7509,329.9989,322.7925,322.7925,7.2064,1552.5811,3.561,1,1,1
3816,3816,test,faulty,6.7228,325.5027,324.4082,324.4082,1.0945,1552.2334,3.561,1,1,1
3817,3817,test,faulty,6.6756,318.0305,328.8006,328.8006,-10.7701,1550.5149,3.561,1,1,1
3818,3818,test,faulty,6.4331,281.2822,279.7246,279.7246,1.5576,1550.2208,3.561,1,1,1
3819,3819,test,faulty,6.3009,262.3806,248.3348,248.3348,14.0458,1551.3695,3.561,1,1,1
3820,3820,test,faulty,6.5519,298.9417,284.0812,284.0812,14.8605,1552.6124,3.561,1,1,1
3821,3821,test,faulty,6.8752,350.3597,340.7192,340.7192,9.6405,1553.2521,3.561,1,1,1
3822,3822,test,faulty,6.9134,356.7664,346.5194,346.5194,10.2471,1553.962,3.561,1,1,1
3823,3823,test,faulty,7.5919,482.7514,467.7708,467.7708,14.9806,1555.2187,3.561,1,1,1
3824,3824,test,faulty,7.6564,495.9722,484.6518,484.6518,11.3204,1556.0525,3.561,1,1,1
3825,3825,test,faulty,7.9959,569.3291,552.3174,552.3174,17.0117,1557.5439,3.561,1,1,1
3826,3826,test,faulty,8.6241,722.4267,700.494,700.494,21.9326,1559.6039,3.561,1,1,1
3827,3827,test,faulty,8.5497,703.0715,687.312,687.312,15.7595,1560.9507,3.561,1,1,1
3828,3828,test,faulty,8.8712,789.1078,768.0521,768.0521,21.0558,1562.9093,3.561,1,1,1
3829,3829,test,faulty,8.4266,671.7775,646.6163,646.6163,25.1611,1565.3423,3.561,1,1,1
3830,3830,test,faulty,8.3603,655.3161,630.2007,630.2007,25.1155,1567.7701,3.561,1,1,1
3831,3831,test,faulty,8.4631,680.9711,650.0434,650.0434,30.9277,1570.8693,3.561,1,1,1
3832,3832,test,faulty,8.2236,622.1623,602.941,602.941,19.2214,1572.6161,3.561,1,1,1
3833,3833,test,faulty,8.5583,705.296,682.448,682.448,22.848,1574.7818,3.561,1,1,1
3834,3834,test,faulty,8.1671,608.7705,598.0396,598.0396,10.7309,1575.5475,3.561,1,1,1
3835,3835,test,faulty,7.7334,512.0592,491.9265,491.9265,20.1326,1577.3995,3.561,1,1,1
3836,3836,test,faulty,7.4499,454.4074,451.9277,451.9277,2.4797,1577.2119,3.561,1,1,1
3837,3837,test,faulty,7.0279,376.3817,372.1678,372.1678,4.2139,1577.2247,3.561,1,1,1
3838,3838,test,faulty,7.1727,402.1422,386.0778,386.0778,16.0644,1578.6066,3.561,1,1,1
3839,3839,test,faulty,7.6902,502.9824,481.1789,481.1789,21.8035,1580.6517,3.561,1,1,1
3840,3840,test,faulty,7.9105,550.2699,532.3819,532.3819,17.888,1582.2444,3.561,1,1,1
3841,3841,test,faulty,8.3823,660.7354,631.844,631.844,28.8914,1585.1084,3.561,1,1,1
3842,3842,test,faulty,7.974,564.3938,538.3642,538.3642,26.0296,1587.6417,3.561,1,1,1
3843,3843,test,faulty,7.4667,457.6981,442.16,442.16,15.5382,1588.9629,3.561,1,1,1
3844,3844,test,faulty,7.5733,478.9757,467.8281,467.8281,11.1476,1589.7768,3.561,1,1,1
3845,3845,test,faulty,7.5945,483.2667,453.965,453.965,29.3017,1592.6882,3.561,1,1,1
3846,3846,test,faulty,7.8084,528.0326,500.9578,500.9578,27.0748,1595.3423,3.561,1,1,1
3847,3847,test,faulty,7.7495,515.4651,513.3736,513.3736,2.0915,1595.1098,3.561,1,1,1
3848,3848,test,faulty,7.5636,477.021,467.8547,467.8547,9.1663,1595.6948,3.561,1,1,1
3849,3849,test,faulty,8.2205,621.4137,591.2112,591.2112,30.2025,1598.7102,3.561,1,1,1
3850,3850,test,faulty,8.1691,609.2488,587.8494,587.8494,21.3994,1600.7086,3.561,1,1,1
3851,3851,test,faulty,8.1479,604.2584,577.5337,577.5337,26.7247,1603.3223,3.561,1,1,1
3852,3852,test,faulty,7.8398,534.7986,506.1508,506.1508,28.6477,1606.1581,3.561,1,1,1
3853,3853,test,faulty,7.5914,482.6327,460.7056,460.7056,21.9271,1608.2175,3.561,1,1,1
3854,3854,test,faulty,7.6459,493.8031,477.9429,477.9429,15.8602,1609.5758,3.561,1,1,1
3855,3855,test,faulty,7.6588,496.4691,472.5652,472.5652,23.9039,1611.8636,3.561,1,1,1
3856,3856,test,faulty,7.6331,491.1729,485.929,485.929,5.2438,1611.9953,3.561,1,1,1
3857,3857,test,faulty,7.4837,461.0635,448.186,448.186,12.8776,1613.0091,3.561,1,1,1
3858,3858,test,faulty,7.3037,426.3439,410.1455,410.1455,16.1984,1614.4065,3.561,1,1,1
3859,3859,test,faulty,8.1702,609.5045,597.1736,597.1736,12.3309,1615.3571,3.561,1,1,1
3860,3860,test,faulty,8.6039,717.1418,689.5335,689.5335,27.6083,1618.0729,3.561,1,1,1
3861,3861,test,faulty,9.3434,927.3031,905.6662,905.6662,21.6369,1620.0987,3.561,1,1,1
3862,3862,test,faulty,9.3942,943.0218,899.4626,899.4626,43.5592,1624.6574,3.561,1,1,1
3863,3863,test,faulty,8.8747,790.0903,764.3178,764.3178,25.7725,1627.1611,3.561,1,1,1
3864,3864,test,faulty,9.4375,956.5648,926.4771,926.4771,30.0877,1630.1633,3.561,1,1,1
3865,3865,test,faulty,8.8419,781.0205,748.8269,748.8269,32.1937,1633.4089,3.561,1,1,1
3866,3866,test,faulty,9.3293,922.9541,899.2855,899.2855,23.6685,1635.6694,3.561,1,1,1
3867,3867,test,faulty,9.271,905.175,872.9742,872.9742,32.2009,1638.9158,3.561,1,1,1
3868,3868,test,faulty,9.3097,916.9702,880.398,880.398,36.5722,1642.6672,3.561,1,1,1
3869,3869,test,faulty,8.6356,725.4436,693.5101,693.5101,31.9335,1645.8827,3.561,1,1,1
3870,3870,test,faulty,8.2735,634.1268,603.4092,603.4092,30.7176,1648.9577,3.561,1,1,1
3871,3871,test,faulty,8.5766,710.0244,694.3154,694.3154,15.709,1650.2986,3.561,1,1,1
3872,3872,test,faulty,8.6895,739.7126,727.8551,727.8551,11.8575,1651.1945,3.561,1,1,1
3873,3873,test,faulty,8.6192,721.1294,692.5734,692.5734,28.556,1654.0198,3.561,1,1,1
3874,3874,test,faulty,8.9081,799.4069,771.0224,771.0224,28.3845,1656.8252,3.561,1,1,1
3875,3875,test,faulty,8.3903,662.7198,643.8276,643.8276,18.8923,1658.5339,3.561,1,1,1
3876,3876,test,faulty,8.4279,672.1047,648.4786,648.4786,23.6261,1660.7895,3.561,1,1,1
3877,3877,test,faulty,8.8575,785.3177,750.3589,750.3589,34.9588,1664.3546,3.561,1,1,1
3878,3878,test,faulty,8.7666,760.4151,734.4433,734.4433,25.9718,1666.8812,3.561,1,1,1
3879,3879,test,faulty,8.5408,700.7692,678.4443,678.4443,22.3249,1668.9865,3.561,1,1,1
3880,3880,test,faulty,8.725,749.1959,729.7234,729.7234,19.4725,1670.7623,3.561,1,1,1
3881,3881,test,faulty,8.7623,759.2651,736.4074,736.4074,22.8577,1672.9291,3.561,1,1,1
3882,3882,test,faulty,8.7254,749.3006,749.0779,749.0779,0.2227,1672.4808,3.561,1,1,1
3883,3883,test,faulty,8.9325,806.2637,790.8222,790.8222,15.4415,1673.7908,3.561,1,1,1
3884,3884,test,faulty,9.0463,838.6839,797.3464,797.3464,41.3375,1678.0928,3.561,1,1,1
3885,3885,test,faulty,8.9908,822.7808,804.387,804.387,18.3938,1679.7439,3.561,1,1,1
3886,3886,test,faulty,8.8297,777.6568,740.3001,740.3001,37.3567,1683.586,3.561,1,1,1
3887,3887,test,faulty,8.3222,645.9553,633.8298,633.8298,12.1255,1684.5128,3.561,1,1,1
3888,3888,test,faulty,8.0813,588.7995,575.4636,575.4636,13.3359,1685.5795,3.561,1,1,1
3889,3889,test,faulty,8.1685,609.1011,591.1776,591.1776,17.9235,1687.1763,3.561,1,1,1
3890,3890,test,faulty,8.443,675.9063,654.0319,654.0319,21.8744,1689.2296,3.561,1,1,1
3891,3891,test,faulty,7.9733,564.255,536.3605,536.3605,27.8945,1691.9784,3.561,1,1,1
3892,3892,test,faulty,8.0672,585.5515,566.2478,566.2478,19.3036,1693.7346,3.561,1,1,1
3893,3893,test,faulty,8.1962,615.6452,599.6347,599.6347,16.0105,1695.1103,3.561,1,1,1
3894,3894,test,faulty,7.7749,520.8468,511.4498,511.4498,9.3969,1695.7219,3.561,1,1,1
3895,3895,test,faulty,7.9175,551.8279,527.0601,527.0601,24.7678,1698.1095,3.561,1,1,1
3896,3896,test,faulty,7.8809,543.7735,517.3163,517.3163,26.4572,1700.6923,3.561,1,1,1
3897,3897,test,faulty,7.6248,489.4553,471.468,471.468,17.9874,1702.2964,3.561,1,1,1
3898,3898,test,faulty,7.7147,508.1172,494.3431,494.3431,13.7741,1703.4137,3.561,1,1,1
3899,3899,test,faulty,8.2667,632.4871,608.6199,608.6199,23.8672,1705.6972,3.561,1,1,1
3900,3900,test,faulty,8.8999,797.12,770.5132,770.5132,26.6068,1708.2973,3.561,1,1,1
3901,3901,test,faulty,8.936,807.2386,788.9522,788.9522,18.2864,1709.936,3.561,1,1,1
3902,3902,test,faulty,8.615,720.0296,692.1854,692.1854,27.8442,1712.679,3.561,1,1,1
3903,3903,test,faulty,8.6423,727.1985,703.7806,703.7806,23.4179,1714.9106,3.561,1,1,1
3904,3904,test,faulty,8.1576,606.5268,586.1501,586.1501,20.3766,1716.7908,3.561,1,1,1
3905,3905,test,faulty,7.9924,568.5487,553.8203,553.8203,14.7283,1718.0184,3.561,1,1,1
3906,3906,test,faulty,7.5888,482.1123,466.9608,466.9608,15.1514,1719.2948,3.561,1,1,1
3907,3907,test,faulty,8.1897,614.0931,593.7453,593.7453,20.3479,1721.1717,3.561,1,1,1
3908,3908,test,faulty,8.0326,577.6399,562.64,562.64,14.9999,1722.4307,3.561,1,1,1
3909,3909,test,faulty,7.6355,491.6516,478.7786,478.7786,12.873,1723.4439,3.561,1,1,1
3910,3910,test,faulty,8.0013,570.5414,555.2106,555.2106,15.3308,1724.7411,3.561,1,1,1
3911,3911,test,faulty,8.4649,681.412,656.2769,656.2769,25.1352,1727.1711,3.561,1,1,1
3912,3912,test,faulty,7.9166,551.6257,526.6045,526.6045,25.0212,1729.588,3.561,1,1,1
3913,3913,test,faulty,7.4958,463.4443,456.1435,456.1435,7.3007,1729.9574,3.561,1,1,1
3914,3914,test,faulty,7.7064,506.3783,487.0852,487.0852,19.2931,1731.7124,3.561,1,1,1
3915,3915,test,faulty,7.1581,399.502,378.8375,378.8375,20.6645,1733.6258,3.561,1,1,1
3916,3916,test,faulty,7.5405,472.3719,453.7867,453.7867,18.5852,1735.2991,3.561,1,1,1
3917,3917,test,faulty,8.5949,714.7888,692.8033,692.8033,21.9855,1737.3652,3.561,1,1,1
3918,3918,test,faulty,8.6107,718.9205,718.0108,718.0108,0.9097,1736.9961,3.561,1,1,1
3919,3919,test,faulty,8.1371,601.7294,590.8508,590.8508,10.8786,1737.7789,3.561,1,1,1
3920,3920,test,faulty,7.7267,510.631,481.2488,481.2488,29.3822,1740.6997,3.561,1,1,1
3921,3921,test,faulty,7.6009,484.571,467.8188,467.8188,16.7522,1742.1611,3.561,1,1,1
3922,3922,test,faulty,7.275,420.9677,415.0127,415.0127,5.955,1742.375,3.561,1,1,1
3923,3923,test,faulty,7.719,509.0195,501.5062,501.5062,7.5133,1742.769,3.561,1,1,1
3924,3924,test,faulty,7.4582,456.0473,442.4446,442.4446,13.6027,1743.8665,3.561,1,1,1
3925,3925,test,faulty,7.0521,380.6171,358.5489,358.5489,22.0682,1745.9421,3.561,1,1,1
3926,3926,test,faulty,7.8876,545.2249,548.9215,548.9215,-3.6966,1745.0409,3.561,1,1,1
3927,3927,test,faulty,7.9499,559.0162,533.0547,533.0547,25.9614,1747.5664,3.561,1,1,1
3928,3928,test,faulty,7.8917,546.1316,532.3369,532.3369,13.7948,1748.6861,3.561,1,1,1
3929,3929,test,faulty,8.4944,688.905,671.9274,671.9274,16.9776,1750.1736,3.561,1,1,1
3930,3930,test,faulty,8.2914,638.4618,614.0435,614.0435,24.4183,1752.5208,3.561,1,1,1
3931,3931,test,faulty,8.135,601.2396,583.6626,583.6626,17.5769,1754.0775,3.561,1,1,1
3932,3932,test,faulty,7.8087,528.0923,505.0338,505.0338,23.0584,1756.2676,3.561,1,1,1
3933,3933,test,faulty,7.6578,496.2583,480.0809,480.0809,16.1774,1757.6626,3.561,1,1,1
3934,3934,test,faulty,7.6595,496.6137,484.6438,484.6438,11.9699,1758.5715,3.561,1,1,1
3935,3935,test,faulty,7.5215,468.5697,456.7988,456.7988,11.7709,1759.4573,3.561,1,1,1
3936,3936,test,faulty,7.8796,543.4755,532.4299,532.4299,11.0455,1760.2594,3.561,1,1,1
3937,3937,test,faulty,7.6794,500.7292,486.2262,486.2262,14.503,1761.461,3.561,1,1,1
3938,3938,test,faulty,8.0985,592.7596,564.3763,564.3763,28.3833,1764.2663,3.561,1,1,1
3939,3939,test,faulty,7.6995,504.9305,494.6972,494.6972,10.2334,1764.9745,3.561,1,1,1
3940,3940,test,faulty,8.2761,634.7478,628.8025,628.8025,5.9453,1765.1873,3.561,1,1,1
3941,3941,test,faulty,9.0238,832.2161,811.6447,811.6447,20.5714,1767.09,3.561,1,1,1
3942,3942,test,faulty,8.7771,763.2635,742.2524,742.2524,21.0112,1769.0435,3.561,1,1,1
3943,3943,test,faulty,8.9622,814.6557,776.2061,776.2061,38.4496,1773.0119,3.561,1,1,1
3944,3944,test,faulty,8.4608,680.3728,655.1155,655.1155,25.2572,1775.456,3.561,1,1,1
3945,3945,test,faulty,8.177,611.1002,592.751,592.751,18.3491,1777.102,3.561,1,1,1
3946,3946,test,faulty,8.2708,633.4746,616.4047,616.4047,17.0699,1778.6001,3.561,1,1,1
3947,3947,test,faulty,8.1881,613.7121,600.3905,600.3905,13.3215,1779.6651,3.561,1,1,1
3948,3948,test,faulty,8.3219,645.8825,607.0487,607.0487,38.8337,1783.6779,3.561,1,1,1
3949,3949,test,faulty,8.5741,709.3877,665.0139,665.0139,44.3739,1788.3307,3.561,1,1,1
3950,3950,test,faulty,8.6563,730.8944,710.4895,710.4895,20.4049,1790.2142,3.561,1,1,1
3951,3951,test,faulty,8.8779,790.987,781.2307,781.2307,9.7563,1790.8673,3.561,1,1,1
3952,3952,test,faulty,9.1527,869.7718,853.9128,853.9128,15.859,1792.2256,3.561,1,1,1
3953,3953,test,faulty,9.5247,984.2085,944.881,944.881,39.3275,1796.2954,3.561,1,1,1
3954,3954,test,faulty,9.0972,853.4805,823.3235,823.3235,30.157,1799.3056,3.561,1,1,1
3955,3955,test,faulty,8.8767,790.6595,776.964,776.964,13.6955,1800.4139,3.561,1,1,1
3956,3956,test,faulty,9.0158,829.913,805.534,805.534,24.379,1802.7565,3.561,1,1,1
3957,3957,test,faulty,9.2505,898.9929,855.6366,855.6366,43.3563,1807.2918,3.561,1,1,1
3958,3958,test,faulty,9.1695,874.74,854.8331,854.8331,19.9069,1809.1177,3.561,1,1,1
3959,3959,test,faulty,8.6658,733.4164,687.7874,687.7874,45.6291,1813.9156,3.561,1,1,1
3960,3960,test,faulty,8.6687,734.1877,712.2701,712.2701,21.9176,1815.9738,3.561,1,1,1
3961,3961,test,faulty,8.5074,692.2054,661.5935,661.5935,30.6119,1819.0366,3.561,1,1,1
3962,3962,test,faulty,8.9397,808.2974,782.0161,782.0161,26.2814,1821.599,3.561,1,1,1
3963,3963,test,faulty,8.9558,812.8206,790.5826,790.5826,22.238,1823.6943,3.561,1,1,1
3964,3964,test,faulty,8.4101,667.6491,635.9242,635.9242,31.725,1826.8857,3.561,1,1,1
3965,3965,test,faulty,7.9685,563.1661,555.2874,555.2874,7.8788,1827.3219,3.561,1,1,1
3966,3966,test,faulty,8.3721,658.2298,650.0015,650.0015,8.2283,1827.7985,3.561,1,1,1
3967,3967,test,faulty,8.7271,749.7549,738.3504,738.3504,11.4045,1828.642,3.561,1,1,1
3968,3968,test,faulty,8.2952,639.3906,619.9869,619.9869,19.4037,1830.4098,3.561,1,1,1
3969,3969,test,faulty,8.5457,702.0306,675.3762,675.3762,26.6544,1833.0154,3.561,1,1,1
3970,3970,test,faulty,8.6013,716.4555,697.514,697.514,18.9414,1834.7297,3.561,1,1,1
3971,3971,test,faulty,8.6409,726.8264,692.656,692.656,34.1704,1838.2037,3.561,1,1,1
3972,3972,test,faulty,8.1381,601.9743,582.5999,582.5999,19.3744,1839.9681,3.561,1,1,1
3973,3973,test,faulty,8.4568,679.3649,666.5704,666.5704,12.7945,1840.9722,3.561,1,1,1
3974,3974,test,faulty,8.072,586.6569,561.0431,561.0431,25.6138,1843.4575,3.561,1,1,1
3975,3975,test,faulty,7.8257,531.7566,511.0022,511.0022,20.7545,1845.3814,3.561,1,1,1
3976,3976,test,faulty,7.8354,533.8435,513.4589,513.4589,20.3846,1847.2625,3.561,1,1,1
3977,3977,test,faulty,8.1849,612.9697,593.3384,593.3384,19.6313,1849.0566,3.561,1,1,1
3978,3978,test,faulty,8.0155,573.7636,548.1485,548.1485,25.6151,1851.5421,3.561,1,1,1
3979,3979,test,faulty,7.6774,500.3335,495.6883,495.6883,4.6453,1851.6047,3.561,1,1,1
3980,3980,test,faulty,7.9756,564.7522,539.7233,539.7233,25.0289,1854.0224,3.561,1,1,1
3981,3981,test,faulty,8.1759,610.8515,573.9861,573.9861,36.8654,1857.8077,3.561,1,1,1
3982,3982,test,faulty,8.6349,725.2592,692.3307,692.3307,32.9284,1861.1381,3.561,1,1,1
3983,3983,test,faulty,8.6932,740.6907,720.6108,720.6108,20.08,1862.9841,3.561,1,1,1
3984,3984,test,faulty,8.0819,588.9306,560.641,560.641,28.2896,1865.7785,3.561,1,1,1
3985,3985,test,faulty,8.0092,572.3404,569.0209,569.0209,3.3195,1865.688,3.561,1,1,1
3986,3986,test,faulty,8.0433,580.0832,561.6393,561.6393,18.444,1867.3449,3.561,1,1,1
3987,3987,test,faulty,7.7122,507.6014,479.7885,479.7885,27.8129,1870.0843,3.561,1,1,1
3988,3988,test,faulty,8.7069,744.3615,717.9692,717.9692,26.3923,1872.6595,3.561,1,1,1
3989,3989,test,faulty,8.3443,651.3695,642.0232,642.0232,9.3463,1873.2653,3.561,1,1,1
3990,3990,test,faulty,8.0592,583.7164,571.1953,571.1953,12.5211,1874.2378,3.561,1,1,1
3991,3991,test,faulty,8.4997,690.2498,661.412,661.412,28.8378,1877.0956,3.561,1,1,1
3992,3992,test,faulty,8.8202,775.0534,756.6583,756.6583,18.395,1878.7469,3.561,1,1,1
3993,3993,test,faulty,9.3795,938.4593,910.7999,910.7999,27.6594,1881.4685,3.561,1,1,1
3994,3994,test,faulty,9.6091,1011.4651,977.7313,977.7313,33.7338,1884.892,3.561,1,1,1
3995,3995,test,faulty,9.2239,890.9616,863.2905,863.2905,27.6712,1887.615,3.561,1,1,1
3996,3996,test,faulty,8.6183,720.8937,701.8188,701.8188,19.0749,1889.3448,3.561,1,1,1
3997,3997,test,faulty,8.2772,635.029,619.5775,619.5775,15.4515,1890.656,3.561,1,1,1
3998,3998,test,faulty,8.1543,605.7593,577.5806,577.5806,28.1787,1893.4376,3.561,1,1,1
3999,3999,test,faulty,7.9053,549.1226,509.1935,509.1935,39.929,1897.5769,3.561,1,1,1
4000,4000,test,faulty,7.6585,496.4084,489.9533,489.9533,6.4551,1897.8486,3.561,1,1,1
4001,4001,test,faulty,7.3566,436.3793,420.1808,420.1808,16.1985,1899.2461,3.561,1,1,1
4002,4002,test,faulty,7.6018,484.7643,477.9546,477.9546,6.8097,1899.5588,3.561,1,1,1
4003,4003,test,faulty,7.6743,499.6776,477.6479,477.6479,22.0298,1901.63,3.561,1,1,1
4004,4004,test,faulty,7.6967,504.3386,488.3502,488.3502,15.9884,1903.0032,3.561,1,1,1
4005,4005,test,faulty,8.3015,640.9237,630.9655,630.9655,9.9583,1903.6796,3.561,1,1,1
4006,4006,test,faulty,8.6142,719.8351,681.4906,681.4906,38.3445,1907.6358,3.561,1,1,1
4007,4007,test,faulty,8.6163,720.3633,706.878,706.878,13.4853,1908.7198,3.561,1,1,1
4008,4008,test,faulty,8.5989,715.8173,691.6248,691.6248,24.1925,1911.0409,3.561,1,1,1
4009,4009,test,faulty,8.8783,791.0828,766.6933,766.6933,24.3895,1913.3848,3.561,1,1,1
4010,4010,test,faulty,8.658,731.3412,716.4243,716.4243,14.9169,1914.6341,3.561,1,1,1
4011,4011,test,faulty,8.6138,719.7162,703.1707,703.1707,16.5455,1916.0717,3.561,1,1,1
4012,4012,test,faulty,8.4623,680.7632,650.4982,650.4982,30.265,1919.0944,3.561,1,1,1
4013,4013,test,faulty,8.208,618.4502,593.8724,593.8724,24.5779,1921.46,3.561,1,1,1
4014,4014,test,faulty,8.4221,670.6673,654.8293,654.8293,15.838,1922.8158,3.561,1,1,1
4015,4015,test,faulty,7.9859,567.0666,536.9169,536.9169,30.1496,1925.8252,3.561,1,1,1
4016,4016,test,faulty,7.5278,469.8126,453.004,453.004,16.8086,1927.2932,3.561,1,1,1
4017,4017,test,faulty,7.5449,473.2515,451.2871,451.2871,21.9643,1929.3568,3.561,1,1,1
4018,4018,test,faulty,7.5657,477.4415,454.5768,454.5768,22.8647,1931.5245,3.561,1,1,1
4019,4019,test,faulty,7.7678,519.3508,491.5816,491.5816,27.7692,1934.2588,3.561,1,1,1
4020,4020,test,faulty,7.4476,453.959,440.9733,440.9733,12.9857,1935.2851,3.561,1,1,1
4021,4021,test,faulty,7.6204,488.55,473.5189,473.5189,15.0312,1936.5477,3.561,1,1,1
4022,4022,test,faulty,7.7542,516.4499,488.3394,488.3394,28.1104,1939.3214,3.561,1,1,1
4023,4023,test,faulty,8.1778,611.3008,594.6238,594.6238,16.6771,1940.7742,3.561,1,1,1
4024,4024,test,faulty,8.0717,586.5876,567.4994,567.4994,19.0882,1942.5055,3.561,1,1,1
4025,4025,test,faulty,7.8049,527.2784,516.3895,516.3895,10.8889,1943.2895,3.561,1,1,1
4026,4026,test,faulty,8.3486,652.428,630.8759,630.8759,21.5521,1945.3055,3.561,1,1,1
4027,4027,test,faulty,8.4097,667.5501,656.1244,656.1244,11.4257,1946.1515,3.561,1,1,1
4028,4028,test,faulty,8.5581,705.2416,684.1584,684.1584,21.0832,1948.1134,3.561,1,1,1
4029,4029,test,faulty,8.2862,637.2121,614.7598,614.7598,22.4523,1950.2334,3.561,1,1,1
4030,4030,test,faulty,8.3057,641.9429,614.2548,614.2548,27.6881,1952.9583,3.561,1,1,1
4031,4031,test,faulty,7.7822,522.4208,507.3313,507.3313,15.0895,1954.2277,3.561,1,1,1
4032,4032,test,faulty,7.5853,481.3968,462.6289,462.6289,18.7678,1955.922,3.561,1,1,1
4033,4033,test,faulty,7.9922,568.5008,550.2214,550.2214,18.2794,1957.5599,3.561,1,1,1
4034,4034,test,faulty,8.3397,650.2365,629.0653,629.0653,21.1712,1959.5319,3.561,1,1,1
4035,4035,test,faulty,8.0645,584.9252,553.2178,553.2178,31.7073,1962.7212,3.561,1,1,1
4036,4036,test,faulty,8.1484,604.3829,582.1005,582.1005,22.2824,1964.8216,3.561,1,1,1
4037,4037,test,faulty,8.5413,700.9093,676.6281,676.6281,24.2812,1967.153,3.561,1,1,1
4038,4038,test,faulty,8.3515,653.1497,636.8228,636.8228,16.3269,1968.5653,3.561,1,1,1
4039,4039,test,faulty,7.913,550.815,536.3992,536.3992,14.4158,1969.7568,3.561,1,1,1
4040,4040,test,faulty,7.9578,560.7815,547.9017,547.9017,12.8799,1970.7708,3.561,1,1,1
4041,4041,test,faulty,7.4972,463.7259,450.5869,450.5869,13.139,1971.8148,3.561,1,1,1
4042,4042,test,faulty,7.3501,435.1336,406.1887,406.1887,28.9448,1974.6849,3.561,1,1,1
4043,4043,test,faulty,6.9664,365.7646,341.7406,341.7406,24.024,1976.9865,3.561,1,1,1
4044,4044,test,faulty,6.9764,367.4884,359.4078,359.4078,8.0806,1977.4461,3.561,1,1,1
4045,4045,test,faulty,7.2824,422.3514,410.2136,410.2136,12.1378,1978.3743,3.561,1,1,1
4046,4046,test,faulty,7.4315,450.8189,423.787,423.787,27.0319,1981.0235,3.561,1,1,1
4047,4047,test,faulty,7.4882,461.9504,451.9569,451.9569,9.9935,1981.704,3.561,1,1,1
4048,4048,test,faulty,7.5679,477.8727,467.2078,467.2078,10.6649,1982.4621,3.561,1,1,1
4049,4049,test,faulty,7.1304,394.5138,388.0937,388.0937,6.4202,1982.7298,3.561,1,1,1
4050,4050,test,faulty,7.767,519.1782,520.3235,520.3235,-1.1453,1982.1233,3.561,1,1,1
4051,4051,test,faulty,7.4796,460.2561,459.1341,459.1341,1.122,1981.7789,3.561,1,1,1
4052,4052,test,faulty,7.5167,467.6062,442.9395,442.9395,24.6667,1984.1547,3.561,1,1,1
4053,4053,test,faulty,7.0153,374.2034,364.1912,364.1912,10.0122,1984.8374,3.561,1,1,1
4054,4054,test,faulty,6.8479,345.8284,337.5039,337.5039,8.3246,1985.3251,3.561,1,1,1
4055,4055,test,faulty,7.2658,419.2606,410.0981,410.0981,9.1625,1985.9096,3.561,1,1,1
4056,4056,test,faulty,6.9538,363.6155,346.5673,346.5673,17.0482,1987.4053,3.561,1,1,1
4057,4057,test,faulty,6.9907,369.9341,355.993,355.993,13.9411,1988.5419,3.561,1,1,1
4058,4058,test,faulty,7.2726,420.5163,407.382,407.382,13.1343,1989.5853,3.561,1,1,1
4059,4059,test,faulty,7.3869,442.1741,429.1574,429.1574,13.0167,1990.6152,3.561,1,1,1
4060,4060,test,faulty,7.1783,403.1619,396.1111,396.1111,7.0508,1990.9557,3.561,1,1,1
4061,4061,test,faulty,7.5146,467.1875,459.9268,459.9268,7.2608,1991.3205,3.561,1,1,1
4062,4062,test,faulty,7.6108,486.5944,465.6586,465.6586,20.9358,1993.2653,3.561,1,1,1
4063,4063,test,faulty,8.239,625.8434,609.4372,609.4372,16.4062,1994.6868,3.561,1,1,1
4064,4064,test,faulty,8.9643,815.2382,785.6963,785.6963,29.542,1997.6259,3.561,1,1,1
4065,4065,test,faulty,8.6885,739.4389,717.0881,717.0881,22.3507,1999.7342,3.561,1,1,1
4066,4066,test,faulty,8.3423,650.8754,626.7811,626.7811,24.0944,2002.044,3.561,1,1,1
4067,4067,test,faulty,7.8459,536.1396,531.5913,531.5913,4.5483,2002.0954,3.561,1,1,1
4068,4068,test,faulty,7.9197,552.3134,519.5663,519.5663,32.7471,2005.4048,3.561,1,1,1
4069,4069,test,faulty,7.5969,483.7588,463.9524,463.9524,19.8064,2007.2192,3.561,1,1,1
4070,4070,test,faulty,7.3289,431.1101,423.801,423.801,7.3091,2007.5895,3.561,1,1,1
4071,4071,test,faulty,7.9565,560.4834,562.0083,562.0083,-1.525,2006.9392,3.561,1,1,1
4072,4072,test,faulty,7.6935,503.6813,491.2061,491.2061,12.4752,2007.9065,3.561,1,1,1
4073,4073,test,faulty,7.7153,508.2343,490.2607,490.2607,17.9736,2009.509,3.561,1,1,1
4074,4074,test,faulty,8.165,608.2843,580.6472,580.6472,27.6372,2012.2281,3.561,1,1,1
4075,4075,test,faulty,7.573,478.9202,477.7621,477.7621,1.1582,2011.8878,3.561,1,1,1
4076,4076,test,faulty,8.0721,586.6799,568.798,568.798,17.8819,2013.4798,3.561,1,1,1
4077,4077,test,faulty,7.747,514.9359,507.7347,507.7347,7.2012,2013.8377,3.561,1,1,1
4078,4078,test,faulty,8.1439,603.3376,582.2031,582.2031,21.1345,2015.8055,3.561,1,1,1
4079,4079,test,faulty,7.9604,561.3498,539.5672,539.5672,21.7826,2017.8481,3.561,1,1,1
4080,4080,test,faulty,7.5497,474.207,441.6517,441.6517,32.5553,2021.1354,3.561,1,1,1
4081,4081,test,faulty,7.6923,503.4231,487.5807,487.5807,15.8424,2022.4917,3.561,1,1,1
4082,4082,test,faulty,7.9054,549.1577,517.143,517.143,32.0148,2025.7166,3.561,1,1,1
4083,4083,test,faulty,7.8358,533.9451,505.9839,505.9839,27.9612,2028.4731,3.561,1,1,1
4084,4084,test,faulty,7.8972,547.3357,533.3294,533.3294,14.0064,2029.6173,3.561,1,1,1
4085,4085,test,faulty,7.9373,556.2011,529.4824,529.4824,26.7187,2032.2303,3.561,1,1,1
4086,4086,test,faulty,8.2421,626.5734,616.5673,616.5673,10.0061,2032.9123,3.561,1,1,1
4087,4087,test,faulty,8.2014,616.8741,605.0606,605.0606,11.8135,2033.8031,3.561,1,1,1
4088,4088,test,faulty,8.3592,655.0279,644.2377,644.2377,10.7902,2034.5757,3.561,1,1,1
4089,4089,test,faulty,8.1672,608.8032,581.4843,581.4843,27.3189,2037.258,3.561,1,1,1
4090,4090,test,faulty,8.2117,619.3104,601.4219,601.4219,17.8885,2038.8507,3.561,1,1,1
4091,4091,test,faulty,7.8217,530.8937,500.452,500.452,30.4417,2041.8938,3.561,1,1,1
4092,4092,test,faulty,7.3734,439.5801,419.3842,419.3842,20.1959,2043.7532,3.561,1,1,1
4093,4093,test,faulty,7.7225,509.7585,496.1215,496.1215,13.637,2044.8547,3.561,1,1,1
4094,4094,test,faulty,8.0001,570.2772,557.0289,557.0289,13.2483,2045.9112,3.561,1,1,1
4095,4095,test,faulty,7.995,569.1313,558.6252,558.6252,10.5061,2046.651,3.561,1,1,1
4096,4096,test,faulty,7.5861,481.5585,465.011,465.011,16.5475,2048.0888,3.561,1,1,1
4097,4097,test,faulty,7.7847,522.9383,488.672,488.672,34.2663,2051.5738,3.561,1,1,1
4098,4098,test,faulty,7.8697,541.3077,513.407,513.407,27.9007,2054.3233,3.561,1,1,1
4099,4099,test,faulty,7.8712,541.6417,513.3901,513.3901,28.2516,2057.1134,3.561,1,1,1
4100,4100,test,faulty,7.4701,458.3732,439.5802,439.5802,18.793,2058.8106,3.561,1,1,1
4101,4101,test,faulty,8.1479,604.2562,587.4523,587.4523,16.8039,2060.278,3.561,1,1,1
4102,4102,test,faulty,8.1166,596.9624,568.9719,568.9719,27.9905,2063.038,3.561,1,1,1
4103,4103,test,faulty,8.3286,647.5146,627.8872,627.8872,19.6274,2064.8316,3.561,1,1,1
4104,4104,test,faulty,8.0668,585.4544,561.7591,561.7591,23.6953,2067.0952,3.561,1,1,1
4105,4105,test,faulty,7.7204,509.3058,502.2655,502.2655,7.0403,2067.4345,3.561,1,1,1
4106,4106,test,faulty,8.2745,634.3721,607.6848,607.6848,26.6872,2070.0439,3.561,1,1,1
4107,4107,test,faulty,8.412,668.1301,644.9453,644.9453,23.1848,2072.2485,3.561,1,1,1
4108,4108,test,faulty,8.2148,620.064,610.0799,610.0799,9.9841,2072.928,3.561,1,1,1
4109,4109,test,faulty,8.721,748.1391,715.5796,715.5796,32.5595,2076.2158,3.561,1,1,1
4110,4110,test,faulty,8.5039,691.3206,666.1895,666.1895,25.1311,2078.6453,3.561,1,1,1
4111,4111,test,faulty,8.5876,712.8781,686.656,686.656,26.2221,2081.2009,3.561,1,1,1
4112,4112,test,faulty,8.7134,746.0834,702.9633,702.9633,43.1201,2085.7089,3.561,1,1,1
4113,4113,test,faulty,8.591,713.7794,677.0807,677.0807,36.6987,2089.475,3.561,1,1,1
4114,4114,test,faulty,8.6968,741.6407,732.8278,732.8278,8.8129,2090.0191,3.561,1,1,1
4115,4115,test,faulty,8.1931,614.9033,607.7979,607.7979,7.1054,2090.3659,3.561,1,1,1
4116,4116,test,faulty,8.6337,724.9451,707.4616,707.4616,17.4835,2091.9118,3.561,1,1,1
4117,4117,test,faulty,8.2029,617.2237,602.2501,602.2501,14.9736,2093.1678,3.561,1,1,1
4118,4118,test,faulty,8.4751,684.0089,668.4597,668.4597,15.5492,2094.4902,3.561,1,1,1
4119,4119,test,faulty,8.3675,657.0781,649.401,649.401,7.6771,2094.9031,3.561,1,1,1
4120,4120,test,faulty,8.6586,731.5092,693.7449,693.7449,37.7642,2098.7923,3.561,1,1,1
4121,4121,test,faulty,9.2667,903.8858,883.6356,883.6356,20.2503,2100.6579,3.561,1,1,1
4122,4122,test,faulty,9.5529,993.2821,956.2955,956.2955,36.9866,2104.4572,3.561,1,1,1
4123,4123,test,faulty,9.1781,877.301,848.4526,848.4526,28.8484,2107.3162,3.561,1,1,1
4124,4124,test,faulty,9.1134,858.2155,824.7734,824.7734,33.4421,2110.706,3.561,1,1,1
4125,4125,test,faulty,8.6232,722.1896,696.1923,696.1923,25.9973,2113.2356,3.561,1,1,1
4126,4126,test,faulty,8.4646,681.3358,654.1713,654.1713,27.1645,2115.9001,3.561,1,1,1
4127,4127,test,faulty,8.6237,722.3156,703.3428,703.3428,18.9728,2117.6181,3.561,1,1,1
4128,4128,test,faulty,8.7005,742.6538,721.8845,721.8845,20.7693,2119.5437,3.561,1,1,1
4129,4129,test,faulty,8.3443,651.366,634.427,634.427,16.939,2121.0267,3.561,1,1,1
4130,4130,test,faulty,8.1493,604.5889,585.7683,585.7683,18.8205,2122.7271,3.561,1,1,1
4131,4131,test,faulty,8.729,750.2853,717.529,717.529,32.7562,2126.0377,3.561,1,1,1
4132,4132,test,faulty,8.9843,820.9162,812.4371,812.4371,8.4791,2126.5432,3.561,1,1,1
4133,4133,test,faulty,8.9583,813.5432,781.7855,781.7855,31.7577,2129.7384,3.561,1,1,1
4134,4134,test,faulty,8.4367,674.3278,662.8886,662.8886,11.4391,2130.586,3.561,1,1,1
4135,4135,test,faulty,7.8717,541.7425,525.4488,525.4488,16.2938,2131.9944,3.561,1,1,1
4136,4136,test,faulty,7.6179,488.0562,471.4217,471.4217,16.6345,2133.4423,3.561,1,1,1
4137,4137,test,faulty,7.5314,470.5508,448.8125,448.8125,21.7383,2135.4798,3.561,1,1,1
4138,4138,test,faulty,7.8465,536.263,519.2565,519.2565,17.0065,2136.9706,3.561,1,1,1
4139,4139,test,faulty,7.6618,497.0762,485.3996,485.3996,11.6766,2137.8456,3.561,1,1,1
4140,4140,test,faulty,7.79,524.0792,506.9485,506.9485,17.1307,2139.3508,3.561,1,1,1
4141,4141,test,faulty,7.3846,441.7347,422.9797,422.9797,18.7549,2141.0436,3.561,1,1,1
4142,4142,test,faulty,7.3514,435.3878,411.0272,411.0272,24.3606,2143.3841,3.561,1,1,1
4143,4143,test,faulty,6.9822,368.4728,349.4687,349.4687,19.0041,2145.1057,3.561,1,1,1
4144,4144,test,faulty,6.8078,339.2339,339.5365,339.5365,-0.3026,2144.5966,3.561,1,1,1
4145,4145,test,faulty,6.7005,321.9561,312.326,312.326,9.6301,2145.2352,3.561,1,1,1
4146,4146,test,faulty,7.0489,380.0496,364.5127,364.5127,15.5369,2146.5562,3.561,1,1,1
4147,4147,test,faulty,7.9446,557.8385,530.4428,530.4428,27.3958,2149.2474,3.561,1,1,1
4148,4148,test,faulty,7.5759,479.5034,452.3487,452.3487,27.1547,2151.9107,3.561,1,1,1
4149,4149,test,faulty,7.5877,481.8898,471.6731,471.6731,10.2166,2152.6171,3.561,1,1,1
4150,4150,test,faulty,7.5662,477.5369,455.0059,455.0059,22.531,2154.7462,3.561,1,1,1
4151,4151,test,faulty,7.5126,466.7999,457.1554,457.1554,9.6445,2155.3864,3.561,1,1,1
4152,4152,test,faulty,7.9329,555.2322,550.3914,550.3914,4.8409,2155.4716,3.561,1,1,1
4153,4153,test,faulty,7.7458,514.6656,496.3917,496.3917,18.2739,2157.1088,3.561,1,1,1
4154,4154,test,faulty,7.785,523.0065,495.5795,495.5795,27.427,2159.8036,3.561,1,1,1
4155,4155,test,faulty,7.585,481.3503,466.7712,466.7712,14.5792,2161.014,3.561,1,1,1
4156,4156,test,faulty,7.5394,472.1482,463.639,463.639,8.5092,2161.523,3.561,1,1,1
4157,4157,test,faulty,7.5605,476.3822,460.2081,460.2081,16.1741,2162.9177,3.561,1,1,1
4158,4158,test,faulty,7.1225,393.0979,381.3762,381.3762,11.7217,2163.7979,3.561,1,1,1
4159,4159,test,faulty,7.5364,471.5349,459.704,459.704,11.831,2164.6907,3.561,1,1,1
4160,4160,test,faulty,7.932,555.0413,520.7079,520.7079,34.3334,2168.1835,3.561,1,1,1
4161,4161,test,faulty,7.8478,536.5474,523.5746,523.5746,12.9728,2169.2082,3.561,1,1,1
4162,4162,test,faulty,8.3768,659.3755,641.3445,641.3445,18.031,2170.8174,3.561,1,1,1
4163,4163,test,faulty,7.8426,535.4204,513.4095,513.4095,22.0109,2172.8864,3.561,1,1,1
4164,4164,test,faulty,7.5874,481.8365,466.269,466.269,15.5676,2174.211,3.561,1,1,1
4165,4165,test,faulty,7.7273,510.7598,494.1778,494.1778,16.582,2175.6528,3.561,1,1,1
4166,4166,test,faulty,7.3824,441.3251,410.437,410.437,30.8881,2178.7475,3.561,1,1,1
4167,4167,test,faulty,7.4352,451.5474,437.4078,437.4078,14.1395,2179.907,3.561,1,1,1
4168,4168,test,faulty,7.3004,425.7202,424.382,424.382,1.3383,2179.5875,3.561,1,1,1
4169,4169,test,faulty,7.2641,418.942,400.7852,400.7852,18.1568,2181.2113,3.561,1,1,1
4170,4170,test,faulty,7.2449,415.3778,413.1403,413.1403,2.2376,2180.9957,3.561,1,1,1
4171,4171,test,faulty,7.2175,410.3218,394.7841,394.7841,15.5378,2182.3168,3.561,1,1,1
4172,4172,test,faulty,7.0816,385.8188,367.1704,367.1704,18.6484,2183.9973,3.561,1,1,1
4173,4173,test,faulty,7.0217,375.3161,365.7419,365.7419,9.5743,2184.6294,3.561,1,1,1
4174,4174,test,faulty,7.1053,390.0209,357.1166,357.1166,32.9044,2187.9571,3.561,1,1,1
4175,4175,test,faulty,7.6288,490.2911,469.4282,469.4282,20.8629,2189.8934,3.561,1,1,1
4176,4176,test,faulty,7.6708,498.9426,479.4684,479.4684,19.4742,2191.6694,3.561,1,1,1
4177,4177,test,faulty,7.7558,516.7935,503.2664,503.2664,13.5271,2192.7582,3.561,1,1,1
4178,4178,test,faulty,7.6841,501.7224,495.7401,495.7401,5.9823,2192.9752,3.561,1,1,1
4179,4179,test,faulty,7.838,534.4088,514.097,514.097,20.3117,2194.8479,3.561,1,1,1
4180,4180,test,faulty,7.5996,484.3098,466.4738,466.4738,17.836,2196.4346,3.561,1,1,1
4181,4181,test,faulty,7.4801,460.3549,433.6889,433.6889,26.666,2199.0415,3.561,1,1,1
4182,4182,test,faulty,7.4777,459.8782,444.6297,444.6297,15.2485,2200.3292,3.561,1,1,1
4183,4183,test,faulty,7.3557,436.2112,420.678,420.678,15.5332,2201.6498,3.561,1,1,1
4184,4184,test,faulty,7.6566,496.0082,462.5873,462.5873,33.4209,2205.0371,3.561,1,1,1
4185,4185,test,faulty,8.07,586.2014,569.9575,569.9575,16.2439,2206.4398,3.561,1,1,1
4186,4186,test,faulty,7.7217,509.5804,484.4211,484.4211,25.1593,2208.8726,3.561,1,1,1
4187,4187,test,faulty,7.3093,427.3964,409.2042,409.2042,18.1922,2210.5004,3.561,1,1,1
4188,4188,test,faulty,7.0289,376.5581,367.8713,367.8713,8.6868,2211.03,3.561,1,1,1
4189,4189,test,faulty,7.0763,384.8824,366.6871,366.6871,18.1953,2212.6581,3.561,1,1,1
4190,4190,test,faulty,6.964,365.3498,357.5037,357.5037,7.8461,2213.0906,3.561,1,1,1
4191,4191,test,faulty,7.1959,406.3689,379.8279,379.8279,26.541,2215.683,3.561,1,1,1
4192,4192,test,faulty,7.1429,396.7531,385.0873,385.0873,11.6658,2216.5567,3.561,1,1,1
4193,4193,test,faulty,8.0375,578.767,544.6052,544.6052,34.1618,2220.0297,3.561,1,1,1
4194,4194,test,faulty,7.7017,505.3907,492.1946,492.1946,13.1962,2221.0802,3.561,1,1,1
4195,4195,test,faulty,7.948,558.5884,543.1757,543.1757,15.4127,2222.3869,3.561,1,1,1
4196,4196,test,faulty,8.198,616.0577,584.3033,584.3033,31.7544,2225.5817,3.561,1,1,1
4197,4197,test,faulty,8.4647,681.3619,674.7296,674.7296,6.6322,2225.8739,3.561,1,1,1
4198,4198,test,faulty,8.4471,676.9321,660.9124,660.9124,16.0196,2227.2507,3.561,1,1,1
4199,4199,test,faulty,8.4021,665.6613,633.1927,633.1927,32.4685,2230.528,3.561,1,1,1
4200,4200,test,faulty,8.0305,577.1757,564.3494,564.3494,12.8264,2231.5358,3.561,1,1,1
4201,4201,test,faulty,7.9465,558.2464,541.2849,541.2849,16.9615,2233.0214,3.561,1,1,1
4202,4202,test,faulty,8.0376,578.77,556.2107,556.2107,22.5593,2235.1538,3.561,1,1,1
4203,4203,test,faulty,7.657,496.102,490.2687,490.2687,5.8333,2235.3537,3.561,1,1,1
4204,4204,test,faulty,7.7322,511.8061,498.9156,498.9156,12.8905,2236.3689,3.561,1,1,1
4205,4205,test,faulty,7.6382,492.2071,470.3724,470.3724,21.8348,2238.4176,3.561,1,1,1
4206,4206,test,faulty,7.8365,534.1026,508.9203,508.9203,25.1823,2240.853,3.561,1,1,1
4207,4207,test,faulty,7.8321,533.1475,513.8831,513.8831,19.2644,2242.6047,3.561,1,1,1
4208,4208,test,faulty,7.4894,462.1764,456.3784,456.3784,5.798,2242.8005,3.561,1,1,1
4209,4209,test,faulty,7.1715,401.9278,389.2232,389.2232,12.7045,2243.7943,3.561,1,1,1
4210,4210,test,faulty,6.8642,348.5262,355.2073,355.2073,-6.6811,2242.5482,3.561,1,1,1
4211,4211,test,faulty,7.1396,396.1585,390.3598,390.3598,5.7987,2242.7441,3.561,1,1,1
4212,4212,test,faulty,7.0662,383.1054,363.225,363.225,19.8804,2244.5669,3.561,1,1,1
4213,4213,test,faulty,7.0747,384.5946,381.8577,381.8577,2.7369,2244.409,3.561,1,1,1
4214,4214,test,faulty,7.3915,443.0664,417.7108,417.7108,25.3556,2246.8645,3.561,1,1,1
4215,4215,test,faulty,7.0767,384.9528,363.0966,363.0966,21.8562,2248.9157,3.561,1,1,1
4216,4216,test,faulty,6.9315,359.8177,345.5792,345.5792,14.2385,2250.0867,3.561,1,1,1
4217,4217,test,faulty,7.1037,389.7298,376.8936,376.8936,12.8361,2251.0956,3.561,1,1,1
4218,4218,test,faulty,6.8244,341.9585,329.5875,329.5875,12.3711,2252.0509,3.561,1,1,1
4219,4219,test,faulty,6.2864,260.361,261.5567,261.5567,-1.1957,2251.4386,3.561,1,1,1
4220,4220,test,faulty,6.5542,299.303,285.0776,285.0776,14.2254,2252.6081,3.561,1,1,1
4221,4221,test,faulty,7.1626,400.3145,380.8603,380.8603,19.4542,2254.3817,3.561,1,1,1
4222,4222,test,faulty,7.3013,425.8958,410.2457,410.2457,15.6501,2255.7158,3.561,1,1,1
4223,4223,test,faulty,6.9201,357.8871,334.744,334.744,23.1431,2257.9157,3.561,1,1,1
4224,4224,test,faulty,7.6264,489.7913,467.3525,467.3525,22.4388,2260.0341,3.561,1,1,1
4225,4225,test,faulty,7.8268,531.9829,496.545,496.545,35.4378,2263.6545,3.561,1,1,1
4226,4226,test,faulty,8.2107,619.0864,577.2548,577.2548,41.8316,2268.0136,3.561,1,1,1
4227,4227,test,faulty,8.0626,584.4868,568.6644,568.6644,15.8224,2269.3676,3.561,1,1,1
4228,4228,test,faulty,8.3796,660.0848,643.2071,643.2071,16.8777,2270.8436,3.561,1,1,1
4229,4229,test,faulty,7.9441,557.726,539.6409,539.6409,18.0851,2272.459,3.561,1,1,1
4230,4230,test,faulty,7.5877,481.8874,475.4562,475.4562,6.4312,2272.7279,3.561,1,1,1
4231,4231,test,faulty,7.3696,438.8629,428.4703,428.4703,10.3926,2273.4546,3.561,1,1,1
4232,4232,test,faulty,7.3821,441.264,433.6342,433.6342,7.6299,2273.862,3.561,1,1,1
4233,4233,test,faulty,6.9188,357.6736,347.9013,347.9013,9.7723,2274.517,3.561,1,1,1
4234,4234,test,faulty,6.8067,339.0531,342.501,342.501,-3.448,2273.6445,3.561,1,1,1
4235,4235,test,faulty,6.726,326.0099,316.4656,316.4656,9.5443,2274.2731,3.561,1,1,1
4236,4236,test,faulty,7.172,402.0132,377.4194,377.4194,24.5937,2276.6406,3.561,1,1,1
4237,4237,test,faulty,7.2519,416.6693,393.2384,393.2384,23.4309,2278.8737,3.561,1,1,1
4238,4238,test,faulty,7.0093,373.1517,355.5968,355.5968,17.5549,2280.4278,3.561,1,1,1
4239,4239,test,faulty,7.1959,406.3654,394.1235,394.1235,12.2418,2281.3681,3.561,1,1,1
4240,4240,test,faulty,7.4815,460.6182,444.1529,444.1529,16.4653,2282.7964,3.561,1,1,1
4241,4241,test,faulty,7.4758,459.5058,454.5963,454.5963,4.9095,2282.8895,3.561,1,1,1
4242,4242,test,faulty,7.0873,386.8257,377.3415,377.3415,9.4842,2283.5112,3.561,1,1,1
4243,4243,test,faulty,6.9281,359.2393,337.0503,337.0503,22.189,2285.6008,3.561,1,1,1
4244,4244,test,faulty,6.8763,350.5476,333.5582,333.5582,16.9893,2287.0897,3.561,1,1,1
4245,4245,test,faulty,7.1818,403.7986,396.0933,396.0933,7.7053,2287.5058,3.561,1,1,1
4246,4246,test,faulty,6.9925,370.2439,362.3352,362.3352,7.9088,2287.9455,3.561,1,1,1
4247,4247,test,faulty,6.8006,338.0511,308.9467,308.9467,29.1044,2290.8341,3.561,1,1,1
4248,4248,test,faulty,7.5327,470.7967,451.9502,451.9502,18.8465,2292.5375,3.561,1,1,1
4249,4249,test,faulty,7.4281,450.1523,431.232,431.232,18.9203,2294.2494,3.561,1,1,1
4250,4250,test,faulty,7.0053,372.4609,352.7691,352.7691,19.6918,2296.0505,3.561,1,1,1
4251,4251,test,faulty,7.0239,375.683,369.4429,369.4429,6.2401,2296.2974,3.561,1,1,1
4252,4252,test,faulty,7.166,400.9156,382.5112,382.5112,18.4045,2297.9497,3.561,1,1,1
4253,4253,test,faulty,7.1736,402.3043,395.4926,395.4926,6.8117,2298.2626,3.561,1,1,1
4254,4254,test,faulty,7.5252,469.2983,451.1542,451.1542,18.1441,2299.8849,3.561,1,1,1
4255,4255,test,faulty,7.7551,516.6325,500.2366,500.2366,16.3959,2301.3051,3.561,1,1,1
4256,4256,test,faulty,7.4725,458.8396,431.992,431.992,26.8476,2303.933,3.561,1,1,1
4257,4257,test,faulty,7.3795,440.7594,439.2264,439.2264,1.533,2303.636,3.561,1,1,1
4258,4258,test,faulty,7.9387,556.5184,548.1912,548.1912,8.3272,2304.124,3.561,1,1,1
4259,4259,test,faulty,7.7972,525.6259,513.7055,513.7055,11.9204,2305.0272,3.561,1,1,1
4260,4260,test,faulty,8.2758,634.691,615.9818,615.9818,18.7092,2306.7147,3.561,1,1,1
4261,4261,test,faulty,8.3179,644.897,632.71,632.71,12.1869,2307.6487,3.561,1,1,1
4262,4262,test,faulty,8.5069,692.1005,673.9332,673.9332,18.1673,2309.2736,3.561,1,1,1
4263,4263,test,faulty,8.1672,608.8023,592.5358,592.5358,16.2665,2310.6789,3.561,1,1,1
4264,4264,test,faulty,8.7067,744.2863,710.6278,710.6278,33.6586,2314.0937,3.561,1,1,1
4265,4265,test,faulty,8.5963,715.1382,698.1152,698.1152,17.023,2315.5864,3.561,1,1,1
4266,4266,test,faulty,8.7232,748.71,731.4862,731.4862,17.2237,2317.1023,3.561,1,1,1
4267,4267,test,faulty,10.1491,1197.4243,1160.9177,1160.9177,36.5066,2320.8462,3.561,1,1,1
4268,4268,test,faulty,9.5463,991.146,952.9949,952.9949,38.1511,2324.7801,3.561,1,1,1
4269,4269,test,faulty,9.4257,952.87,913.1219,913.1219,39.748,2328.8985,3.561,1,1,1
4270,4270,test,faulty,8.7594,758.4837,748.8909,748.8909,9.5928,2329.5327,3.561,1,1,1
4271,4271,test,faulty,8.4644,681.3014,661.695,661.695,19.6064,2331.3239,3.561,1,1,1
4272,4272,test,faulty,8.3151,644.2257,614.0161,614.0161,30.2096,2334.3402,3.561,1,1,1
4273,4273,test,faulty,8.3944,663.7487,641.0274,641.0274,22.7212,2336.4913,3.561,1,1,1
4274,4274,test,faulty,7.8509,537.2155,518.6705,518.6705,18.545,2338.1599,3.561,1,1,1
4275,4275,test,faulty,7.5994,484.2663,461.4768,461.4768,22.7895,2340.3189,3.561,1,1,1
4276,4276,test,faulty,8.4323,673.2045,661.4779,661.4779,11.7266,2341.1997,3.561,1,1,1
4277,4277,test,faulty,8.4736,683.6116,656.1475,656.1475,27.4641,2343.8988,3.561,1,1,1
4278,4278,test,faulty,8.1477,604.2229,582.9142,582.9142,21.3087,2345.8866,3.561,1,1,1
4279,4279,test,faulty,8.7344,751.7371,724.73,724.73,27.007,2348.5329,3.561,1,1,1
4280,4280,test,faulty,8.914,801.066,768.8217,768.8217,32.2443,2351.7843,3.561,1,1,1
4281,4281,test,faulty,8.5435,701.4681,678.1286,678.1286,23.3395,2354.0069,3.561,1,1,1
4282,4282,test,faulty,8.3339,648.8126,611.0178,611.0178,37.7948,2357.8996,3.561,1,1,1
4283,4283,test,faulty,8.572,708.8327,687.6494,687.6494,21.1834,2359.873,3.561,1,1,1
4284,4284,test,faulty,8.6915,740.2527,703.7294,703.7294,36.5233,2363.6188,3.561,1,1,1
4285,4285,test,faulty,8.0889,590.5412,572.6353,572.6353,17.9059,2365.2135,3.561,1,1,1
4286,4286,test,faulty,7.6567,496.0411,486.1614,486.1614,9.8797,2365.8809,3.561,1,1,1
4287,4287,test,faulty,7.8577,538.6961,519.2134,519.2134,19.4827,2367.6578,3.561,1,1,1
4288,4288,test,faulty,7.6057,485.559,475.3014,475.3014,10.2576,2368.3688,3.561,1,1,1
4289,4289,test,faulty,7.6304,490.6051,463.8398,463.8398,26.7653,2370.9872,3.561,1,1,1
4290,4290,test,faulty,7.4315,450.8253,440.3668,440.3668,10.4586,2371.7215,3.561,1,1,1
4291,4291,test,faulty,6.9117,356.4775,347.8927,347.8927,8.5848,2372.2392,3.561,1,1,1
4292,4292,test,faulty,6.5177,293.7999,281.0201,281.0201,12.7798,2373.2417,3.561,1,1,1
4293,4293,test,faulty,6.2568,256.253,250.0569,250.0569,6.1962,2373.4835,3.561,1,1,1
4294,4294,test,faulty,6.4696,286.6435,263.3232,263.3232,23.3203,2375.7038,3.561,1,1,1
4295,4295,test,faulty,6.4094,277.844,258.8798,258.8798,18.9642,2377.4208,3.561,1,1,1
4296,4296,test,faulty,6.2296,252.503,249.6151,249.6151,2.8879,2377.2803,3.561,1,1,1
4297,4297,test,faulty,6.5985,306.0513,277.4049,277.4049,28.6465,2380.116,3.561,1,1,1
4298,4298,test,faulty,6.9173,357.4271,356.9113,356.9113,0.5158,2379.7015,3.561,1,1,1
4299,4299,test,faulty,6.5535,299.1952,290.8417,290.8417,8.3535,2380.1926,3.561,1,1,1
4300,4300,test,faulty,6.9246,358.657,339.7013,339.7013,18.9556,2381.9086,3.561,1,1,1
4301,4301,test,faulty,6.8756,350.4277,334.3813,334.3813,16.0464,2383.2885,3.561,1,1,1
4302,4302,test,faulty,6.6809,318.8763,309.1328,309.1328,9.7435,2383.9401,3.561,1,1,1
4303,4303,test,faulty,6.7913,336.5352,324.592,324.592,11.9432,2384.8459,3.561,1,1,1
4304,4304,test,faulty,6.8294,342.7652,333.0262,333.0262,9.739,2385.497,3.561,1,1,1
4305,4305,test,faulty,6.5271,295.2027,293.7645,293.7645,1.4382,2385.1891,3.561,1,1,1
4306,4306,test,faulty,6.6402,312.5007,299.6872,299.6872,12.8136,2386.1954,3.561,1,1,1
4307,4307,test,faulty,6.8221,341.5677,332.5793,332.5793,8.9884,2386.7598,3.561,1,1,1
4308,4308,test,faulty,7.3825,441.33,428.8025,428.8025,12.5275,2387.7331,3.561,1,1,1
4309,4309,test,faulty,7.1323,394.8423,368.9495,368.9495,25.8928,2390.2507,3.561,1,1,1
4310,4310,test,faulty,7.3528,435.6448,419.723,419.723,15.9218,2391.6162,3.561,1,1,1
4311,4311,test,faulty,7.5345,471.1652,454.5063,454.5063,16.6589,2393.0668,3.561,1,1,1
4312,4312,test,faulty,7.1497,397.9833,374.1345,374.1345,23.8487,2395.3482,3.561,1,1,1
4313,4313,test,faulty,7.3025,426.1283,402.8354,402.8354,23.2929,2397.5654,3.561,1,1,1
4314,4314,test,faulty,6.8732,350.0177,339.7612,339.7612,10.2565,2398.2763,3.561,1,1,1
4315,4315,test,faulty,7.3482,434.7801,404.7851,404.7851,29.9951,2401.2678,3.561,1,1,1
4316,4316,test,faulty,7.4609,456.5752,425.2299,425.2299,31.3454,2404.4153,3.561,1,1,1
4317,4317,test,faulty,7.6649,497.7306,490.4842,490.4842,7.2464,2404.7785,3.561,1,1,1
4318,4318,test,faulty,7.5347,471.1992,460.931,460.931,10.2682,2405.4907,3.561,1,1,1
4319,4319,test,faulty,7.2269,412.0574,406.1917,406.1917,5.8657,2405.6943,3.561,1,1,1
4320,4320,test,faulty,7.7594,517.5517,507.366,507.366,10.1858,2406.3971,3.561,1,1,1
4321,4321,test,faulty,7.5406,472.3917,469.8083,469.8083,2.5835,2406.2214,3.561,1,1,1
4322,4322,test,faulty,7.7267,510.6463,502.1994,502.1994,8.447,2406.7233,3.561,1,1,1
4323,4323,test,faulty,7.8956,546.9949,541.1089,541.1089,5.886,2406.9292,3.561,1,1,1
4324,4324,test,faulty,8.3393,650.1323,627.1499,627.1499,22.9824,2409.1105,3.561,1,1,1
4325,4325,test,faulty,8.0697,586.1348,560.4955,560.4955,25.6393,2411.5988,3.561,1,1,1
4326,4326,test,faulty,7.986,567.0885,540.7452,540.7452,26.3433,2414.1684,3.561,1,1,1
4327,4327,test,faulty,8.0334,577.818,543.944,543.944,33.874,2417.608,3.561,1,1,1
4328,4328,test,faulty,8.5713,708.6597,681.3456,681.3456,27.3141,2420.2898,3.561,1,1,1
4329,4329,test,faulty,8.6385,726.1997,688.9866,688.9866,37.2131,2424.1153,3.561,1,1,1
4330,4330,test,faulty,8.9208,802.9575,788.6139,788.6139,14.3436,2425.2984,3.561,1,1,1
4331,4331,test,faulty,9.2942,912.2191,881.8346,881.8346,30.3845,2428.335,3.561,1,1,1
4332,4332,test,faulty,8.7618,759.1364,731.0626,731.0626,28.0738,2431.1045,3.561,1,1,1
4333,4333,test,faulty,9.7538,1059.3231,1025.6344,1025.6344,33.6887,2434.5228,3.561,1,1,1
4334,4334,test,faulty,9.4406,957.5402,920.4696,920.4696,37.0705,2438.3318,3.561,1,1,1
4335,4335,test,faulty,9.1793,877.649,838.0227,838.0227,39.6263,2442.4361,3.561,1,1,1
4336,4336,test,faulty,9.2403,895.9022,866.0968,866.0968,29.8054,2445.4057,3.561,1,1,1
4337,4337,test,faulty,9.9207,1116.2805,1077.827,1077.827,38.4535,2449.3745,3.561,1,1,1
4338,4338,test,faulty,9.2682,904.3243,875.0522,875.0522,29.2721,2452.2825,3.561,1,1,1
4339,4339,test,faulty,9.1996,883.7028,848.8766,848.8766,34.8263,2455.8322,3.561,1,1,1
4340,4340,test,faulty,8.925,804.1407,777.8403,777.8403,26.3005,2458.3969,3.561,1,1,1
4341,4341,test,faulty,9.54,989.1129,964.9938,964.9938,24.1191,2460.7095,3.561,1,1,1
4342,4342,test,faulty,9.4114,948.4004,911.6078,911.6078,36.7926,2464.4864,3.561,1,1,1
4343,4343,test,faulty,9.1404,866.1378,831.8246,831.8246,34.3132,2467.9769,3.561,1,1,1
4344,4344,test,faulty,9.4138,949.1414,908.1116,908.1116,41.0297,2472.2433,3.561,1,1,1
4345,4345,test,faulty,9.4067,946.9271,904.8087,904.8087,42.1184,2476.6356,3.561,1,1,1
4346,4346,test,faulty,8.9072,799.1515,759.3939,759.3939,39.7575,2480.7551,3.561,1,1,1
4347,4347,test,faulty,8.5732,709.134,688.0811,688.0811,21.053,2482.7134,3.561,1,1,1
4348,4348,test,faulty,8.2209,621.4986,600.025,600.025,21.4736,2484.7204,3.561,1,1,1
4349,4349,test,faulty,8.1965,615.7158,598.6293,598.6293,17.0865,2486.2204,3.561,1,1,1
4350,4350,test,faulty,7.7533,516.2681,488.3199,488.3199,27.9482,2488.9754,3.561,1,1,1
4351,4351,test,faulty,8.01,572.5211,547.9453,547.9453,24.5758,2491.3408,3.561,1,1,1
4352,4352,test,faulty,7.9492,558.8632,536.0885,536.0885,22.7747,2493.4981,3.561,1,1,1
4353,4353,test,faulty,8.5655,707.1629,678.4363,678.4363,28.7266,2496.3431,3.561,1,1,1
4354,4354,test,faulty,8.4914,688.1359,668.1903,668.1903,19.9456,2498.1735,3.561,1,1,1
4355,4355,test,faulty,8.5972,715.374,702.3187,702.3187,13.0553,2499.2077,3.561,1,1,1
4356,4356,test,faulty,9.1667,873.9157,835.0056,835.0056,38.9101,2503.2293,3.561,1,1,1
4357,4357,test,faulty,8.8913,794.7116,758.8064,758.8064,35.9052,2506.9037,3.561,1,1,1
4358,4358,test,faulty,9.0449,838.2885,814.5055,814.5055,23.7829,2509.1775,3.561,1,1,1
4359,4359,test,faulty,8.6667,733.6552,701.2316,701.2316,32.4236,2512.4496,3.561,1,1,1
4360,4360,test,faulty,7.9915,568.3393,546.4897,546.4897,21.8496,2514.5,3.561,1,1,1
4361,4361,test,faulty,7.6722,499.2335,488.8308,488.8308,10.4027,2515.2278,3.561,1,1,1
4362,4362,test,faulty,8.0668,585.4549,568.2543,568.2543,17.2006,2516.741,3.561,1,1,1
4363,4363,test,faulty,9.0247,832.4664,809.2751,809.2751,23.1913,2518.9464,3.561,1,1,1
4364,4364,test,faulty,9.2316,893.2965,860.6882,860.6882,32.6083,2522.2399,3.561,1,1,1
4365,4365,test,faulty,9.2526,899.6174,862.1823,862.1823,37.4351,2526.091,3.561,1,1,1
4366,4366,test,faulty,9.5136,980.6583,939.9706,939.9706,40.6877,2530.318,3.561,1,1,1
4367,4367,test,faulty,8.9293,805.3535,782.7151,782.7151,22.6384,2532.4595,3.561,1,1,1
4368,4368,test,faulty,9.2105,886.9632,853.0688,853.0688,33.8944,2535.9015,3.561,1,1,1
4369,4369,test,faulty,9.188,880.2383,852.8395,852.8395,27.3989,2538.5931,3.561,1,1,1
4370,4370,test,faulty,8.5991,715.883,685.6741,685.6741,30.2089,2541.6093,3.561,1,1,1
4371,4371,test,faulty,8.6987,742.1538,710.0616,710.0616,32.0922,2544.8431,3.561,1,1,1
4372,4372,test,faulty,8.4357,674.0554,666.0833,666.0833,7.9722,2545.2901,3.561,1,1,1
4373,4373,test,faulty,9.019,830.8351,808.9115,808.9115,21.9236,2547.3491,3.561,1,1,1
4374,4374,test,faulty,9.4338,955.4194,915.8949,915.8949,39.5245,2551.4416,3.561,1,1,1
4375,4375,test,faulty,8.9781,819.1461,771.8824,771.8824,47.2637,2556.4284,3.561,1,1,1
4376,4376,test,faulty,8.3938,663.5939,645.1909,645.1909,18.403,2558.0805,3.561,1,1,1
4377,4377,test,faulty,8.3464,651.8777,629.5405,629.5405,22.3372,2560.1872,3.561,1,1,1
4378,4378,test,faulty,8.2471,627.7848,591.5457,591.5457,36.2391,2563.9002,3.561,1,1,1
4379,4379,test,faulty,8.7604,758.7493,725.3541,725.3541,33.3952,2567.2846,3.561,1,1,1
4380,4380,test,faulty,8.8288,777.3978,762.4585,762.4585,14.9393,2568.5365,3.561,1,1,1
4381,4381,test,faulty,8.6082,718.2594,694.885,694.885,23.3744,2570.7631,3.561,1,1,1
4382,4382,test,faulty,8.5416,700.9925,653.7823,653.7823,47.2102,2575.7437,3.561,1,1,1
4383,4383,test,faulty,8.5175,694.8002,660.3014,660.3014,34.4988,2579.2556,3.561,1,1,1
4384,4384,test,faulty,8.1769,611.0723,586.7288,586.7288,24.3436,2581.5941,3.561,1,1,1
4385,4385,test,faulty,7.5633,476.9558,459.1332,459.1332,17.8226,2583.1792,3.561,1,1,1
4386,4386,test,faulty,7.3778,440.4234,415.2542,415.2542,25.1692,2585.6131,3.561,1,1,1
4387,4387,test,faulty,7.6043,485.2756,477.5864,477.5864,7.6892,2586.0274,3.561,1,1,1
4388,4388,test,faulty,8.0025,570.8248,540.5195,540.5195,30.3054,2589.0548,3.561,1,1,1
4389,4389,test,faulty,7.766,518.9671,503.6806,503.6806,15.2864,2590.3469,3.561,1,1,1
4390,4390,test,faulty,7.5425,472.7594,445.9666,445.9666,26.7929,2592.9684,3.561,1,1,1
4391,4391,test,faulty,7.3281,430.96,411.5134,411.5134,19.4465,2594.7412,3.561,1,1,1
4392,4392,test,faulty,7.7116,507.462,492.8091,492.8091,14.6529,2595.96,3.561,1,1,1
4393,4393,test,faulty,7.868,540.9454,523.6083,523.6083,17.3371,2597.489,3.561,1,1,1
4394,4394,test,faulty,7.6362,491.8006,480.397,480.397,11.4036,2598.3325,3.561,1,1,1
4395,4395,test,faulty,7.6238,489.2503,462.1478,462.1478,27.1025,2600.9898,3.561,1,1,1
4396,4396,test,faulty,7.6444,493.4895,472.2183,472.2183,21.2712,2602.9734,3.561,1,1,1
4397,4397,test,faulty,7.8708,541.557,523.9509,523.9509,17.6061,2604.5335,3.561,1,1,1
4398,4398,test,faulty,8.2828,636.3846,614.1196,614.1196,22.265,2606.6319,3.561,1,1,1
4399,4399,test,faulty,8.5051,691.6263,662.4934,662.4934,29.1328,2609.5238,3.561,1,1,1
4400,4400,test,faulty,8.5891,713.2674,691.2536,691.2536,22.0138,2611.5931,3.561,1,1,1
4401,4401,test,faulty,8.5461,702.143,686.4218,686.4218,15.7212,2612.9354,3.561,1,1,1
4402,4402,test,faulty,8.1212,598.0363,572.7625,572.7625,25.2739,2615.3815,3.561,1,1,1
4403,4403,test,faulty,7.8769,542.8899,528.2026,528.2026,14.6873,2616.6043,3.561,1,1,1
4404,4404,test,faulty,7.6777,500.3779,479.716,479.716,20.6619,2618.5175,3.561,1,1,1
4405,4405,test,faulty,7.5453,473.3342,461.8904,461.8904,11.4437,2619.3656,3.561,1,1,1
4406,4406,test,faulty,7.4084,446.3284,443.9982,443.9982,2.3302,2619.1607,3.561,1,1,1
4407,4407,test,faulty,7.3479,434.7057,416.228,416.228,18.4777,2620.8215,3.561,1,1,1
4408,4408,test,faulty,7.8469,536.3492,524.4994,524.4994,11.8499,2621.7165,3.561,1,1,1
4409,4409,test,faulty,7.8584,538.8494,518.4209,518.4209,20.4285,2623.6027,3.561,1,1,1
4410,4410,test,faulty,8.0812,588.7727,574.5152,574.5152,14.2576,2624.7759,3.561,1,1,1
4411,4411,test,faulty,8.1399,602.3819,582.9284,582.9284,19.4535,2626.5494,3.561,1,1,1
4412,4412,test,faulty,7.8964,547.1589,518.4616,518.4616,28.6973,2629.391,3.561,1,1,1
4413,4413,test,faulty,7.9744,564.4993,549.7373,549.7373,14.762,2630.6225,3.561,1,1,1
4414,4414,test,faulty,7.8925,546.3085,513.9291,513.9291,32.3794,2633.8895,3.561,1,1,1
4415,4415,test,faulty,7.8862,544.9259,513.7365,513.7365,31.1895,2637.019,3.561,1,1,1
4416,4416,test,faulty,7.8465,536.2576,513.2884,513.2884,22.9692,2639.1988,3.561,1,1,1
4417,4417,test,faulty,7.5687,478.0426,460.5488,460.5488,17.4938,2640.7459,3.561,1,1,1
4418,4418,test,faulty,7.6972,504.4458,472.867,472.867,31.5788,2643.9204,3.561,1,1,1
4419,4419,test,faulty,7.5407,472.415,445.0338,445.0338,27.3811,2646.6099,3.561,1,1,1
4420,4420,test,faulty,7.2903,423.8317,413.6579,413.6579,10.1738,2647.3113,3.561,1,1,1
4421,4421,test,faulty,7.3698,438.905,430.2278,430.2278,8.6773,2647.8397,3.561,1,1,1
4422,4422,test,faulty,7.1132,391.426,376.2945,376.2945,15.1315,2649.1139,3.561,1,1,1
4423,4423,test,faulty,6.9956,370.7876,352.0383,352.0383,18.7492,2650.8061,3.561,1,1,1
4424,4424,test,faulty,6.7669,332.5767,311.2794,311.2794,21.2972,2652.7926,3.561,1,1,1
4425,4425,test,faulty,7.0826,385.9927,373.8004,373.8004,12.1924,2653.7272,3.561,1,1,1
4426,4426,test,faulty,7.338,432.8382,414.2261,414.2261,18.6121,2655.4035,3.561,1,1,1
4427,4427,test,faulty,7.2442,415.2507,403.0583,403.0583,12.1924,2656.3381,3.561,1,1,1
4428,4428,test,faulty,6.9809,368.2593,356.7967,356.7967,11.4625,2657.1884,3.561,1,1,1
4429,4429,test,faulty,7.2813,422.1484,415.7177,415.7177,6.4307,2657.4573,3.561,1,1,1
4430,4430,test,faulty,7.7154,508.2551,490.9331,490.9331,17.3219,2658.9845,3.561,1,1,1
4431,4431,test,faulty,7.2759,421.1461,407.8241,407.8241,13.322,2660.0496,3.561,1,1,1
4432,4432,test,faulty,7.8269,532.0114,524.1113,524.1113,7.9001,2660.4883,3.561,1,1,1
4433,4433,test,faulty,7.6367,491.9034,471.8061,471.8061,20.0972,2662.3362,3.561,1,1,1
4434,4434,test,faulty,7.9898,567.9486,550.6112,550.6112,17.3374,2663.8652,3.561,1,1,1
4435,4435,test,faulty,7.6329,491.1153,487.3117,487.3117,3.8036,2663.8306,3.561,1,1,1
4436,4436,test,faulty,7.6964,504.2755,492.2299,492.2299,12.0456,2664.7482,3.561,1,1,1
4437,4437,test,faulty,8.0117,572.9017,535.4073,535.4073,37.4943,2668.6062,3.561,1,1,1
4438,4438,test,faulty,7.9981,569.8278,556.1932,556.1932,13.6346,2669.7074,3.561,1,1,1
4439,4439,test,faulty,7.9226,552.9474,526.6681,526.6681,26.2793,2672.2696,3.561,1,1,1
4440,4440,test,faulty,8.3833,660.9946,637.3317,637.3317,23.6629,2674.5295,3.561,1,1,1
4441,4441,test,faulty,8.267,632.5626,617.6686,617.6686,14.894,2675.7763,3.561,1,1,1
4442,4442,test,faulty,7.7814,522.2419,493.9865,493.9865,28.2555,2678.5668,3.561,1,1,1
4443,4443,test,faulty,8.9212,803.0909,779.4598,779.4598,23.631,2680.823,3.561,1,1,1
4444,4444,test,faulty,8.8366,779.5578,743.0076,743.0076,36.5502,2684.5719,3.561,1,1,1
4445,4445,test,faulty,8.591,713.7742,696.9714,696.9714,16.8028,2686.0392,3.561,1,1,1
4446,4446,test,faulty,8.8399,780.4741,746.4294,746.4294,34.0447,2689.4986,3.561,1,1,1
4447,4447,test,faulty,8.5698,708.2561,678.2966,678.2966,29.9595,2692.486,3.561,1,1,1
4448,4448,test,faulty,8.3655,656.6015,632.1704,632.1704,24.4311,2694.8347,3.561,1,1,1
4449,4449,test,faulty,8.4352,673.9323,651.8947,651.8947,22.0376,2696.9068,3.561,1,1,1
4450,4450,test,faulty,8.4054,666.4967,650.9972,650.9972,15.4995,2698.2235,3.561,1,1,1
4451,4451,test,faulty,9.0187,830.7621,803.7407,803.7407,27.0215,2700.8714,3.561,1,1,1
4452,4452,test,faulty,8.6252,722.7077,698.6173,698.6173,24.0904,2703.1807,3.561,1,1,1
4453,4453,test,faulty,8.7242,748.9846,719.1857,719.1857,29.7989,2706.1496,3.561,1,1,1
4454,4454,test,faulty,9.2917,911.4625,865.9542,865.9542,45.5083,2710.9335,3.561,1,1,1
4455,4455,test,faulty,9.4246,952.539,917.1533,917.1533,35.3858,2714.5479,3.561,1,1,1
4456,4456,test,faulty,9.4518,961.0809,922.9973,922.9973,38.0836,2718.4739,3.561,1,1,1
4457,4457,test,faulty,9.2674,904.0945,889.1046,889.1046,14.9899,2719.7317,3.561,1,1,1
4458,4458,test,faulty,9.2298,892.7477,872.6591,872.6591,20.0886,2721.5787,3.561,1,1,1
4459,4459,test,faulty,9.2796,907.7805,880.8619,880.8619,26.9186,2724.2147,3.561,1,1,1
4460,4460,test,faulty,9.2296,892.6833,849.8601,849.8601,42.8232,2728.6884,3.561,1,1,1
4461,4461,test,faulty,8.6411,726.8977,679.363,679.363,47.5347,2733.7065,3.561,1,1,1
4462,4462,test,faulty,8.1196,597.665,560.275,560.275,37.3901,2737.5524,3.561,1,1,1
4463,4463,test,faulty,8.5087,692.5534,673.6535,673.6535,18.8999,2739.262,3.561,1,1,1
4464,4464,test,faulty,8.2574,630.2546,611.0688,611.0688,19.1858,2741.0046,3.561,1,1,1
4465,4465,test,faulty,8.0696,586.1055,570.8286,570.8286,15.2768,2742.2956,3.561,1,1,1
4466,4466,test,faulty,7.6543,495.5304,480.9728,480.9728,14.5576,2743.5034,3.561,1,1,1
4467,4467,test,faulty,7.4798,460.2975,436.6408,436.6408,23.6567,2745.7626,3.561,1,1,1
4468,4468,test,faulty,7.5307,470.4037,442.6701,442.6701,27.7336,2748.4928,3.561,1,1,1
4469,4469,test,faulty,7.2927,424.2725,411.5518,411.5518,12.7207,2749.4885,3.561,1,1,1
4470,4470,test,faulty,7.4294,450.4135,422.4311,422.4311,27.9824,2752.2475,3.561,1,1,1
4471,4471,test,faulty,7.0088,373.0623,347.1386,347.1386,25.9237,2754.7686,3.561,1,1,1
4472,4472,test,faulty,6.6685,316.9133,296.5071,296.5071,20.4062,2756.6522,3.561,1,1,1
4473,4473,test,faulty,6.6147,308.5493,297.4164,297.4164,11.1329,2757.4644,3.561,1,1,1
4474,4474,test,faulty,6.9587,364.456,349.7112,349.7112,14.7447,2758.6939,3.561,1,1,1
4475,4475,test,faulty,6.8394,344.4208,333.0729,333.0729,11.3478,2759.5309,3.561,1,1,1
4476,4476,test,faulty,6.9207,357.9973,345.8957,345.8957,12.1016,2760.455,3.561,1,1,1
4477,4477,test,faulty,6.8634,348.3882,332.7992,332.7992,15.5889,2761.782,3.561,1,1,1
4478,4478,test,faulty,6.5522,299.0017,285.5148,285.5148,13.4869,2762.8662,3.561,1,1,1
4479,4479,test,faulty,6.4961,290.5746,278.3947,278.3947,12.1798,2763.7993,3.561,1,1,1
4480,4480,test,faulty,6.5751,302.4771,289.317,289.317,13.1601,2764.8457,3.561,1,1,1
4481,4481,test,faulty,6.3308,266.5891,249.5731,249.5731,17.0159,2766.3376,3.561,1,1,1
4482,4482,test,faulty,6.4158,278.7669,268.399,268.399,10.368,2767.0614,3.561,1,1,1
4483,4483,test,faulty,6.1838,246.2781,243.4024,243.4024,2.8757,2766.9195,3.561,1,1,1
4484,4484,test,faulty,7.2631,418.7511,390.4286,390.4286,28.3226,2769.7178,3.561,1,1,1
4485,4485,test,faulty,7.4073,446.1117,438.9616,438.9616,7.15,2770.0698,3.561,1,1,1
4486,4486,test,faulty,7.512,466.6799,452.2937,452.2937,14.3862,2771.2579,3.561,1,1,1
4487,4487,test,faulty,7.6656,497.8763,474.5638,474.5638,23.3125,2773.4773,3.561,1,1,1
4488,4488,test,faulty,8.1043,594.1137,570.1874,570.1874,23.9264,2775.7676,3.561,1,1,1
4489,4489,test,faulty,8.1923,614.714,605.8708,605.8708,8.8432,2776.3153,3.561,1,1,1
4490,4490,test,faulty,8.1807,611.9791,586.0921,586.0921,25.8869,2778.8321,3.561,1,1,1
4491,4491,test,faulty,8.4363,674.2139,645.8181,645.8181,28.3958,2781.6389,3.561,1,1,1
4492,4492,test,faulty,8.6991,742.2616,712.0706,712.0706,30.191,2784.653,3.561,1,1,1
4493,4493,test,faulty,8.8904,794.4607,763.9408,763.9408,30.52,2787.7052,3.561,1,1,1
4494,4494,test,faulty,8.4882,687.3141,660.0779,660.0779,27.2362,2790.378,3.561,1,1,1
4495,4495,test,faulty,8.0919,591.2394,573.3659,573.3659,17.8735,2791.969,3.561,1,1,1
4496,4496,test,faulty,7.8522,537.5053,517.2865,517.2865,20.2188,2793.8309,3.561,1,1,1
4497,4497,test,faulty,8.0386,579.0038,560.2069,560.2069,18.7969,2795.5286,3.561,1,1,1
4498,4498,test,faulty,7.9969,569.5466,543.2327,543.2327,26.3139,2798.0948,3.561,1,1,1
4499,4499,test,faulty,8.4087,667.3082,644.2666,644.2666,23.0416,2800.2829,3.561,1,1,1
4500,4500,test,faulty,7.8652,540.336,528.2708,528.2708,12.0652,2801.2028,3.561,1,1,1
4501,4501,test,faulty,7.915,551.2668,525.396,525.396,25.8708,2803.7178,3.561,1,1,1
4502,4502,test,faulty,7.8623,539.7052,518.8332,518.8332,20.8719,2805.6552,3.561,1,1,1
4503,4503,test,faulty,7.8954,546.947,521.2193,521.2193,25.7277,2808.1537,3.561,1,1,1
4504,4504,test,faulty,8.6798,737.131,713.4788,713.4788,23.6522,2810.4123,3.561,1,1,1
4505,4505,test,faulty,8.6224,721.9873,700.9503,700.9503,21.037,2812.3689,3.561,1,1,1
4506,4506,test,faulty,8.4374,674.4893,639.3104,639.3104,35.1789,2815.9593,3.561,1,1,1
4507,4507,test,faulty,7.9448,557.8839,529.4384,529.4384,28.4456,2818.7718,3.561,1,1,1
4508,4508,test,faulty,7.8157,529.5897,511.9749,511.9749,17.6148,2820.3329,3.561,1,1,1
4509,4509,test,faulty,7.654,495.4736,476.5058,476.5058,18.9678,2822.0503,3.561,1,1,1
4510,4510,test,faulty,7.81,528.379,497.432,497.432,30.9471,2825.1518,3.561,1,1,1
4511,4511,test,faulty,7.5978,483.9367,466.9143,466.9143,17.0224,2826.6445,3.561,1,1,1
4512,4512,test,faulty,7.1127,391.3405,362.8252,362.8252,28.5153,2829.465,3.561,1,1,1
4513,4513,test,faulty,7.1784,403.1791,385.9864,385.9864,17.1928,2830.9774,3.561,1,1,1
4514,4514,test,faulty,7.8016,526.5749,502.8187,502.8187,23.7562,2833.248,3.561,1,1,1
4515,4515,test,faulty,7.9372,556.1967,536.4941,536.4941,19.7027,2835.0504,3.561,1,1,1
4516,4516,test,faulty,8.7642,759.7743,732.7547,732.7547,27.0196,2837.6981,3.561,1,1,1
4517,4517,test,faulty,8.6205,721.4771,683.8141,683.8141,37.6629,2841.5756,3.561,1,1,1
4518,4518,test,faulty,8.9827,820.4685,796.4681,796.4681,24.0004,2843.8745,3.561,1,1,1
4519,4519,test,faulty,9.7911,1071.8635,1035.1636,1035.1636,36.7,2847.6407,3.561,1,1,1
4520,4520,test,faulty,9.3484,928.8529,888.4365,888.4365,40.4164,2851.8363,3.561,1,1,1
4521,4521,test,faulty,9.2674,904.076,867.54,867.54,36.536,2855.5835,3.561,1,1,1
4522,4522,test,faulty,9.4099,947.9347,900.1336,900.1336,47.8011,2860.6324,3.561,1,1,1
4523,4523,test,faulty,9.7808,1068.3931,1039.6676,1039.6676,28.7256,2863.4772,3.561,1,1,1
4524,4524,test,faulty,9.7,1041.3505,990.7995,990.7995,50.551,2868.8438,3.561,1,1,1
4525,4525,test,faulty,9.0395,836.7295,792.9411,792.9411,43.7884,2873.429,3.561,1,1,1
4526,4526,test,faulty,9.2022,884.4674,842.9569,842.9569,41.5104,2877.751,3.561,1,1,1
4527,4527,test,faulty,9.0265,833.0026,790.6933,790.6933,42.3093,2882.1653,3.561,1,1,1
4528,4528,test,faulty,8.5474,702.4853,681.8031,681.8031,20.6822,2884.0808,3.561,1,1,1
4529,4529,test,faulty,8.0948,591.9041,557.0639,557.0639,34.8402,2887.6322,3.561,1,1,1
4530,4530,test,faulty,8.2327,624.32,589.633,589.633,34.687,2891.1658,3.561,1,1,1
4531,4531,test,faulty,7.6598,496.6716,476.0793,476.0793,20.5923,2893.0709,3.561,1,1,1
4532,4532,test,faulty,7.8695,541.2794,516.4264,516.4264,24.853,2895.4683,3.561,1,1,1
4533,4533,test,faulty,7.7576,517.1662,494.8999,494.8999,22.2663,2897.5668,3.561,1,1,1
4534,4534,test,faulty,8.1652,608.3238,584.2172,584.2172,24.1066,2899.878,3.561,1,1,1
4535,4535,test,faulty,7.9246,553.3961,534.4867,534.4867,18.9093,2901.5887,3.561,1,1,1
4536,4536,test,faulty,8.0069,571.822,555.2285,555.2285,16.5936,2903.0318,3.561,1,1,1
4537,4537,test,faulty,7.9612,561.5407,547.4536,547.4536,14.0871,2904.1853,3.561,1,1,1
4538,4538,test,faulty,8.0205,574.8965,556.0825,556.0825,18.814,2905.8849,3.561,1,1,1
4539,4539,test,faulty,7.8603,539.2565,523.158,523.158,16.0985,2907.2708,3.561,1,1,1
4540,4540,test,faulty,7.4903,462.3707,441.4306,441.4306,20.9401,2909.2161,3.561,1,1,1
4541,4541,test,faulty,7.4123,447.0852,432.1355,432.1355,14.9497,2910.4693,3.561,1,1,1
4542,4542,test,faulty,8.2654,632.1799,599.6434,599.6434,32.5365,2913.7545,3.561,1,1,1
4543,4543,test,faulty,8.0155,573.7564,533.2339,533.2339,40.5224,2917.9623,3.561,1,1,1
4544,4544,test,faulty,8.4713,683.0303,650.2632,650.2632,32.7671,2921.2741,3.561,1,1,1
4545,4545,test,faulty,8.5542,704.2281,680.4119,680.4119,23.8162,2923.5517,3.561,1,1,1
4546,4546,test,faulty,8.9155,801.4688,775.6039,775.6039,25.865,2926.0661,3.561,1,1,1
4547,4547,test,faulty,8.4933,688.6203,666.1903,666.1903,22.43,2928.1835,3.561,1,1,1
4548,4548,test,faulty,8.5183,695.0003,680.0283,680.0283,14.972,2929.4393,3.561,1,1,1
4549,4549,test,faulty,8.5776,710.2871,672.2723,672.2723,38.0148,2933.3574,3.561,1,1,1
4550,4550,test,faulty,8.5344,699.1331,677.6003,677.6003,21.5328,2935.3712,3.561,1,1,1
4551,4551,test,faulty,8.7283,750.0768,708.9666,708.9666,41.1103,2939.6469,3.561,1,1,1
4552,4552,test,faulty,8.364,656.2125,638.6002,638.6002,17.6123,2941.2077,3.561,1,1,1
4553,4553,test,faulty,8.2334,624.4917,600.6382,600.6382,23.8534,2943.4897,3.561,1,1,1
4554,4554,test,faulty,8.146,603.8088,576.531,576.531,27.2778,2946.1672,3.561,1,1,1
4555,4555,test,faulty,8.4058,666.5862,645.7332,645.7332,20.853,2948.1025,3.561,1,1,1
4556,4556,test,faulty,8.1006,593.2519,579.2007,579.2007,14.0512,2949.2518,3.561,1,1,1
4557,4557,test,faulty,8.5068,692.0664,656.5207,656.5207,35.5458,2952.8847,3.561,1,1,1
4558,4558,test,faulty,8.2777,635.1413,610.4345,610.4345,24.7069,2955.2652,3.561,1,1,1
4559,4559,test,faulty,7.8912,546.0207,520.0893,520.0893,25.9314,2957.7872,3.561,1,1,1
4560,4560,test,faulty,8.1047,594.1934,555.563,555.563,38.6304,2961.7764,3.561,1,1,1
4561,4561,test,faulty,8.3499,652.7412,623.4452,623.4452,29.296,2964.6872,3.561,1,1,1
4562,4562,test,faulty,8.0498,581.563,549.9705,549.9705,31.5925,2967.8633,3.561,1,1,1
4563,4563,test,faulty,7.8112,528.6395,513.6951,513.6951,14.9444,2969.1158,3.561,1,1,1
4564,4564,test,faulty,7.4921,462.7266,455.2472,455.2472,7.4795,2969.5059,3.561,1,1,1
4565,4565,test,faulty,7.7372,512.8599,494.6004,494.6004,18.2595,2971.1415,3.561,1,1,1
4566,4566,test,faulty,7.8171,529.9066,499.0763,499.0763,30.8302,2974.2295,3.561,1,1,1
4567,4567,test,faulty,7.3257,430.5032,417.3099,417.3099,13.1934,2975.2797,3.561,1,1,1
4568,4568,test,faulty,7.4872,461.7589,437.7957,437.7957,23.9632,2977.5743,3.561,1,1,1
4569,4569,test,faulty,7.7135,507.8659,478.3909,478.3909,29.475,2980.5058,3.561,1,1,1
4570,4570,test,faulty,7.3029,426.1882,396.678,396.678,29.5102,2983.4413,3.561,1,1,1
4571,4571,test,faulty,7.6465,493.9337,479.0793,479.0793,14.8544,2984.6834,3.561,1,1,1
4572,4572,test,faulty,7.5992,484.2245,467.1976,467.1976,17.0269,2986.1766,3.561,1,1,1
4573,4573,test,faulty,7.3979,444.2984,426.968,426.968,17.3304,2987.7048,3.561,1,1,1
4574,4574,test,faulty,7.0059,372.5633,360.1864,360.1864,12.3769,2988.6607,3.561,1,1,1
4575,4575,test,faulty,6.7472,329.4104,320.4372,320.4372,8.9732,2989.2234,3.561,1,1,1
4576,4576,test,faulty,6.4444,282.9323,264.8732,264.8732,18.0592,2990.8358,3.561,1,1,1
4577,4577,test,faulty,6.6957,321.207,313.2436,313.2436,7.9634,2991.2818,3.561,1,1,1
4578,4578,test,faulty,6.4822,288.5084,285.1354,285.1354,3.373,2991.1974,3.561,1,1,1
4579,4579,test,faulty,6.1355,239.825,245.9266,245.9266,-6.1015,2990.0183,3.561,1,1,1
4580,4580,test,faulty,6.396,275.8966,261.7614,261.7614,14.1352,2991.1774,3.561,1,1,1
4581,4581,test,faulty,6.302,262.5349,248.3354,248.3354,14.1995,2992.3438,3.561,1,1,1
4582,4582,test,faulty,6.6963,321.2984,316.3824,316.3824,4.916,2992.4377,3.561,1,1,1
4583,4583,test,faulty,6.9905,369.8989,348.2001,348.2001,21.6988,2994.4707,3.561,1,1,1
4584,4584,test,faulty,6.9434,361.8482,351.615,351.615,10.2332,2995.1789,3.561,1,1,1
4585,4585,test,faulty,6.9527,363.428,344.8003,344.8003,18.6277,2996.857,3.561,1,1,1
4586,4586,test,faulty,6.8507,346.2881,329.2119,329.2119,17.0762,2998.3559,3.561,1,1,1
4587,4587,test,faulty,7.3467,434.4882,410.8091,410.8091,23.6791,3000.6177,3.561,1,1,1
4588,4588,test,faulty,7.5394,472.1411,450.489,450.489,21.6521,3002.6453,3.561,1,1,1
4589,4589,test,faulty,7.1281,394.1015,359.8964,359.8964,34.2051,3006.1232,3.561,1,1,1
4590,4590,test,faulty,7.3621,437.431,430.12,430.12,7.3111,3006.4938,3.561,1,1,1
4591,4591,test,faulty,7.5791,480.1449,459.2463,459.2463,20.8986,3008.4343,3.561,1,1,1
4592,4592,test,faulty,7.916,551.4924,539.6759,539.6759,11.8165,3009.3255,3.561,1,1,1
4593,4593,test,faulty,7.5933,483.0349,473.1277,473.1277,9.9072,3009.996,3.561,1,1,1
4594,4594,test,faulty,7.4538,455.1847,444.4854,444.4854,10.6993,3010.7581,3.561,1,1,1
4595,4595,test,faulty,7.0988,388.8707,369.896,369.896,18.9747,3012.4763,3.561,1,1,1
4596,4596,test,faulty,6.9543,363.6986,345.0076,345.0076,18.691,3014.1618,3.561,1,1,1
4597,4597,test,faulty,6.6281,310.6206,305.8832,305.8832,4.7374,3014.235,3.561,1,1,1
4598,4598,test,faulty,6.8736,350.0996,337.9878,337.9878,12.1118,3015.1603,3.561,1,1,1
4599,4599,test,faulty,6.7565,330.9094,324.5854,324.5854,6.324,3015.4169,3.561,1,1,1
4600,4600,test,faulty,7.3763,440.1457,417.1627,417.1627,22.983,3017.5982,3.561,1,1,1
4601,4601,test,faulty,7.7694,519.6747,507.1885,507.1885,12.4862,3018.5667,3.561,1,1,1
4602,4602,test,faulty,7.5297,470.1992,440.7374,440.7374,29.4618,3021.4966,3.561,1,1,1
4603,4603,test,faulty,7.4932,462.9308,443.5411,443.5411,19.3896,3023.2628,3.561,1,1,1
4604,4604,test,faulty,7.4434,453.1455,420.0529,420.0529,33.0926,3026.6122,3.561,1,1,1
4605,4605,test,faulty,7.1746,402.4764,384.1538,384.1538,18.3226,3028.2551,3.561,1,1,1
4606,4606,test,faulty,6.9013,354.7193,357.9484,357.9484,-3.2291,3027.4079,3.561,1,1,1
4607,4607,test,faulty,6.9269,359.0398,348.8979,348.8979,10.1419,3028.1056,3.561,1,1,1
4608,4608,test,faulty,6.997,371.023,369.9417,369.9417,1.0813,3027.7564,3.561,1,1,1
4609,4609,test,faulty,7.0437,379.1506,368.4521,368.4521,10.6985,3028.5184,3.561,1,1,1
4610,4610,test,faulty,6.8093,339.4749,317.6507,317.6507,21.8241,3030.5658,3.561,1,1,1
4611,4611,test,faulty,7.43,450.5198,421.0909,421.0909,29.429,3033.4919,3.561,1,1,1
4612,4612,test,faulty,7.6937,503.7259,478.5402,478.5402,25.1857,3035.9277,3.561,1,1,1
4613,4613,test,faulty,8.1908,614.3649,587.5466,587.5466,26.8184,3038.5522,3.561,1,1,1
4614,4614,test,faulty,8.0163,573.9338,537.4261,537.4261,36.5077,3042.2962,3.561,1,1,1
4615,4615,test,faulty,7.6779,500.4286,486.509,486.509,13.9196,3043.4304,3.561,1,1,1
4616,4616,test,faulty,7.8028,526.816,502.264,502.264,24.552,3045.793,3.561,1,1,1
4617,4617,test,faulty,7.8417,535.227,516.0995,516.0995,19.1275,3047.5289,3.561,1,1,1
4618,4618,test,faulty,7.8871,545.1293,516.5692,516.5692,28.5601,3050.3546,3.561,1,1,1
4619,4619,test,faulty,7.6093,486.2937,474.5621,474.5621,11.7317,3051.236,3.561,1,1,1
4620,4620,test,faulty,7.8704,541.4726,524.8712,524.8712,16.6015,3052.68,3.561,1,1,1
4621,4621,test,faulty,7.5871,481.7725,464.3421,464.3421,17.4304,3054.2198,3.561,1,1,1
4622,4622,test,faulty,7.7779,521.4924,497.6053,497.6053,23.887,3056.5056,3.561,1,1,1
4623,4623,test,faulty,7.7504,515.6352,496.1098,496.1098,19.5254,3058.2874,3.561,1,1,1
4624,4624,test,faulty,7.4728,458.9076,439.7562,439.7562,19.1514,3060.026,3.561,1,1,1
4625,4625,test,faulty,8.1396,602.3196,579.7285,579.7285,22.5911,3062.1621,3.561,1,1,1
4626,4626,test,faulty,8.1704,609.5522,590.3468,590.3468,19.2054,3063.907,3.561,1,1,1
4627,4627,test,faulty,7.7331,511.9787,503.668,503.668,8.3107,3064.3931,3.561,1,1,1
4628,4628,test,faulty,7.6156,487.5853,477.2778,477.2778,10.3075,3065.1099,3.561,1,1,1
4629,4629,test,faulty,7.0723,384.176,371.3547,371.3547,12.8212,3066.1171,3.561,1,1,1
4630,4630,test,faulty,7.2678,419.6252,403.3856,403.3856,16.2396,3067.5194,3.561,1,1,1
4631,4631,test,faulty,7.2457,415.5174,410.2109,410.2109,5.3064,3067.6583,3.561,1,1,1
4632,4632,test,faulty,6.9149,357.0168,344.2985,344.2985,12.7183,3068.6537,3.561,1,1,1
4633,4633,test,faulty,6.5377,296.8066,295.9154,295.9154,0.8912,3068.2825,3.561,1,1,1
4634,4634,test,faulty,6.8301,342.8877,330.2179,330.2179,12.6698,3069.2723,3.561,1,1,1
4635,4635,test,faulty,7.2655,419.1925,393.152,393.152,26.0405,3071.8069,3.561,1,1,1
4636,4636,test,faulty,7.667,498.1648,477.8875,477.8875,20.2773,3073.6756,3.561,1,1,1
4637,4637,test,faulty,8.6152,720.0859,693.3462,693.3462,26.7397,3076.291,3.561,1,1,1
4638,4638,test,faulty,9.0603,842.7394,807.3838,807.3838,35.3555,3079.9019,3.561,1,1,1
4639,4639,test,faulty,9.0372,836.0628,790.516,790.516,45.5469,3084.6903,3.561,1,1,1
4640,4640,test,faulty,8.8963,796.0958,763.7925,763.7925,32.3033,3087.9485,3.561,1,1,1
4641,4641,test,faulty,8.6334,724.8566,698.6041,698.6041,26.2525,3090.5076,3.561,1,1,1
4642,4642,test,faulty,8.8474,782.5283,767.123,767.123,15.4053,3091.8134,3.561,1,1,1
4643,4643,test,faulty,8.439,674.9053,651.1902,651.1902,23.7151,3094.0793,3.561,1,1,1
4644,4644,test,faulty,8.0539,582.5076,556.5134,556.5134,25.9941,3096.6086,3.561,1,1,1
4645,4645,test,faulty,7.9225,552.9192,522.973,522.973,29.9462,3099.5944,3.561,1,1,1
4646,4646,test,faulty,7.7097,507.0569,480.8275,480.8275,26.2294,3102.1509,3.561,1,1,1
4647,4647,test,faulty,7.9364,556.0197,526.2494,526.2494,29.7704,3105.1164,3.561,1,1,1
4648,4648,test,faulty,7.7894,523.9471,508.8645,508.8645,15.0825,3106.3849,3.561,1,1,1
4649,4649,test,faulty,7.6535,495.3679,470.8717,470.8717,24.4962,3108.7411,3.561,1,1,1
4650,4650,test,faulty,7.8038,527.0408,509.7701,509.7701,17.2706,3110.2625,3.561,1,1,1
4651,4651,test,faulty,7.4879,461.8799,447.6728,447.6728,14.207,3111.4298,3.561,1,1,1
4652,4652,test,faulty,8.1005,593.2346,569.0019,569.0019,24.2327,3113.7556,3.561,1,1,1
4653,4653,test,faulty,7.625,489.4948,468.5131,468.5131,20.9817,3115.7057,3.561,1,1,1
4654,4654,test,faulty,7.5798,480.2908,452.0921,452.0921,28.1987,3118.4896,3.561,1,1,1
4655,4655,test,faulty,7.9834,566.5194,536.7682,536.7682,29.7512,3121.453,3.561,1,1,1
4656,4656,test,faulty,8.0687,585.8918,558.8311,558.8311,27.0607,3124.1055,3.561,1,1,1
4657,4657,test,faulty,8.0076,571.9648,558.7425,558.7425,13.2223,3125.1591,3.561,1,1,1
4658,4658,test,faulty,8.3106,643.1309,616.5249,616.5249,26.606,3127.759,3.561,1,1,1
4659,4659,test,faulty,8.7895,766.6626,734.7633,734.7633,31.8992,3130.9705,3.561,1,1,1
4660,4660,test,faulty,8.3986,664.7841,637.353,637.353,27.4311,3133.6658,3.561,1,1,1
4661,4661,test,faulty,8.7304,750.6581,724.5176,724.5176,26.1405,3136.212,3.561,1,1,1
4662,4662,test,faulty,8.3785,659.7975,626.5325,626.5325,33.265,3139.5813,3.561,1,1,1
4663,4663,test,faulty,8.3286,647.5119,629.5535,629.5535,17.9584,3141.1821,3.561,1,1,1
4664,4664,test,faulty,7.8934,546.5147,525.0455,525.0455,21.4692,3143.1885,3.561,1,1,1
4665,4665,test,faulty,7.393,443.3475,441.3833,441.3833,1.9642,3142.9413,3.561,1,1,1
4666,4666,test,faulty,6.8853,352.0463,338.3996,338.3996,13.6467,3144.044,3.561,1,1,1
4667,4667,test,faulty,6.7262,326.0558,317.3854,317.3854,8.6704,3144.5716,3.561,1,1,1
4668,4668,test,faulty,6.9177,357.485,353.134,353.134,4.351,3144.6002,3.561,1,1,1
4669,4669,test,faulty,6.614,308.4348,292.6252,292.6252,15.8096,3145.9527,3.561,1,1,1
4670,4670,test,faulty,6.875,350.3304,347.9506,347.9506,2.3798,3145.7536,3.561,1,1,1
4671,4671,test,faulty,7.4944,463.1793,435.1236,435.1236,28.0557,3148.521,3.561,1,1,1
4672,4672,test,faulty,6.995,370.6847,347.9711,347.9711,22.7137,3150.6713,3.561,1,1,1
4673,4673,test,faulty,7.367,438.3549,428.4262,428.4262,9.9287,3151.3443,3.561,1,1,1
4674,4674,test,faulty,7.0835,386.1435,381.1723,381.1723,4.9712,3151.4445,3.561,1,1,1
4675,4675,test,faulty,6.7352,327.4931,308.4229,308.4229,19.0702,3153.1738,3.561,1,1,1
4676,4676,test,faulty,6.5177,293.7989,284.8441,284.8441,8.9548,3153.7343,3.561,1,1,1
4677,4677,test,faulty,6.2463,254.7953,247.2289,247.2289,7.5664,3154.1344,3.561,1,1,1
4678,4678,test,faulty,6.5236,294.6883,277.039,277.039,17.6493,3155.6995,3.561,1,1,1
4679,4679,test,faulty,6.6092,307.7073,290.5219,290.5219,17.1854,3157.211,3.561,1,1,1
4680,4680,test,faulty,6.7066,322.9302,306.4786,306.4786,16.4516,3158.6377,3.561,1,1,1
4681,4681,test,faulty,6.6556,314.8994,300.0703,300.0703,14.829,3159.8769,3.561,1,1,1
4682,4682,test,faulty,7.1691,401.4895,387.5994,387.5994,13.8901,3161.0077,3.561,1,1,1
4683,4683,test,faulty,7.1014,389.3329,375.7471,375.7471,13.5858,3162.1033,3.561,1,1,1
4684,4684,test,faulty,6.8888,352.6384,321.9617,321.9617,30.6767,3165.1735,3.561,1,1,1
4685,4685,test,faulty,7.7321,511.7825,480.8921,480.8921,30.8904,3168.2685,3.561,1,1,1
4686,4686,test,faulty,7.7128,507.7268,485.7658,485.7658,21.961,3170.3317,3.561,1,1,1
4687,4687,test,faulty,7.8959,547.057,509.4434,509.4434,37.6136,3174.2035,3.561,1,1,1
4688,4688,test,faulty,7.7087,506.8513,474.8065,474.8065,32.0449,3177.4319,3.561,1,1,1
4689,4689,test,faulty,8.1556,606.0705,581.3155,581.3155,24.755,3179.818,3.561,1,1,1
4690,4690,test,faulty,7.8924,546.2829,520.7613,520.7613,25.5216,3182.2926,3.561,1,1,1
4691,4691,test,faulty,7.8683,541.0075,518.5988,518.5988,22.4087,3184.4076,3.561,1,1,1
4692,4692,test,faulty,7.3164,428.7375,413.1048,413.1048,15.6327,3185.7397,3.561,1,1,1
4693,4693,test,faulty,7.3904,442.8475,436.6246,436.6246,6.2229,3185.9846,3.561,1,1,1
4694,4694,test,faulty,7.7644,518.6173,511.2242,511.2242,7.3932,3186.3647,3.561,1,1,1
4695,4695,test,faulty,7.6138,487.2096,463.0452,463.0452,24.1644,3188.6825,3.561,1,1,1
4696,4696,test,faulty,7.171,401.8231,384.3353,384.3353,17.4878,3190.2289,3.561,1,1,1
4697,4697,test,faulty,6.9027,354.9579,351.1933,351.1933,3.7646,3190.1898,3.561,1,1,1
4698,4698,test,faulty,7.1705,401.7329,391.0583,391.0583,10.6746,3190.949,3.561,1,1,1
4699,4699,test,faulty,7.2146,409.7817,397.0632,397.0632,12.7186,3191.9444,3.561,1,1,1
4700,4700,test,faulty,7.3207,429.5557,427.5278,427.5278,2.0279,3191.7046,3.561,1,1,1
4701,4701,test,faulty,8.0375,578.7629,561.1683,561.1683,17.5946,3193.2633,3.561,1,1,1
4702,4702,test,faulty,8.1385,602.0669,581.4586,581.4586,20.6084,3195.1703,3.561,1,1,1
4703,4703,test,faulty,7.7731,520.4626,504.8566,504.8566,15.6059,3196.4993,3.561,1,1,1
4704,4704,test,faulty,7.6355,491.6644,478.5533,478.5533,13.1111,3197.54,3.561,1,1,1
4705,4705,test,faulty,7.3062,426.8145,407.0477,407.0477,19.7668,3199.3498,3.561,1,1,1
4706,4706,test,faulty,8.297,639.8203,617.9142,617.9142,21.9061,3201.4067,3.561,1,1,1
4707,4707,test,faulty,8.2494,628.3244,610.3606,610.3606,17.9638,3203.0081,3.561,1,1,1
4708,4708,test,faulty,7.951,559.2619,531.5665,531.5665,27.6955,3205.7339,3.561,1,1,1
4709,4709,test,faulty,8.385,661.4153,635.1285,635.1285,26.2868,3208.297,3.561,1,1,1
4710,4710,test,faulty,8.0243,575.7591,551.7192,551.7192,24.04,3210.6005,3.561,1,1,1
4711,4711,test,faulty,7.5644,477.1778,452.7185,452.7185,24.4594,3212.9524,3.561,1,1,1
4712,4712,test,faulty,7.5666,477.6241,465.2749,465.2749,12.3492,3213.9051,3.561,1,1,1
4713,4713,test,faulty,7.7203,509.2902,490.8117,490.8117,18.4785,3215.566,3.561,1,1,1
4714,4714,test,faulty,7.9118,550.5711,524.0526,524.0526,26.5185,3218.1558,3.561,1,1,1
4715,4715,test,faulty,7.7435,514.1794,509.0187,509.0187,5.1607,3218.278,3.561,1,1,1
4716,4716,test,faulty,7.8143,529.288,492.9741,492.9741,36.3139,3221.9996,3.561,1,1,1
4717,4717,test,faulty,7.7605,517.7931,505.6939,505.6939,12.0992,3222.9234,3.561,1,1,1
4718,4718,test,faulty,7.3897,442.7188,416.3856,416.3856,26.3332,3225.4918,3.561,1,1,1
4719,4719,test,faulty,7.8737,542.1921,525.0683,525.0683,17.1238,3226.9962,3.561,1,1,1
4720,4720,test,faulty,7.8624,539.7285,520.5472,520.5472,19.1813,3228.7383,3.561,1,1,1
4721,4721,test,faulty,7.8041,527.1054,496.9571,496.9571,30.1483,3231.7475,3.561,1,1,1
4722,4722,test,faulty,7.7531,516.2228,492.3698,492.3698,23.853,3234.0294,3.561,1,1,1
4723,4723,test,faulty,7.7969,525.5599,519.708,519.708,5.8519,3234.2314,3.561,1,1,1
4724,4724,test,faulty,7.979,565.5318,549.6303,549.6303,15.9014,3235.5945,3.561,1,1,1
4725,4725,test,faulty,8.1945,615.2313,579.7228,579.7228,35.5084,3239.2231,3.561,1,1,1
4726,4726,test,faulty,7.8036,527.0037,513.3818,513.3818,13.6218,3240.3228,3.561,1,1,1
4727,4727,test,faulty,7.6366,491.8763,469.4119,469.4119,22.4644,3242.4442,3.561,1,1,1
4728,4728,test,faulty,7.2756,421.0843,404.206,404.206,16.8783,3243.9202,3.561,1,1,1
4729,4729,test,faulty,7.054,380.9477,362.4909,362.4909,18.4568,3245.5786,3.561,1,1,1
4730,4730,test,faulty,7.1052,389.9968,384.0187,384.0187,5.978,3245.7952,3.561,1,1,1
4731,4731,test,faulty,6.8585,347.58,338.5513,338.5513,9.0286,3246.3642,3.561,1,1,1
4732,4732,test,faulty,6.3881,274.7669,263.039,263.039,11.7278,3247.2452,3.561,1,1,1
4733,4733,test,faulty,6.0182,224.5385,212.1993,212.1993,12.3392,3248.1967,3.561,1,1,1
4734,4734,test,faulty,6.9414,361.4979,341.8007,341.8007,19.6972,3249.9984,3.561,1,1,1
4735,4735,test,faulty,6.7794,334.6092,320.0376,320.0376,14.5717,3251.2079,3.561,1,1,1
4736,4736,test,faulty,6.9017,354.7874,346.4118,346.4118,8.3756,3251.7015,3.561,1,1,1
4737,4737,test,faulty,7.1353,395.3843,386.7702,386.7702,8.614,3252.2226,3.561,1,1,1
4738,4738,test,faulty,7.0548,381.0946,352.2353,352.2353,28.8592,3255.0829,3.561,1,1,1
4739,4739,test,faulty,7.2563,417.4895,390.9346,390.9346,26.5549,3257.677,3.561,1,1,1
4740,4740,test,faulty,7.0779,385.1637,376.6967,376.6967,8.467,3258.1811,3.561,1,1,1
4741,4741,test,faulty,7.007,372.7634,367.0922,367.0922,5.6712,3258.3623,3.561,1,1,1
4742,4742,test,faulty,6.8742,350.199,334.198,334.198,16.001,3259.7369,3.561,1,1,1
4743,4743,test,faulty,6.9216,358.1529,357.7764,357.7764,0.3765,3259.3063,3.561,1,1,1
4744,4744,test,faulty,6.8138,340.2161,317.6649,317.6649,22.5511,3261.4377,3.561,1,1,1
4745,4745,test,faulty,6.9114,356.4241,343.1248,343.1248,13.2993,3262.5002,3.561,1,1,1
4746,4746,test,faulty,7.3435,433.88,436.2727,436.2727,-2.3928,3261.7496,3.561,1,1,1
4747,4747,test,faulty,6.9642,365.3928,365.5243,365.5243,-0.1315,3261.2603,3.561,1,1,1
4748,4748,test,faulty,6.5546,299.3599,277.435,277.435,21.9249,3263.3194,3.561,1,1,1
4749,4749,test,faulty,6.6732,317.6649,306.1222,306.1222,11.5427,3264.1789,3.561,1,1,1
4750,4750,test,faulty,6.7756,333.9887,316.5139,316.5139,17.4748,3265.7238,3.561,1,1,1
4751,4751,test,faulty,6.6299,310.9004,306.2725,306.2725,4.6278,3265.7844,3.561,1,1,1
4752,4752,test,faulty,6.3919,275.3117,266.9785,266.9785,8.3333,3266.2731,3.561,1,1,1
4753,4753,test,faulty,6.128,238.8224,237.053,237.053,1.7695,3266.0035,3.561,1,1,1
4754,4754,test,faulty,5.7232,188.6643,178.6568,178.6568,10.0076,3266.6856,3.561,1,1,1
4755,4755,test,faulty,5.8162,199.5956,197.3635,197.3635,2.2321,3266.4694,3.561,1,1,1
4756,4756,test,faulty,5.804,198.138,189.4693,189.4693,8.6687,3266.9968,3.561,1,1,1
4757,4757,test,faulty,5.5507,169.3309,160.7845,160.7845,8.5464,3267.5102,3.561,1,1,1
4758,4758,test,faulty,6.2904,260.9073,248.2567,248.2567,12.6506,3268.4977,3.561,1,1,1
4759,4759,test,faulty,6.7571,331.0,316.1853,316.1853,14.8147,3269.7353,3.561,1,1,1
4760,4760,test,faulty,7.4215,448.882,421.9206,421.9206,26.9614,3272.3763,3.561,1,1,1
4761,4761,test,faulty,8.2398,626.0373,597.5959,597.5959,28.4414,3275.1883,3.561,1,1,1
4762,4762,test,faulty,7.7913,524.3566,511.9311,511.9311,12.4256,3276.1498,3.561,1,1,1
4763,4763,test,faulty,7.8161,529.6792,499.0263,499.0263,30.6529,3279.2174,3.561,1,1,1
4764,4764,test,faulty,7.8247,531.5418,504.9063,504.9063,26.6355,3281.8207,3.561,1,1,1
4765,4765,test,faulty,7.9674,562.9136,540.133,540.133,22.7806,3283.9787,3.561,1,1,1
4766,4766,test,faulty,8.1668,608.7009,576.659,576.659,32.0419,3287.2067,3.561,1,1,1
4767,4767,test,faulty,8.0291,576.8463,551.531,551.531,25.3152,3289.6575,3.561,1,1,1
4768,4768,test,faulty,7.9146,551.188,508.3984,508.3984,42.7897,3294.1273,3.561,1,1,1
4769,4769,test,faulty,7.7043,505.9429,487.6916,487.6916,18.2513,3295.7619,3.561,1,1,1
4770,4770,test,faulty,7.6416,492.9216,463.4965,463.4965,29.4251,3298.6876,3.561,1,1,1
4771,4771,test,faulty,7.7695,519.696,494.973,494.973,24.723,3301.07,3.561,1,1,1
4772,4772,test,faulty,8.1799,611.7957,592.3448,592.3448,19.4509,3302.8432,3.561,1,1,1
4773,4773,test,faulty,8.5409,700.8063,673.2311,673.2311,27.5752,3305.5551,3.561,1,1,1
4774,4774,test,faulty,7.9421,557.2773,537.9095,537.9095,19.3678,3307.3188,3.561,1,1,1
4775,4775,test,faulty,8.276,634.7346,611.8141,611.8141,22.9205,3309.4929,3.561,1,1,1
4776,4776,test,faulty,8.1321,600.5634,567.5506,567.5506,33.0128,3312.8331,3.561,1,1,1
4777,4777,test,faulty,9.2058,885.5508,842.4553,842.4553,43.0955,3317.3382,3.561,1,1,1
4778,4778,test,faulty,8.5791,710.6647,676.2488,676.2488,34.4159,3320.8405,3.561,1,1,1
4779,4779,test,faulty,8.6703,734.6169,702.187,702.187,32.4299,3324.1134,3.561,1,1,1
4780,4780,test,faulty,8.7664,760.3701,738.2551,738.2551,22.115,3326.1944,3.561,1,1,1
4781,4781,test,faulty,8.3533,653.5786,637.0447,637.0447,16.5339,3327.6306,3.561,1,1,1
4782,4782,test,faulty,8.0223,575.3003,550.5105,550.5105,24.7898,3330.0207,3.561,1,1,1
4783,4783,test,faulty,7.664,497.5376,477.0948,477.0948,20.4428,3331.9086,3.561,1,1,1
4784,4784,test,faulty,7.4138,447.3756,421.1448,421.1448,26.2308,3334.4652,3.561,1,1,1
4785,4785,test,faulty,7.238,414.1011,398.8967,398.8967,15.2044,3335.7478,3.561,1,1,1
4786,4786,test,faulty,6.9495,362.874,346.5337,346.5337,16.3403,3337.1616,3.561,1,1,1
4787,4787,test,faulty,6.936,360.5866,356.8894,356.8894,3.6972,3337.1147,3.561,1,1,1
4788,4788,test,faulty,7.314,428.2961,410.3604,410.3604,17.9357,3338.7129,3.561,1,1,1
4789,4789,test,faulty,7.1667,401.0432,370.1342,370.1342,30.9089,3341.81,3.561,1,1,1
4790,4790,test,faulty,7.4262,449.7945,436.803,436.803,12.9915,3342.8369,3.561,1,1,1
4791,4791,test,faulty,7.0665,383.1503,356.3469,356.3469,26.8034,3345.4596,3.561,1,1,1
4792,4792,test,faulty,7.108,390.5059,375.6787,375.6787,14.8272,3346.6987,3.561,1,1,1
4793,4793,test,faulty,7.6357,491.6941,456.1912,456.1912,35.5029,3350.3266,3.561,1,1,1
4794,4794,test,faulty,7.9497,558.9798,542.4874,542.4874,16.4925,3351.758,3.561,1,1,1
4795,4795,test,faulty,7.9214,552.6919,529.3951,529.3951,23.2968,3353.9756,3.561,1,1,1
4796,4796,test,faulty,8.6483,728.7771,689.2433,689.2433,39.5339,3358.0692,3.561,1,1,1
4797,4797,test,faulty,8.5773,710.2098,665.0161,665.0161,45.1936,3362.8168,3.561,1,1,1
4798,4798,test,faulty,8.5645,706.8997,673.5265,673.5265,33.3732,3366.1986,3.561,1,1,1
4799,4799,test,faulty,8.5638,706.7196,668.1284,668.1284,38.5912,3370.1833,3.561,1,1,1
4800,4800,test,faulty,9.0649,844.0678,820.6349,820.6349,23.4329,3372.4167,3.561,1,1,1
4801,4801,test,faulty,8.7184,747.4401,721.7876,721.7876,25.6525,3374.9064,3.561,1,1,1
4802,4802,test,faulty,8.4841,686.289,655.2207,655.2207,31.0683,3378.022,3.561,1,1,1
4803,4803,test,faulty,8.4211,670.4159,650.7637,650.7637,19.6523,3379.8185,3.561,1,1,1
4804,4804,test,faulty,7.9014,548.2657,516.1774,516.1774,32.0883,3383.0518,3.561,1,1,1
4805,4805,test,faulty,7.5101,466.2856,457.9096,457.9096,8.376,3383.5455,3.561,1,1,1
4806,4806,test,faulty,7.2798,421.8721,391.3661,391.3661,30.506,3386.596,3.561,1,1,1
4807,4807,test,faulty,7.9266,553.8295,519.054,519.054,34.7755,3390.1399,3.561,1,1,1
4808,4808,test,faulty,8.0278,576.5508,554.4564,554.4564,22.0944,3392.2186,3.561,1,1,1
4809,4809,test,faulty,7.8963,547.1357,510.1471,510.1471,36.9887,3396.0181,3.561,1,1,1
4810,4810,test,faulty,7.9587,560.9736,527.6304,527.6304,33.3432,3399.3965,3.561,1,1,1
4811,4811,test,faulty,7.8435,535.5995,510.5944,510.5944,25.0051,3401.8115,3.561,1,1,1
4812,4812,test,faulty,8.0925,591.3666,568.0432,568.0432,23.3234,3404.0321,3.561,1,1,1
4813,4813,test,faulty,7.7355,512.4919,494.3466,494.3466,18.1452,3405.6545,3.561,1,1,1
4814,4814,test,faulty,7.3699,438.9231,425.4382,425.4382,13.4849,3406.7385,3.561,1,1,1
4815,4815,test,faulty,7.8115,528.7022,504.9036,504.9036,23.7985,3409.014,3.561,1,1,1
4816,4816,test,faulty,7.8422,535.3336,500.2338,500.2338,35.0998,3412.5953,3.561,1,1,1
4817,4817,test,faulty,8.2,616.5476,607.1749,607.1749,9.3727,3413.2041,3.561,1,1,1
4818,4818,test,faulty,7.9406,556.9507,542.0557,542.0557,14.895,3414.451,3.561,1,1,1
4819,4819,test,faulty,7.4081,446.2834,427.443,427.443,18.8404,3416.1537,3.561,1,1,1
4820,4820,test,faulty,7.3344,432.1487,431.1476,431.1476,1.0011,3415.7952,3.561,1,1,1
4821,4821,test,faulty,7.3662,438.2068,415.4262,415.4262,22.7806,3417.9532,3.561,1,1,1
4822,4822,test,faulty,7.1346,395.2685,383.3153,383.3153,11.9533,3418.8602,3.561,1,1,1
4823,4823,test,faulty,7.2657,419.2256,402.9283,402.9283,16.2973,3420.269,3.561,1,1,1
4824,4824,test,faulty,6.768,332.7697,326.4677,326.4677,6.302,3420.523,3.561,1,1,1
4825,4825,test,faulty,6.5302,295.6809,275.9862,275.9862,19.6947,3422.3245,3.561,1,1,1
4826,4826,test,faulty,6.7467,329.3368,323.798,323.798,5.5389,3422.4903,3.561,1,1,1
4827,4827,test,faulty,6.8448,345.312,333.4368,333.4368,11.8752,3423.3882,3.561,1,1,1
4828,4828,test,faulty,6.6248,310.1034,306.2535,306.2535,3.8499,3423.3589,3.561,1,1,1
4829,4829,test,faulty,6.7155,324.3386,316.2163,316.2163,8.1223,3423.8233,3.561,1,1,1
4830,4830,test,faulty,7.6817,501.2277,482.8655,482.8655,18.3622,3425.4707,3.561,1,1,1
4831,4831,test,faulty,7.6154,487.5318,483.2372,483.2372,4.2947,3425.4928,3.561,1,1,1
4832,4832,test,faulty,8.3156,644.3543,627.5639,627.5639,16.7904,3426.9587,3.561,1,1,1
4833,4833,test,faulty,8.7795,763.924,719.602,719.602,44.3221,3431.6055,3.561,1,1,1
4834,4834,test,faulty,8.2075,618.3115,580.4485,580.4485,37.8631,3435.5061,3.561,1,1,1
4835,4835,test,faulty,8.3832,660.9638,634.496,634.496,26.4679,3438.0901,3.561,1,1,1
4836,4836,test,faulty,8.4432,675.9551,643.7425,643.7425,32.2126,3441.3378,3.561,1,1,1
4837,4837,test,faulty,7.9974,569.6747,548.2615,548.2615,21.4132,3443.3378,3.561,1,1,1
4838,4838,test,faulty,7.6329,491.127,479.949,479.949,11.178,3444.1552,3.561,1,1,1
4839,4839,test,faulty,7.6555,495.7801,464.967,464.967,30.8132,3447.2412,3.561,1,1,1
4840,4840,test,faulty,7.2982,425.306,410.6963,410.6963,14.6097,3448.4551,3.561,1,1,1
4841,4841,test,faulty,7.6371,491.9887,462.3909,462.3909,29.5978,3451.4007,3.561,1,1,1
4842,4842,test,faulty,8.2862,637.1945,611.0076,611.0076,26.187,3453.9523,3.561,1,1,1
4843,4843,test,faulty,8.0649,585.0131,556.3127,556.3127,28.7004,3456.7942,3.561,1,1,1
4844,4844,test,faulty,8.0662,585.3193,554.5656,554.5656,30.7537,3459.8734,3.561,1,1,1
4845,4845,test,faulty,7.8501,537.0488,511.0516,511.0516,25.9971,3462.403,3.561,1,1,1
4846,4846,test,faulty,7.9317,554.9759,516.0672,516.0672,38.9088,3466.4244,3.561,1,1,1
4847,4847,test,faulty,8.1282,599.6669,587.8682,587.8682,11.7987,3467.3135,3.561,1,1,1
4848,4848,test,faulty,8.1307,600.2543,568.3459,568.3459,31.9084,3470.5261,3.561,1,1,1
4849,4849,test,faulty,7.5869,481.7304,463.8133,463.8133,17.9172,3472.1221,3.561,1,1,1
4850,4850,test,faulty,8.234,624.6428,610.2156,610.2156,14.4272,3473.3149,3.561,1,1,1
4851,4851,test,faulty,7.9374,556.2201,537.8135,537.8135,18.4066,3474.9675,3.561,1,1,1
4852,4852,test,faulty,8.015,573.6473,535.307,535.307,38.3402,3478.9232,3.561,1,1,1
4853,4853,test,faulty,7.9618,561.6806,542.9667,542.9667,18.7139,3480.6113,3.561,1,1,1
4854,4854,test,faulty,7.9644,562.2621,539.6135,539.6135,22.6486,3482.754,3.561,1,1,1
4855,4855,test,faulty,7.4963,463.5538,439.9263,439.9263,23.6275,3485.0098,3.561,1,1,1
4856,4856,test,faulty,7.3057,426.7185,410.6492,410.6492,16.0693,3486.3924,3.561,1,1,1
4857,4857,test,faulty,7.4378,452.0453,429.8037,429.8037,22.2416,3488.488,3.561,1,1,1
4858,4858,test,faulty,8.1203,597.8141,570.8436,570.8436,26.9705,3491.1301,3.561,1,1,1
4859,4859,test,faulty,8.363,655.9778,639.4238,639.4238,16.5541,3492.5686,3.561,1,1,1
4860,4860,test,faulty,7.9607,561.4258,546.2837,546.2837,15.1421,3493.844,3.561,1,1,1
4861,4861,test,faulty,7.7868,523.4043,502.8528,502.8528,20.5516,3495.7445,3.561,1,1,1
4862,4862,test,faulty,7.6289,490.2984,475.4078,475.4078,14.8906,3496.9908,3.561,1,1,1
4863,4863,test,faulty,7.2397,414.405,395.0224,395.0224,19.3826,3498.7561,3.561,1,1,1
4864,4864,test,faulty,6.9215,358.1278,356.7942,356.7942,1.3336,3498.4361,3.561,1,1,1
4865,4865,test,faulty,7.4985,463.993,445.5543,445.5543,18.4387,3500.0924,3.561,1,1,1
4866,4866,test,faulty,7.3257,430.4944,412.8398,412.8398,17.6546,3501.6581,3.561,1,1,1
4867,4867,test,faulty,7.7296,511.2485,484.2754,484.2754,26.9731,3504.3004,3.561,1,1,1
4868,4868,test,faulty,8.4284,672.2262,648.4343,648.4343,23.7919,3506.5752,3.561,1,1,1
4869,4869,test,faulty,8.9529,812.0224,783.5652,783.5652,28.4573,3509.3891,3.561,1,1,1
4870,4870,test,faulty,9.3369,925.3091,877.2145,877.2145,48.0946,3514.4718,3.561,1,1,1
4871,4871,test,faulty,9.0086,827.8505,788.4726,788.4726,39.3778,3518.5474,3.561,1,1,1
4872,4872,test,faulty,9.7941,1072.9038,1027.5147,1027.5147,45.3891,3523.3176,3.561,1,1,1
4873,4873,test,faulty,9.6052,1010.2078,968.2003,968.2003,42.0075,3527.697,3.561,1,1,1
4874,4874,test,faulty,9.1546,870.3305,842.26,842.26,28.0705,3530.4662,3.561,1,1,1
4875,4875,test,faulty,9.2248,891.2562,856.8631,856.8631,34.3932,3533.9659,3.561,1,1,1
4876,4876,test,faulty,8.7674,760.639,728.3075,728.3075,32.3315,3537.2273,3.561,1,1,1
4877,4877,test,faulty,8.5703,708.3982,676.5909,676.5909,31.8073,3540.4282,3.561,1,1,1
4878,4878,test,faulty,8.4424,675.7457,638.1029,638.1029,37.6429,3544.3034,3.561,1,1,1
4879,4879,test,faulty,8.6412,726.9168,699.7944,699.7944,27.1224,3546.963,3.561,1,1,1
4880,4880,test,faulty,9.3348,924.642,879.2531,879.2531,45.3889,3551.7331,3.561,1,1,1
4881,4881,test,faulty,8.9344,806.7998,770.5439,770.5439,36.2559,3555.448,3.561,1,1,1
4882,4882,test,faulty,8.3986,664.8061,631.6734,631.6734,33.1327,3558.8021,3.561,1,1,1
4883,4883,test,faulty,8.4697,682.6342,648.9785,648.9785,33.6557,3562.2165,3.561,1,1,1
4884,4884,test,faulty,8.2462,627.5651,601.9174,601.9174,25.6477,3564.7058,3.561,1,1,1
4885,4885,test,faulty,8.2503,628.5467,603.3558,603.3558,25.1909,3567.1422,3.561,1,1,1
4886,4886,test,faulty,8.7165,746.9336,713.7886,713.7886,33.145,3570.4977,3.561,1,1,1
4887,4887,test,faulty,8.1644,608.1294,587.486,587.486,20.6434,3572.4087,3.561,1,1,1
4888,4888,test,faulty,7.9994,570.1184,524.64,524.64,45.4784,3577.1892,3.561,1,1,1
4889,4889,test,faulty,7.8271,532.067,512.1042,512.1042,19.9628,3579.0215,3.561,1,1,1
4890,4890,test,faulty,7.9513,559.3349,533.1597,533.1597,26.1752,3581.5717,3.561,1,1,1
4891,4891,test,faulty,7.8337,533.4797,503.4138,503.4138,30.0659,3584.5714,3.561,1,1,1
4892,4892,test,faulty,7.9864,567.1879,532.8637,532.8637,34.3242,3588.0631,3.561,1,1,1
4893,4893,test,faulty,7.793,524.711,498.2868,498.2868,26.4242,3590.6421,3.561,1,1,1
4894,4894,test,faulty,7.8922,546.2523,536.3457,536.3457,9.9066,3591.3126,3.561,1,1,1
4895,4895,test,faulty,7.908,549.7112,512.0807,512.0807,37.6305,3595.1863,3.561,1,1,1
4896,4896,test,faulty,7.5427,472.8155,454.0059,454.0059,18.8096,3596.8854,3.561,1,1,1
4897,4897,test,faulty,7.9492,558.8611,535.556,535.556,23.3051,3599.104,3.561,1,1,1
4898,4898,test,faulty,8.2599,630.8439,614.3485,614.3485,16.4953,3600.5357,3.561,1,1,1
4899,4899,test,faulty,7.9829,566.3905,535.0035,535.0035,31.387,3603.6881,3.561,1,1,1
4900,4900,test,faulty,7.4105,446.7315,428.058,428.058,18.6735,3605.3715,3.561,1,1,1
4901,4901,test,faulty,7.5271,469.6859,455.6331,455.6331,14.0527,3606.521,3.561,1,1,1
4902,4902,test,faulty,7.4384,452.1559,418.4094,418.4094,33.7465,3609.946,3.561,1,1,1
4903,4903,test,faulty,7.8993,547.799,523.7625,523.7625,24.0365,3612.2491,3.561,1,1,1
4904,4904,test,faulty,7.6895,502.8413,471.7427,471.7427,31.0986,3615.3681,3.561,1,1,1
4905,4905,test,faulty,8.6732,735.3701,713.7235,713.7235,21.6466,3617.395,3.561,1,1,1
4906,4906,test,faulty,8.3032,641.3248,609.9877,609.9877,31.3371,3620.5416,3.561,1,1,1
4907,4907,test,faulty,8.2823,636.2487,604.1705,604.1705,32.0782,3623.7738,3.561,1,1,1
4908,4908,test,faulty,8.5728,709.0513,670.1812,670.1812,38.8701,3627.7908,3.561,1,1,1
4909,4909,test,faulty,8.7113,745.5259,716.491,716.491,29.0349,3630.6713,3.561,1,1,1
4910,4910,test,faulty,8.5136,693.797,660.0054,660.0054,33.7916,3634.1015,3.561,1,1,1
4911,4911,test,faulty,8.2361,625.1462,596.3191,596.3191,28.8271,3636.9581,3.561,1,1,1
4912,4912,test,faulty,8.1456,603.7128,576.2182,576.2182,27.4946,3639.6607,3.561,1,1,1
4913,4913,test,faulty,8.2899,638.1084,611.6055,611.6055,26.503,3642.2487,3.561,1,1,1
4914,4914,test,faulty,7.7806,522.0665,505.5429,505.5429,16.5236,3643.6838,3.561,1,1,1
4915,4915,test,faulty,7.8403,534.9085,512.358,512.358,22.5505,3645.8151,3.561,1,1,1
4916,4916,test,faulty,7.4447,453.3952,420.6313,420.6313,32.7639,3649.1266,3.561,1,1,1
4917,4917,test,faulty,7.8641,540.0822,515.4347,515.4347,24.6475,3651.5002,3.561,1,1,1
4918,4918,test,faulty,8.2907,638.2905,615.1154,615.1154,23.1751,3653.7038,3.561,1,1,1
4919,4919,test,faulty,7.9159,551.4588,532.1689,532.1689,19.29,3655.4584,3.561,1,1,1
4920,4920,test,faulty,8.941,808.646,760.7316,760.7316,47.9144,3660.5203,3.561,1,1,1
4921,4921,test,faulty,8.6735,735.4577,712.4159,712.4159,23.0418,3662.7085,3.561,1,1,1
4922,4922,test,faulty,8.8965,796.1754,755.1734,755.1734,41.002,3666.9717,3.561,1,1,1
4923,4923,test,faulty,8.6706,734.6817,689.2868,689.2868,45.3949,3671.7425,3.561,1,1,1
4924,4924,test,faulty,8.7226,748.5709,709.7298,709.7298,38.841,3675.7561,3.561,1,1,1
4925,4925,test,faulty,8.3871,661.939,634.1469,634.1469,27.792,3678.4931,3.561,1,1,1
4926,4926,test,faulty,8.0555,582.8613,560.9798,560.9798,21.8815,3680.5472,3.561,1,1,1
4927,4927,test,faulty,7.9019,548.3862,529.7815,529.7815,18.6047,3682.2227,3.561,1,1,1
4928,4928,test,faulty,7.8567,538.4786,529.6978,529.6978,8.7808,3682.7631,3.561,1,1,1
4929,4929,test,faulty,7.58,480.3331,466.1059,466.1059,14.2271,3683.9328,3.561,1,1,1
4930,4930,test,faulty,7.5791,480.1393,455.328,455.328,24.8113,3686.3253,3.561,1,1,1
4931,4931,test,faulty,7.7882,523.7042,500.4494,500.4494,23.2548,3688.5381,3.561,1,1,1
4932,4932,test,faulty,7.7506,515.6832,494.5276,494.5276,21.1557,3690.5083,3.561,1,1,1
4933,4933,test,faulty,8.2065,618.0821,598.5392,598.5392,19.5429,3692.2922,3.561,1,1,1
4934,4934,test,faulty,8.2131,619.6499,590.8306,590.8306,28.8194,3695.1479,3.561,1,1,1
4935,4935,test,faulty,7.9864,567.1954,544.1893,544.1893,23.0061,3697.3319,3.561,1,1,1
4936,4936,test,faulty,7.5584,475.9574,462.9574,462.9574,13.0,3698.3598,3.561,1,1,1
4937,4937,test,faulty,7.6495,494.5492,470.9485,470.9485,23.6006,3700.6125,3.561,1,1,1
4938,4938,test,faulty,7.315,428.4712,420.3598,420.3598,8.1114,3701.0756,3.561,1,1,1
4939,4939,test,faulty,7.3306,431.4331,408.9605,408.9605,22.4726,3703.1979,3.561,1,1,1
4940,4940,test,faulty,7.4829,460.8947,444.5571,444.5571,16.3376,3704.6115,3.561,1,1,1
4941,4941,test,faulty,7.7147,508.1222,471.1059,471.1059,37.0163,3708.4142,3.561,1,1,1
4942,4942,test,faulty,7.6293,490.3799,460.4554,460.4554,29.9245,3711.3976,3.561,1,1,1
4943,4943,test,faulty,7.8116,528.7248,506.7315,506.7315,21.9933,3713.4646,3.561,1,1,1
4944,4944,test,faulty,7.7394,513.3129,492.4028,492.4028,20.9101,3715.4064,3.561,1,1,1
4945,4945,test,faulty,7.4648,457.3317,440.8783,440.8783,16.4534,3716.8333,3.561,1,1,1
4946,4946,test,faulty,7.0105,373.369,351.9664,351.9664,21.4026,3718.8321,3.561,1,1,1
4947,4947,test,faulty,6.7141,324.1157,305.7043,305.7043,18.4115,3720.4852,3.561,1,1,1
4948,4948,test,faulty,7.1367,395.6465,375.1797,375.1797,20.4668,3722.3758,3.561,1,1,1
4949,4949,test,faulty,6.7929,336.8031,328.1391,328.1391,8.664,3722.9027,3.561,1,1,1
4950,4950,test,faulty,6.9245,358.6398,352.8734,352.8734,5.7664,3723.0949,3.561,1,1,1
4951,4951,test,faulty,7.2528,416.8342,384.806,384.806,32.0282,3726.3213,3.561,1,1,1
4952,4952,test,faulty,7.3188,429.1978,404.2438,404.2438,24.954,3728.7304,3.561,1,1,1
4953,4953,test,faulty,7.843,535.4956,518.9677,518.9677,16.528,3730.1659,3.561,1,1,1
4954,4954,test,faulty,7.5249,469.2421,449.7531,449.7531,19.4889,3731.9435,3.561,1,1,1
4955,4955,test,faulty,7.3285,431.0248,424.1021,424.1021,6.9227,3732.2693,3.561,1,1,1
4956,4956,test,faulty,6.9847,368.9116,350.8078,350.8078,18.1038,3733.8869,3.561,1,1,1
4957,4957,test,faulty,7.0566,381.3995,363.0033,363.0033,18.3961,3735.5382,3.561,1,1,1
4958,4958,test,faulty,6.976,367.4103,356.9766,356.9766,10.4337,3736.2696,3.561,1,1,1
4959,4959,test,faulty,7.0693,383.6406,361.4929,361.4929,22.1477,3738.3545,3.561,1,1,1
4960,4960,test,faulty,6.8047,338.7266,326.1825,326.1825,12.544,3739.3297,3.561,1,1,1
4961,4961,test,faulty,6.9061,355.5274,345.3551,345.3551,10.1722,3740.0309,3.561,1,1,1
4962,4962,test,faulty,6.7449,329.0471,323.3772,323.3772,5.6698,3740.2118,3.561,1,1,1
4963,4963,test,faulty,6.5226,294.5302,274.6252,274.6252,19.905,3742.0375,3.561,1,1,1
4964,4964,test,faulty,6.2099,249.8178,236.3207,236.3207,13.497,3743.1229,3.561,1,1,1
4965,4965,test,faulty,6.0168,224.3584,224.4801,224.4801,-0.1217,3742.6347,3.561,1,1,1
4966,4966,test,faulty,6.3712,272.3407,262.9446,262.9446,9.3962,3743.2462,3.561,1,1,1
4967,4967,test,faulty,6.9483,362.6819,338.1549,338.1549,24.527,3745.6059,3.561,1,1,1
4968,4968,test,faulty,7.1458,397.2692,377.5306,377.5306,19.7385,3747.4124,3.561,1,1,1
4969,4969,test,faulty,6.8823,351.5362,331.3397,331.3397,20.1965,3749.2718,3.561,1,1,1
4970,4970,test,faulty,7.0105,373.3575,373.1728,373.1728,0.1846,3748.819,3.561,1,1,1
4971,4971,test,faulty,6.9854,369.0288,347.6026,347.6026,21.4261,3750.8205,3.561,1,1,1
4972,4972,test,faulty,7.4254,449.6384,435.5672,435.5672,14.0712,3751.9721,3.561,1,1,1
4973,4973,test,faulty,7.2681,419.6862,403.5896,403.5896,16.0967,3753.3578,3.561,1,1,1
4974,4974,test,faulty,7.5633,476.9611,460.5483,460.5483,16.4128,3754.7801,3.561,1,1,1
4975,4975,test,faulty,7.2218,411.1071,387.9059,387.9059,23.2013,3756.9866,3.561,1,1,1
4976,4976,test,faulty,7.0571,381.4973,370.8671,370.8671,10.6302,3757.7407,3.561,1,1,1
4977,4977,test,faulty,7.3815,441.1429,418.0944,418.0944,23.0486,3759.9296,3.561,1,1,1
4978,4978,test,faulty,8.0878,590.2887,576.1468,576.1468,14.1419,3761.0895,3.561,1,1,1
4979,4979,test,faulty,7.6873,502.3826,489.9947,489.9947,12.388,3762.0466,3.561,1,1,1
4980,4980,test,faulty,7.257,417.6106,389.444,389.444,28.1666,3764.8269,3.561,1,1,1
4981,4981,test,faulty,7.368,438.5483,434.2327,434.2327,4.3156,3764.8514,3.561,1,1,1
4982,4982,test,faulty,7.2881,423.4181,402.6949,402.6949,20.7233,3766.7717,3.561,1,1,1
4983,4983,test,faulty,7.7975,525.6957,489.8005,489.8005,35.8952,3770.4449,3.561,1,1,1
4984,4984,test,faulty,7.7661,518.9856,500.1922,500.1922,18.7934,3772.1422,3.561,1,1,1
4985,4985,test,faulty,8.2302,623.7279,590.773,590.773,32.9549,3775.4757,3.561,1,1,1
4986,4986,test,faulty,7.8549,538.0785,507.2385,507.2385,30.84,3778.5648,3.561,1,1,1
4987,4987,test,faulty,7.6592,496.5523,483.9334,483.9334,12.6189,3779.5487,3.561,1,1,1
4988,4988,test,faulty,7.8356,533.9018,513.1352,513.1352,20.7666,3781.4739,3.561,1,1,1
4989,4989,test,faulty,8.2704,633.3874,609.1809,609.1809,24.2066,3783.7966,3.561,1,1,1
4990,4990,test,faulty,8.5866,712.6183,687.0747,687.0747,25.5436,3786.2738,3.561,1,1,1
4991,4991,test,faulty,8.7497,755.8475,724.6446,724.6446,31.2029,3789.4049,3.561,1,1,1
4992,4992,test,faulty,8.7335,751.4863,713.1668,713.1668,38.3195,3793.3583,3.561,1,1,1
4993,4993,test,faulty,8.4171,669.4073,657.6113,657.6113,11.7959,3794.247,3.561,1,1,1
4994,4994,test,faulty,8.1346,601.1562,579.4398,579.4398,21.7164,3796.282,3.561,1,1,1
4995,4995,test,faulty,8.1876,613.6057,595.4921,595.4921,18.1136,3797.9008,3.561,1,1,1
4996,4996,test,faulty,8.021,574.9993,545.6509,545.6509,29.3484,3800.8176,3.561,1,1,1
4997,4997,test,faulty,7.7182,508.8512,495.4191,495.4191,13.4321,3801.8954,3.561,1,1,1
4998,4998,test,faulty,7.4755,459.4368,435.3273,435.3273,24.1095,3804.2069,3.561,1,1,1
4999,4999,test,faulty,6.9677,365.9959,358.5649,358.5649,7.431,3804.5913,3.561,1,1,1
5000,5000,test,faulty,6.7931,336.8284,329.6499,329.6499,7.1785,3804.9466,3.561,1,1,1
5001,5001,test,faulty,6.5345,296.3251,287.4094,287.4094,8.9157,3805.5026,3.561,1,1,1
5002,5002,test,faulty,6.1513,241.9207,228.6506,228.6506,13.2702,3806.5617,3.561,1,1,1
5003,5003,test,faulty,6.0193,224.6827,197.4736,197.4736,27.2091,3809.2314,3.561,1,1,1
5004,5004,test,faulty,5.6329,178.3999,158.3499,158.3499,20.0501,3811.0738,3.561,1,1,1
5005,5005,test,faulty,6.2343,253.1535,243.126,243.126,10.0275,3811.7583,3.561,1,1,1
5006,5006,test,faulty,6.8325,343.29,327.1518,327.1518,16.1383,3813.1488,3.561,1,1,1
5007,5007,test,faulty,7.4863,461.577,435.585,435.585,25.9921,3815.6778,3.561,1,1,1
5008,5008,test,faulty,7.0455,379.4539,363.9137,363.9137,15.5403,3816.9992,3.561,1,1,1
5009,5009,test,faulty,7.2278,412.2075,380.2481,380.2481,31.9593,3820.2177,3.561,1,1,1
5010,5010,test,faulty,7.3626,437.5292,412.0243,412.0243,25.505,3822.6904,3.561,1,1,1
5011,5011,test,faulty,7.3113,427.7709,400.3868,400.3868,27.3841,3825.3803,3.561,1,1,1
5012,5012,test,faulty,7.6483,494.3054,486.2021,486.2021,8.1033,3825.8424,3.561,1,1,1
5013,5013,test,faulty,8.5048,691.5475,644.0725,644.0725,47.475,3830.8536,3.561,1,1,1
5014,5014,test,faulty,8.3935,663.5201,638.5701,638.5701,24.9499,3833.2622,3.561,1,1,1
5015,5015,test,faulty,8.3521,653.297,608.4552,608.4552,44.8418,3837.9691,3.561,1,1,1
5016,5016,test,faulty,8.1854,613.0917,583.1863,583.1863,29.9055,3840.9502,3.561,1,1,1
5017,5017,test,faulty,8.0227,575.3845,551.9029,551.9029,23.4816,3843.1892,3.561,1,1,1
5018,5018,test,faulty,8.3963,664.2187,639.3812,639.3812,24.8375,3845.5848,3.561,1,1,1
5019,5019,test,faulty,8.8224,775.6413,728.7833,728.7833,46.858,3850.5247,3.561,1,1,1
5020,5020,test,faulty,8.4,665.1523,637.6672,637.6672,27.4851,3853.2262,3.561,1,1,1
5021,5021,test,faulty,8.1075,594.839,563.3524,563.3524,31.4865,3856.39,3.561,1,1,1
5022,5022,test,faulty,8.1052,594.3195,571.5696,571.5696,22.7498,3858.5444,3.561,1,1,1
5023,5023,test,faulty,7.8325,533.231,503.7267,503.7267,29.5043,3861.4793,3.561,1,1,1
5024,5024,test,faulty,7.7853,523.0787,495.7115,495.7115,27.3671,3864.1671,3.561,1,1,1
5025,5025,test,faulty,8.5289,697.718,663.5033,663.5033,34.2148,3867.6462,3.561,1,1,1
5026,5026,test,faulty,8.3654,656.5583,617.619,617.619,38.9393,3871.6712,3.561,1,1,1
5027,5027,test,faulty,7.7749,520.8516,498.7415,498.7415,22.1101,3873.7516,3.561,1,1,1
5028,5028,test,faulty,7.5552,475.3108,439.5545,439.5545,35.7563,3877.4088,3.561,1,1,1
5029,5029,test,faulty,7.701,505.2415,491.2183,491.2183,14.0232,3878.5549,3.561,1,1,1
5030,5030,test,faulty,8.3514,653.1251,629.7572,629.7572,23.368,3880.7808,3.561,1,1,1
5031,5031,test,faulty,7.7631,518.3482,504.5277,504.5277,13.8205,3881.9035,3.561,1,1,1
5032,5032,test,faulty,7.9518,559.4365,544.4609,544.4609,14.9757,3883.1596,3.561,1,1,1
5033,5033,test,faulty,8.2843,636.7474,595.073,595.073,41.6744,3887.5006,3.561,1,1,1
5034,5034,test,faulty,8.1487,604.4472,577.4306,577.4306,27.0166,3890.148,3.561,1,1,1
5035,5035,test,faulty,7.8846,544.5709,525.2492,525.2492,19.3216,3891.9063,3.561,1,1,1
5036,5036,test,faulty,7.6118,486.8041,474.9699,474.9699,11.8342,3892.7995,3.561,1,1,1
5037,5037,test,faulty,7.4109,446.8121,427.5842,427.5842,19.228,3894.547,3.561,1,1,1
5038,5038,test,faulty,7.042,378.8481,364.7605,364.7605,14.0876,3895.7005,3.561,1,1,1
5039,5039,test,faulty,6.8025,338.3718,324.0731,324.0731,14.2988,3896.8785,3.561,1,1,1
5040,5040,test,faulty,6.6202,309.4024,297.6489,297.6489,11.7535,3897.7624,3.561,1,1,1
5041,5041,test,faulty,6.4284,280.5987,265.8671,265.8671,14.7317,3898.9904,3.561,1,1,1
5042,5042,test,faulty,6.4058,277.3155,270.8118,270.8118,6.5037,3899.2677,3.561,1,1,1
5043,5043,test,faulty,6.1599,243.0742,228.0074,228.0074,15.0668,3900.5344,3.561,1,1,1
5044,5044,test,faulty,6.9031,355.0278,344.5354,344.5354,10.4924,3901.2726,3.561,1,1,1
5045,5045,test,faulty,7.533,470.863,451.2415,451.2415,19.6214,3903.0655,3.561,1,1,1
5046,5046,test,faulty,7.9775,565.1871,541.8706,541.8706,23.3165,3905.2854,3.561,1,1,1
5047,5047,test,faulty,8.9623,814.6577,767.35,767.35,47.3077,3910.2772,3.561,1,1,1
5048,5048,test,faulty,8.8687,788.4213,761.0899,761.0899,27.3315,3912.961,3.561,1,1,1
5049,5049,test,faulty,8.8366,779.5443,747.0382,747.0382,32.5061,3916.2426,3.561,1,1,1
5050,5050,test,faulty,9.2633,902.8568,854.2063,854.2063,48.6504,3921.3896,3.561,1,1,1
5051,5051,test,faulty,8.9872,821.7308,783.3939,783.3939,38.3369,3925.3449,3.561,1,1,1
5052,5052,test,faulty,8.7942,767.9421,735.2626,735.2626,32.6795,3928.6466,3.561,1,1,1
5053,5053,test,faulty,8.5276,697.3784,667.9819,667.9819,29.3965,3931.569,3.561,1,1,1
5054,5054,test,faulty,8.2487,628.1517,609.8262,609.8262,18.3255,3933.2122,3.561,1,1,1
5055,5055,test,faulty,8.1274,599.4836,562.8172,562.8172,36.6663,3936.9745,3.561,1,1,1
5056,5056,test,faulty,7.5588,476.0531,450.4069,450.4069,25.6462,3939.4635,3.561,1,1,1
5057,5057,test,faulty,7.1492,397.8809,366.4156,366.4156,31.4653,3942.6249,3.561,1,1,1
5058,5058,test,faulty,7.1062,390.1883,362.503,362.503,27.6853,3945.3496,3.561,1,1,1
5059,5059,test,faulty,6.8185,340.9882,318.8081,318.8081,22.1802,3947.4381,3.561,1,1,1
5060,5060,test,faulty,6.9639,365.3424,353.8867,353.8867,11.4557,3948.2876,3.561,1,1,1
5061,5061,test,faulty,7.4514,454.698,422.174,422.174,32.5239,3951.5713,3.561,1,1,1
5062,5062,test,faulty,7.9454,558.017,531.6705,531.6705,26.3465,3954.1413,3.561,1,1,1
5063,5063,test,faulty,8.17,609.4584,595.1042,595.1042,14.3542,3955.3257,3.561,1,1,1
5064,5064,test,faulty,8.148,604.2809,575.9589,575.9589,28.322,3958.1239,3.561,1,1,1
5065,5065,test,faulty,8.2488,628.1792,592.9102,592.9102,35.269,3961.7247,3.561,1,1,1
5066,5066,test,faulty,7.7928,524.6808,491.886,491.886,32.7948,3965.0397,3.561,1,1,1
5067,5067,test,faulty,7.2857,422.963,406.8161,406.8161,16.1469,3966.4312,3.561,1,1,1
5068,5068,test,faulty,7.5992,484.2346,470.6927,470.6927,13.5419,3967.5217,3.561,1,1,1
5069,5069,test,faulty,7.7884,523.7293,491.0066,491.0066,32.7228,3970.8284,3.561,1,1,1
5070,5070,test,faulty,7.7935,524.8241,502.2549,502.2549,22.5692,3972.962,3.561,1,1,1
5071,5071,test,faulty,7.3938,443.5128,416.7218,416.7218,26.791,3975.5833,3.561,1,1,1
5072,5072,test,faulty,7.0132,373.8288,371.5748,371.5748,2.254,3975.3696,3.561,1,1,1
5073,5073,test,faulty,7.471,458.5479,432.4241,432.4241,26.1238,3977.9138,3.561,1,1,1
5074,5074,test,faulty,7.4919,462.6894,432.2172,432.2172,30.4722,3980.9605,3.561,1,1,1
5075,5075,test,faulty,7.4685,458.0632,427.1884,427.1884,30.8748,3984.0536,3.561,1,1,1
5076,5076,test,faulty,7.2304,412.689,400.1035,400.1035,12.5855,3985.0336,3.561,1,1,1
5077,5077,test,faulty,7.3891,442.6143,413.4088,413.4088,29.2055,3987.9339,3.561,1,1,1
5078,5078,test,faulty,7.7885,523.7575,490.8945,490.8945,32.8629,3991.2568,3.561,1,1,1
5079,5079,test,faulty,7.7326,511.8866,492.9257,492.9257,18.9609,3992.9734,3.561,1,1,1
5080,5080,test,faulty,8.1276,599.5203,576.3803,576.3803,23.14,3995.1729,3.561,1,1,1
5081,5081,test,faulty,8.1936,615.0164,589.7089,589.7089,25.3075,3997.6228,3.561,1,1,1
5082,5082,test,faulty,7.6202,488.5108,455.1408,455.1408,33.37,4001.0043,3.561,1,1,1
5083,5083,test,faulty,7.7741,520.6901,492.2049,492.2049,28.4852,4003.8214,3.561,1,1,1
5084,5084,test,faulty,7.7123,507.6097,493.1414,493.1414,14.4683,4005.0189,3.561,1,1,1
5085,5085,test,faulty,7.3179,429.0254,407.6563,407.6563,21.3691,4007.0138,3.561,1,1,1
5086,5086,test,faulty,7.1242,393.3978,382.5204,382.5204,10.8774,4007.7964,3.561,1,1,1
5087,5087,test,faulty,7.4887,462.0551,430.5241,430.5241,31.531,4010.9654,3.561,1,1,1
5088,5088,test,faulty,7.9485,558.7026,521.7786,521.7786,36.924,4014.7575,3.561,1,1,1
5089,5089,test,faulty,8.0084,572.1614,531.3889,531.3889,40.7726,4018.9943,3.561,1,1,1
5090,5090,test,faulty,8.7564,757.6569,724.4439,724.4439,33.213,4022.3576,3.561,1,1,1
5091,5091,test,faulty,8.5565,704.8212,665.8653,665.8653,38.9559,4026.3845,3.561,1,1,1
5092,5092,test,faulty,8.5382,700.0972,673.4097,673.4097,26.6876,4028.9938,3.561,1,1,1
5093,5093,test,faulty,8.4809,685.4692,650.7377,650.7377,34.7315,4032.5326,3.561,1,1,1
5094,5094,test,faulty,9.3151,918.6086,879.2878,879.2878,39.3208,4036.6016,3.561,1,1,1
5095,5095,test,faulty,9.4285,953.7603,916.8278,916.8278,36.9325,4040.3947,3.561,1,1,1
5096,5096,test,faulty,9.3324,923.9158,865.0299,865.0299,58.8859,4046.7243,3.561,1,1,1
5097,5097,test,faulty,9.4297,954.1379,916.1026,916.1026,38.0354,4050.6448,3.561,1,1,1
5098,5098,test,faulty,9.7862,1070.2213,1016.4842,1016.4842,53.7371,4056.3794,3.561,1,1,1
5099,5099,test,faulty,9.3144,918.3994,888.2114,888.2114,30.1881,4059.3933,3.561,1,1,1
5100,5100,test,faulty,9.0855,850.0519,812.8906,812.8906,37.1613,4063.2128,3.561,1,1,1
5101,5101,test,faulty,8.7923,767.41,727.9314,727.9314,39.4786,4067.3,3.561,1,1,1
5102,5102,test,faulty,8.3946,663.7895,637.7908,637.7908,25.9986,4069.8298,3.561,1,1,1
5103,5103,test,faulty,7.9685,563.1695,530.6899,530.6899,32.4796,4073.1084,3.561,1,1,1
5104,5104,test,faulty,8.623,722.1277,687.0115,687.0115,35.1162,4076.6916,3.561,1,1,1
5105,5105,test,faulty,8.3917,663.091,636.6802,636.6802,26.4109,4079.269,3.561,1,1,1
5106,5106,test,faulty,7.9245,553.3642,527.4321,527.4321,25.9321,4081.7911,3.561,1,1,1
5107,5107,test,faulty,8.2639,631.8148,601.2836,601.2836,30.5312,4084.8445,3.561,1,1,1
5108,5108,test,faulty,8.5318,698.4683,668.933,668.933,29.5352,4087.7829,3.561,1,1,1
5109,5109,test,faulty,8.2311,623.9546,580.9039,580.9039,43.0507,4092.2829,3.561,1,1,1
5110,5110,test,faulty,8.3332,648.6547,623.408,623.408,25.2467,4094.7258,3.561,1,1,1
5111,5111,test,faulty,8.2541,629.4509,602.4366,602.4366,27.0143,4097.3729,3.561,1,1,1
5112,5112,test,faulty,8.359,654.992,624.0621,624.0621,30.9299,4100.4724,3.561,1,1,1
5113,5113,test,faulty,8.418,669.6366,630.4686,630.4686,39.168,4104.5238,3.561,1,1,1
5114,5114,test,faulty,8.4642,681.2485,664.231,664.231,17.0175,4106.0159,3.561,1,1,1
5115,5115,test,faulty,8.4711,682.9893,660.5496,660.5496,22.4397,4108.1344,3.561,1,1,1
5116,5116,test,faulty,8.2161,620.3701,599.0047,599.0047,21.3654,4110.1289,3.561,1,1,1
5117,5117,test,faulty,8.3775,659.5563,627.0714,627.0714,32.4849,4113.4081,3.561,1,1,1
5118,5118,test,faulty,8.9301,805.5907,769.679,769.679,35.9117,4117.0832,3.561,1,1,1
5119,5119,test,faulty,8.911,800.2073,764.6621,764.6621,35.5452,4120.716,3.561,1,1,1
5120,5120,test,faulty,8.3158,644.3984,608.1486,608.1486,36.2498,4124.4302,3.561,1,1,1
5121,5121,test,faulty,8.141,602.647,558.4499,558.4499,44.197,4129.0626,3.561,1,1,1
5122,5122,test,faulty,8.2925,638.7344,618.1518,618.1518,20.5826,4130.9666,3.561,1,1,1
5123,5123,test,faulty,8.4644,681.2999,650.1899,650.1899,31.11,4134.0869,3.561,1,1,1
5124,5124,test,faulty,8.3552,654.0638,619.4622,619.4622,34.6016,4137.6107,3.561,1,1,1
5125,5125,test,faulty,8.2466,627.6585,604.0608,604.0608,23.5976,4139.8631,3.561,1,1,1
5126,5126,test,faulty,7.8703,541.4388,527.9097,527.9097,13.5291,4140.9521,3.561,1,1,1
5127,5127,test,faulty,7.9066,549.4031,533.6614,533.6614,15.7417,4142.2968,3.561,1,1,1
5128,5128,test,faulty,7.7882,523.6912,486.2279,486.2279,37.4633,4146.1512,3.561,1,1,1
5129,5129,test,faulty,7.6621,497.1442,473.7637,473.7637,23.3805,4148.3785,3.561,1,1,1
5130,5130,test,faulty,8.115,596.5825,575.5776,575.5776,21.0048,4150.3312,3.561,1,1,1
5131,5131,test,faulty,8.0684,585.8177,557.743,557.743,28.0747,4153.1009,3.561,1,1,1
5132,5132,test,faulty,8.1194,597.6023,582.2925,582.2925,15.3099,4154.3957,3.561,1,1,1
5133,5133,test,faulty,8.4008,665.3419,632.8389,632.8389,32.5029,4157.6769,3.561,1,1,1
5134,5134,test,faulty,8.4596,680.0917,652.3733,652.3733,27.7185,4160.4054,3.561,1,1,1
5135,5135,test,faulty,8.3533,653.5934,610.1576,610.1576,43.4358,4164.9499,3.561,1,1,1
5136,5136,test,faulty,8.2207,621.4642,583.4939,583.4939,37.9702,4168.8629,3.561,1,1,1
5137,5137,test,faulty,7.7827,522.514,499.758,499.758,22.756,4171.018,3.561,1,1,1
5138,5138,test,faulty,8.2657,632.2366,600.6876,600.6876,31.549,4174.189,3.561,1,1,1
5139,5139,test,faulty,7.7821,522.3997,491.865,491.865,30.5346,4177.2429,3.561,1,1,1
5140,5140,test,faulty,7.7789,521.7003,485.5834,485.5834,36.1169,4180.9417,3.561,1,1,1
5141,5141,test,faulty,8.1158,596.7793,580.9017,580.9017,15.8777,4182.3021,3.561,1,1,1
5142,5142,test,faulty,8.4566,679.3215,652.6347,652.6347,26.6868,4184.9114,3.561,1,1,1
5143,5143,test,faulty,8.4391,674.9081,650.7216,650.7216,24.1866,4187.2318,3.561,1,1,1
5144,5144,test,faulty,8.5898,713.4649,676.3271,676.3271,37.1378,4191.0486,3.561,1,1,1
5145,5145,test,faulty,8.4858,686.7047,658.4277,658.4277,28.277,4193.8416,3.561,1,1,1
5146,5146,test,faulty,8.2125,619.5187,593.7705,593.7705,25.7482,4196.3425,3.561,1,1,1
5147,5147,test,faulty,7.999,570.0216,538.9856,538.9856,31.036,4199.4542,3.561,1,1,1
5148,5148,test,faulty,8.4383,674.7183,641.6489,641.6489,33.0694,4202.801,3.561,1,1,1
5149,5149,test,faulty,8.533,698.7685,658.5781,658.5781,40.1904,4206.9705,3.561,1,1,1
5150,5150,test,faulty,8.3804,660.2793,629.224,629.224,31.0553,4210.0845,3.561,1,1,1
5151,5151,test,faulty,7.9813,566.0463,547.6158,547.6158,18.4305,4211.7398,3.561,1,1,1
5152,5152,test,faulty,8.2421,626.568,603.1095,603.1095,23.4585,4213.9761,3.561,1,1,1
5153,5153,test,faulty,7.7145,508.0703,489.7984,489.7984,18.2719,4215.6131,3.561,1,1,1
5154,5154,test,faulty,8.1886,613.8522,584.2292,584.2292,29.623,4218.5617,3.561,1,1,1
5155,5155,test,faulty,7.9062,549.3206,530.1427,530.1427,19.1779,4220.3034,3.561,1,1,1
5156,5156,test,faulty,8.1558,606.1065,583.8105,583.8105,22.296,4222.4053,3.561,1,1,1
5157,5157,test,faulty,7.6913,503.213,474.2849,474.2849,28.9282,4225.2736,3.561,1,1,1
5158,5158,test,faulty,7.392,443.1595,427.608,427.608,15.5515,4226.5963,3.561,1,1,1
5159,5159,test,faulty,7.1597,399.7803,391.0239,391.0239,8.7564,4227.1339,3.561,1,1,1
5160,5160,test,faulty,7.3832,441.4682,411.7003,411.7003,29.7679,4230.0992,3.561,1,1,1
5161,5161,test,faulty,7.7637,518.4705,483.3936,483.3936,35.0769,4233.6778,3.561,1,1,1
5162,5162,test,faulty,7.6147,487.3972,472.2204,472.2204,15.1768,4234.9572,3.561,1,1,1
5163,5163,test,faulty,7.2224,411.211,388.0424,388.0424,23.1686,4237.16,3.561,1,1,1
5164,5164,test,faulty,6.9332,360.1025,334.8147,334.8147,25.2878,4239.6077,3.561,1,1,1
5165,5165,test,faulty,7.0938,387.9708,355.309,355.309,32.6618,4242.9073,3.561,1,1,1
5166,5166,test,faulty,7.1749,402.5411,379.1143,379.1143,23.4268,4245.1399,3.561,1,1,1
5167,5167,test,faulty,6.6176,308.9979,284.1614,284.1614,24.8365,4247.5354,3.561,1,1,1
5168,5168,test,faulty,6.3318,266.7324,244.0871,244.0871,22.6453,4249.6777,3.561,1,1,1
5169,5169,test,faulty,6.9066,355.6171,338.1123,338.1123,17.5048,4251.2261,3.561,1,1,1
5170,5170,test,faulty,6.5417,297.4116,281.4205,281.4205,15.9911,4252.5996,3.561,1,1,1
5171,5171,test,faulty,6.796,337.3059,319.5557,319.5557,17.7502,4254.1764,3.561,1,1,1
5172,5172,test,faulty,6.3894,274.9494,267.7889,267.7889,7.1606,4254.5296,3.561,1,1,1
5173,5173,test,faulty,6.9451,362.1255,321.7512,321.7512,40.3743,4258.7203,3.561,1,1,1
5174,5174,test,faulty,7.0389,378.3141,368.0013,368.0013,10.3128,4259.4377,3.561,1,1,1
5175,5175,test,faulty,6.7607,331.5814,318.7657,318.7657,12.8158,4260.4444,3.561,1,1,1
5176,5176,test,faulty,6.9099,356.1692,338.095,338.095,18.0742,4262.0585,3.561,1,1,1
5177,5177,test,faulty,6.7138,324.079,297.8593,297.8593,26.2197,4264.6138,3.561,1,1,1
5178,5178,test,faulty,6.7989,337.7736,301.7516,301.7516,36.022,4268.3017,3.561,1,1,1
5179,5179,test,faulty,6.5941,305.3771,288.9503,288.9503,16.4269,4269.7256,3.561,1,1,1
5180,5180,test,faulty,6.7492,329.7335,327.9561,327.9561,1.7774,4269.4568,3.561,1,1,1
5181,5181,test,faulty,6.5478,298.3242,268.2221,268.2221,30.1021,4272.4607,3.561,1,1,1
5182,5182,test,faulty,7.375,439.8972,428.8257,428.8257,11.0715,4273.2658,3.561,1,1,1
5183,5183,test,faulty,7.1069,390.2998,358.4881,358.4881,31.8116,4276.4672,3.561,1,1,1
5184,5184,test,faulty,6.6896,320.2327,306.1694,306.1694,14.0633,4277.6179,3.561,1,1,1
5185,5185,test,faulty,6.457,284.7803,278.5525,278.5525,6.2277,4277.8634,3.561,1,1,1
5186,5186,test,faulty,6.6204,309.4296,307.7284,307.7284,1.7012,4277.5858,3.561,1,1,1
5187,5187,test,faulty,6.6977,321.525,305.2626,305.2626,16.2624,4278.9907,3.561,1,1,1
5188,5188,test,faulty,6.4189,279.2123,270.8222,270.8222,8.3901,4279.4859,3.561,1,1,1
5189,5189,test,faulty,6.6812,318.9174,304.08,304.08,14.8375,4280.7261,3.561,1,1,1
5190,5190,test,faulty,6.9981,371.2138,350.9793,350.9793,20.2346,4282.5899,3.561,1,1,1
5191,5191,test,faulty,7.5563,475.5422,445.8369,445.8369,29.7053,4285.548,3.561,1,1,1
5192,5192,test,faulty,7.662,497.1267,464.0348,464.0348,33.0919,4288.8973,3.561,1,1,1
5193,5193,test,faulty,7.2354,413.6081,387.4095,387.4095,26.1986,4291.4502,3.561,1,1,1
5194,5194,test,faulty,7.1823,403.8854,366.363,366.363,37.5224,4295.3114,3.561,1,1,1
5195,5195,test,faulty,7.2352,413.5855,394.8458,394.8458,18.7397,4297.0025,3.561,1,1,1
5196,5196,test,faulty,8.0916,591.16,569.2369,569.2369,21.9231,4299.0613,3.561,1,1,1
5197,5197,test,faulty,8.2782,635.2559,612.4566,612.4566,22.7993,4301.2215,3.561,1,1,1
5198,5198,test,faulty,8.6673,733.7975,701.7765,701.7765,32.0211,4304.4471,3.561,1,1,1
5199,5199,test,faulty,8.6812,737.5071,712.6125,712.6125,24.8946,4306.8493,3.561,1,1,1
5200,5200,test,faulty,9.0256,832.7197,791.9814,791.9814,40.7383,4311.0821,3.561,1,1,1
5201,5201,test,faulty,8.8628,786.7868,755.2225,755.2225,31.5643,4314.2549,3.561,1,1,1
5202,5202,test,faulty,8.9158,801.5576,764.4431,764.4431,37.1146,4318.069,3.561,1,1,1
5203,5203,test,faulty,8.6386,726.2179,686.089,686.089,40.1288,4322.2314,3.561,1,1,1
5204,5204,test,faulty,8.2687,632.9828,606.7967,606.7967,26.1861,4324.7828,3.561,1,1,1
5205,5205,test,faulty,8.2877,637.5726,615.0473,615.0473,22.5252,4326.9113,3.561,1,1,1
5206,5206,test,faulty,7.8826,544.1355,518.5293,518.5293,25.6062,4329.3957,3.561,1,1,1
5207,5207,test,faulty,7.8119,528.7884,504.9719,504.9719,23.8165,4331.6734,3.561,1,1,1
5208,5208,test,faulty,7.6286,490.2355,465.9808,465.9808,24.2547,4334.0016,3.561,1,1,1
5209,5209,test,faulty,7.7021,505.4677,479.6916,479.6916,25.7761,4336.5057,3.561,1,1,1
5210,5210,test,faulty,7.7952,525.1889,492.8919,492.8919,32.297,4339.7632,3.561,1,1,1
5211,5211,test,faulty,7.5501,474.284,453.681,453.681,20.603,4341.6695,3.561,1,1,1
5212,5212,test,faulty,7.8148,529.41,508.5175,508.5175,20.8925,4343.6093,3.561,1,1,1
5213,5213,test,faulty,8.6082,718.2592,690.3984,690.3984,27.8608,4346.3543,3.561,1,1,1
5214,5214,test,faulty,8.246,627.5165,599.512,599.512,28.0046,4349.1158,3.561,1,1,1
5215,5215,test,faulty,8.4349,673.8765,642.3915,642.3915,31.485,4352.2795,3.561,1,1,1
5216,5216,test,faulty,8.1979,616.0408,588.4349,588.4349,27.6059,4354.9949,3.561,1,1,1
5217,5217,test,faulty,9.5641,996.8686,956.5083,956.5083,40.3602,4359.1841,3.561,1,1,1
5218,5218,test,faulty,8.8674,788.0594,752.9592,752.9592,35.1002,4362.7654,3.561,1,1,1
5219,5219,test,faulty,8.5074,692.2233,651.7393,651.7393,40.484,4366.9688,3.561,1,1,1
5220,5220,test,faulty,8.1848,612.9463,569.5944,569.5944,43.3519,4371.5036,3.561,1,1,1
5221,5221,test,faulty,8.3155,644.3162,625.7752,625.7752,18.541,4373.1717,3.561,1,1,1
5222,5222,test,faulty,8.9523,811.842,773.6769,773.6769,38.165,4377.1072,3.561,1,1,1
5223,5223,test,faulty,9.2198,889.7553,841.071,841.071,48.6843,4382.2581,3.561,1,1,1
5224,5224,test,faulty,9.0457,838.5239,791.9557,791.9557,46.5682,4387.1645,3.561,1,1,1
5225,5225,test,faulty,8.9343,806.7635,768.1086,768.1086,38.6549,4391.1565,3.561,1,1,1
5226,5226,test,faulty,8.9168,801.8391,757.1666,757.1666,44.6725,4395.8439,3.561,1,1,1
5227,5227,test,faulty,8.3388,650.0154,607.3692,607.3692,42.6462,4400.2971,3.561,1,1,1
5228,5228,test,faulty,8.1597,607.0334,578.4729,578.4729,28.5605,4403.1229,3.561,1,1,1
5229,5229,test,faulty,8.4435,676.0192,654.7938,654.7938,21.2255,4405.1012,3.561,1,1,1
5230,5230,test,faulty,8.0189,574.5296,549.8131,549.8131,24.7165,4407.4828,3.561,1,1,1
5231,5231,test,faulty,7.5187,467.9966,445.6472,445.6472,22.3494,4409.5909,3.561,1,1,1
5232,5232,test,faulty,7.6309,490.71,454.9546,454.9546,35.7554,4413.248,3.561,1,1,1
5233,5233,test,faulty,7.496,463.4855,447.1146,447.1146,16.3709,4414.6654,3.561,1,1,1
5234,5234,test,faulty,7.6837,501.64,474.6246,474.6246,27.0155,4417.3126,3.561,1,1,1
5235,5235,test,faulty,8.2255,622.6025,597.3552,597.3552,25.2473,4419.7556,3.561,1,1,1
5236,5236,test,faulty,8.022,575.2269,552.3108,552.3108,22.916,4421.9292,3.561,1,1,1
5237,5237,test,faulty,7.6808,501.022,462.4051,462.4051,38.6168,4425.9169,3.561,1,1,1
5238,5238,test,faulty,7.7844,522.8761,505.6867,505.6867,17.1894,4427.4288,3.561,1,1,1
5239,5239,test,faulty,7.869,541.1623,524.0423,524.0423,17.12,4428.9328,3.561,1,1,1
5240,5240,test,faulty,7.6787,500.5999,497.6317,497.6317,2.9683,4428.8016,3.561,1,1,1
5241,5241,test,faulty,7.3226,429.9059,388.0577,388.0577,41.8482,4433.1626,3.561,1,1,1
5242,5242,test,faulty,7.3554,436.1411,425.3196,425.3196,10.8215,4433.9388,3.561,1,1,1
5243,5243,test,faulty,7.1511,398.2335,375.9989,375.9989,22.2346,4436.0337,3.561,1,1,1
5244,5244,test,faulty,7.5834,481.0094,463.7914,463.7914,17.2179,4437.5489,3.561,1,1,1
5245,5245,test,faulty,8.1318,600.4903,580.2076,580.2076,20.2827,4439.4183,3.561,1,1,1
5246,5246,test,faulty,7.9804,565.8411,552.0121,552.0121,13.8291,4440.542,3.561,1,1,1
5247,5247,test,faulty,8.1744,610.484,582.4336,582.4336,28.0504,4443.3088,3.561,1,1,1
5248,5248,test,faulty,8.3892,662.4622,639.5749,639.5749,22.8874,4445.4791,3.561,1,1,1
5249,5249,test,faulty,8.8821,792.1413,751.2057,751.2057,40.9356,4449.7347,3.561,1,1,1
5250,5250,test,faulty,8.7739,762.4185,709.1341,709.1341,53.2843,4455.4171,3.561,1,1,1
5251,5251,test,faulty,8.6297,723.8963,701.5201,701.5201,22.3762,4457.5283,3.561,1,1,1
5252,5252,test,faulty,8.5541,704.2049,657.3386,657.3386,46.8663,4462.4691,3.561,1,1,1
5253,5253,test,faulty,9.2283,892.297,863.113,863.113,29.184,4465.3669,3.561,1,1,1
5254,5254,test,faulty,9.0599,842.6185,808.2795,808.2795,34.339,4468.8604,3.561,1,1,1
5255,5255,test,faulty,9.071,845.8413,813.1089,813.1089,32.7324,4472.1682,3.561,1,1,1
5256,5256,test,faulty,8.8856,793.128,752.585,752.585,40.543,4476.3784,3.561,1,1,1
5257,5257,test,faulty,9.0498,839.7084,799.0433,799.0433,40.665,4480.6027,3.561,1,1,1
5258,5258,test,faulty,9.0487,839.3958,802.9411,802.9411,36.4547,4484.3406,3.561,1,1,1
5259,5259,test,faulty,9.4281,953.633,912.4947,912.4947,41.1383,4488.6196,3.561,1,1,1
5260,5260,test,faulty,9.5256,984.5047,933.1513,933.1513,51.3534,4494.0789,3.561,1,1,1
5261,5261,test,faulty,9.0973,853.5125,810.0552,810.0552,43.4572,4498.6258,3.561,1,1,1
5262,5262,test,faulty,9.7018,1041.9562,994.1308,994.1308,47.8254,4503.6775,3.561,1,1,1
5263,5263,test,faulty,9.6877,1037.2667,994.3858,994.3858,42.881,4508.1578,3.561,1,1,1
5264,5264,test,faulty,9.8586,1094.8448,1031.3916,1031.3916,63.4532,4515.0151,3.561,1,1,1
5265,5265,test,faulty,9.3845,940.0073,893.3559,893.3559,46.6513,4519.9311,3.561,1,1,1
5266,5266,test,faulty,8.7443,754.409,726.3689,726.3689,28.0401,4522.6967,3.561,1,1,1
5267,5267,test,faulty,8.9001,797.1783,768.7146,768.7146,28.4638,4525.5113,3.561,1,1,1
5268,5268,test,faulty,8.5838,711.8943,687.1535,687.1535,24.7408,4527.8958,3.561,1,1,1
5269,5269,test,faulty,8.496,689.319,646.2028,646.2028,43.1162,4532.4033,3.561,1,1,1
5270,5270,test,faulty,8.5193,695.2653,658.1921,658.1921,37.0733,4536.2126,3.561,1,1,1
5271,5271,test,faulty,9.001,825.6794,790.3904,790.3904,35.289,4539.8158,3.561,1,1,1
5272,5272,test,faulty,8.3781,659.7049,627.2336,627.2336,32.4713,4543.0934,3.561,1,1,1
5273,5273,test,faulty,8.1813,612.1216,582.8633,582.8633,29.2583,4545.9998,3.561,1,1,1
5274,5274,test,faulty,7.709,506.9282,475.0248,475.0248,31.9034,4549.2118,3.561,1,1,1
5275,5275,test,faulty,7.9023,548.4743,536.7978,536.7978,11.6765,4550.0868,3.561,1,1,1
5276,5276,test,faulty,8.2322,624.198,588.4709,588.4709,35.7271,4553.7406,3.561,1,1,1
5277,5277,test,faulty,7.8296,532.6085,509.4715,509.4715,23.1371,4555.9398,3.561,1,1,1
5278,5278,test,faulty,7.4513,454.6789,428.3915,428.3915,26.2874,4558.5029,3.561,1,1,1
5279,5279,test,faulty,7.8206,530.6457,510.2644,510.2644,20.3812,4560.3836,3.561,1,1,1
5280,5280,test,faulty,7.6765,500.1275,465.1869,465.1869,34.9406,4563.9466,3.561,1,1,1
5281,5281,test,faulty,7.3495,435.0227,420.0777,420.0777,14.9451,4565.1992,3.561,1,1,1
5282,5282,test,faulty,7.8277,532.1774,494.1098,494.1098,38.0676,4569.1234,3.561,1,1,1
5283,5283,test,faulty,8.2095,618.8061,602.6628,602.6628,16.1433,4570.5145,3.561,1,1,1
5284,5284,test,faulty,8.0224,575.325,549.0564,549.0564,26.2686,4573.0755,3.561,1,1,1
5285,5285,test,faulty,8.3899,662.6422,630.5157,630.5157,32.1266,4576.3133,3.561,1,1,1
5286,5286,test,faulty,8.495,689.0649,650.3502,650.3502,38.7147,4580.3122,3.561,1,1,1
5287,5287,test,faulty,8.3516,653.175,625.7785,625.7785,27.3965,4583.0035,3.561,1,1,1
5288,5288,test,faulty,8.0978,592.601,565.9122,565.9122,26.6888,4585.613,3.561,1,1,1
5289,5289,test,faulty,8.2137,619.7857,584.8142,584.8142,34.9715,4589.1795,3.561,1,1,1
5290,5290,test,faulty,8.8998,797.0978,764.0252,764.0252,33.0726,4592.5266,3.561,1,1,1
5291,5291,test,faulty,9.2556,900.5316,853.625,853.625,46.9066,4597.4721,3.561,1,1,1
5292,5292,test,faulty,9.3776,937.8684,889.2442,889.2442,48.6242,4602.616,3.561,1,1,1
5293,5293,test,faulty,8.731,750.8149,708.2526,708.2526,42.5622,4607.0596,3.561,1,1,1
5294,5294,test,faulty,8.856,784.9147,748.3233,748.3233,36.5915,4610.8132,3.561,1,1,1
5295,5295,test,faulty,9.744,1056.0305,999.6457,999.6457,56.3848,4616.8538,3.561,1,1,1
5296,5296,test,faulty,9.6326,1019.1554,963.3646,963.3646,55.7909,4622.8258,3.561,1,1,1
5297,5297,test,faulty,9.352,929.9401,882.0498,882.0498,47.8903,4627.885,3.561,1,1,1
5298,5298,test,faulty,8.6986,742.1333,704.2185,704.2185,37.9148,4631.7915,3.561,1,1,1
5299,5299,test,faulty,8.4856,686.6555,649.3701,649.3701,37.2854,4635.6254,3.561,1,1,1
5300,5300,test,faulty,8.3226,646.0545,611.8497,611.8497,34.2048,4639.1033,3.561,1,1,1
5301,5301,test,faulty,7.9996,570.1519,543.0996,543.0996,27.0523,4641.7548,3.561,1,1,1
5302,5302,test,faulty,8.2621,631.3846,602.3427,602.3427,29.042,4644.6362,3.561,1,1,1
5303,5303,test,faulty,8.6401,726.6138,683.3191,683.3191,43.2946,4649.1644,3.561,1,1,1
5304,5304,test,faulty,8.6402,726.6509,692.5456,692.5456,34.1053,4652.6308,3.561,1,1,1
5305,5305,test,faulty,8.5848,712.1641,674.1575,674.1575,38.0066,4656.548,3.561,1,1,1
5306,5306,test,faulty,8.474,683.7316,649.9225,649.9225,33.8091,4659.9802,3.561,1,1,1
5307,5307,test,faulty,9.0537,840.8265,803.7265,803.7265,37.1,4663.7926,3.561,1,1,1
5308,5308,test,faulty,8.5735,709.2121,678.0948,678.0948,31.1173,4666.9138,3.561,1,1,1
5309,5309,test,faulty,8.4828,685.9521,648.6289,648.6289,37.3232,4670.752,3.561,1,1,1
5310,5310,test,faulty,8.7325,751.2136,709.7072,709.7072,41.5064,4675.0735,3.561,1,1,1
5311,5311,test,faulty,8.4616,680.5817,653.1797,653.1797,27.402,4677.7654,3.561,1,1,1
5312,5312,test,faulty,7.9451,557.9536,535.0752,535.0752,22.8784,4679.9347,3.561,1,1,1
5313,5313,test,faulty,7.7764,521.1803,486.9316,486.9316,34.2486,4683.4177,3.561,1,1,1
5314,5314,test,faulty,7.5202,468.3132,437.6503,437.6503,30.6629,4686.4864,3.561,1,1,1
5315,5315,test,faulty,7.9073,549.5575,532.593,532.593,16.9646,4687.9723,3.561,1,1,1
5316,5316,test,faulty,8.0865,589.9858,557.5777,557.5777,32.408,4691.2426,3.561,1,1,1
5317,5317,test,faulty,7.7381,513.0511,491.1418,491.1418,21.9093,4693.2999,3.561,1,1,1
5318,5318,test,faulty,8.3247,646.5641,612.3864,612.3864,34.1777,4696.7747,3.561,1,1,1
5319,5319,test,faulty,7.8085,528.0427,506.1342,506.1342,21.9084,4698.8319,3.561,1,1,1
5320,5320,test,faulty,7.8409,535.0487,500.8356,500.8356,34.2131,4702.3108,3.561,1,1,1
5321,5321,test,faulty,7.6726,499.323,473.3872,473.3872,25.9357,4704.8333,3.561,1,1,1
5322,5322,test,faulty,7.1875,404.8348,404.2058,404.2058,0.6291,4704.4318,3.561,1,1,1
5323,5323,test,faulty,6.8057,338.8882,308.1987,308.1987,30.6895,4707.5036,3.561,1,1,1
5324,5324,test,faulty,6.3794,273.5064,255.6805,255.6805,17.8258,4709.0891,3.561,1,1,1
5325,5325,test,faulty,6.1629,243.4759,225.6065,225.6065,17.8694,4710.6796,3.561,1,1,1
5326,5326,test,faulty,6.1427,240.7823,230.8853,230.8853,9.8969,4711.349,3.561,1,1,1
5327,5327,test,faulty,6.5356,296.4895,293.4776,293.4776,3.0118,4711.2228,3.561,1,1,1
5328,5328,test,faulty,6.3488,269.1346,256.9467,256.9467,12.188,4712.1569,3.561,1,1,1
5329,5329,test,faulty,6.958,364.3321,342.6402,342.6402,21.6919,4714.1891,3.561,1,1,1
5330,5330,test,faulty,6.8057,338.8911,310.1705,310.1705,28.7206,4717.0333,3.561,1,1,1
5331,5331,test,faulty,6.5469,298.1866,284.779,284.779,13.4076,4718.1083,3.561,1,1,1
5332,5332,test,faulty,6.373,272.5912,261.5767,261.5767,11.0146,4718.9068,3.561,1,1,1
5333,5333,test,faulty,7.0302,376.7836,368.2049,368.2049,8.5787,4719.4239,3.561,1,1,1
5334,5334,test,faulty,7.2831,422.4851,399.234,399.234,23.251,4721.6362,3.561,1,1,1
5335,5335,test,faulty,7.0982,388.7586,369.1951,369.1951,19.5634,4723.4225,3.561,1,1,1
5336,5336,test,faulty,7.1467,397.4446,387.6625,387.6625,9.7821,4724.0786,3.561,1,1,1
5337,5337,test,faulty,6.7337,327.2426,309.1707,309.1707,18.072,4725.6925,3.561,1,1,1
5338,5338,test,faulty,6.6088,307.6461,282.0673,282.0673,25.5789,4728.1737,3.561,1,1,1
5339,5339,test,faulty,6.4967,290.6598,286.4324,286.4324,4.2274,4728.1881,3.561,1,1,1
5340,5340,test,faulty,6.4791,288.0436,287.4416,287.4416,0.602,4727.7835,3.561,1,1,1
5341,5341,test,faulty,6.9661,365.7149,344.0398,344.0398,21.675,4729.8137,3.561,1,1,1
5342,5342,test,faulty,7.2509,416.4767,388.18,388.18,28.2967,4732.609,3.561,1,1,1
5343,5343,test,faulty,6.8978,354.1309,341.6116,341.6116,12.5193,4733.5814,3.561,1,1,1
5344,5344,test,faulty,6.8686,349.2535,319.6046,319.6046,29.6489,4736.5329,3.561,1,1,1
5345,5345,test,faulty,6.6362,311.874,292.6875,292.6875,19.1865,4738.2756,3.561,1,1,1
5346,5346,test,faulty,6.224,251.7433,232.3779,232.3779,19.3655,4740.039,3.561,1,1,1
5347,5347,test,faulty,5.8571,204.5005,185.0844,185.0844,19.416,4741.8082,3.561,1,1,1
5348,5348,test,faulty,5.7364,190.1988,166.066,166.066,24.1327,4744.1224,3.561,1,1,1
5349,5349,test,faulty,5.8287,201.079,185.9245,185.9245,15.1545,4745.3992,3.561,1,1,1
5350,5350,test,faulty,6.0718,231.4554,206.1714,206.1714,25.2841,4747.8464,3.561,1,1,1
5351,5351,test,faulty,6.4992,291.0383,271.0562,271.0562,19.982,4749.681,3.561,1,1,1
5352,5352,test,faulty,6.7875,335.9263,299.6099,299.6099,36.3164,4753.4029,3.561,1,1,1
5353,5353,test,faulty,6.4662,286.1352,279.711,279.711,6.4242,4753.671,3.561,1,1,1
5354,5354,test,faulty,6.6418,312.7448,304.418,304.418,8.3268,4754.159,3.561,1,1,1
5355,5355,test,faulty,7.4914,462.5778,436.546,436.546,26.0319,4756.6926,3.561,1,1,1
5356,5356,test,faulty,8.0394,579.1929,547.9894,547.9894,31.2035,4759.8237,3.561,1,1,1
5357,5357,test,faulty,8.3573,654.5668,628.182,628.182,26.3848,4762.3981,3.561,1,1,1
5358,5358,test,faulty,7.9901,568.0155,546.0566,546.0566,21.9589,4764.4611,3.561,1,1,1
5359,5359,test,faulty,8.6754,735.9688,689.2352,689.2352,46.7336,4769.3866,3.561,1,1,1
5360,5360,test,faulty,8.4962,689.3598,659.4479,659.4479,29.9119,4772.3686,3.561,1,1,1
5361,5361,test,faulty,9.1933,881.8062,836.2327,836.2327,45.5735,4777.16,3.561,1,1,1
5362,5362,test,faulty,8.9113,800.2971,753.6427,753.6427,46.6544,4782.0764,3.561,1,1,1
5363,5363,test,faulty,8.7843,765.2282,731.1545,731.1545,34.0737,4785.5391,3.561,1,1,1
5364,5364,test,faulty,9.3924,942.4788,888.94,888.94,53.5388,4791.2509,3.561,1,1,1
5365,5365,test,faulty,9.3438,927.4312,882.64,882.64,44.7912,4795.952,3.561,1,1,1
5366,5366,test,faulty,8.8513,783.6044,747.2062,747.2062,36.3982,4799.6833,3.561,1,1,1
5367,5367,test,faulty,8.5619,706.2158,668.4073,668.4073,37.8085,4803.5776,3.561,1,1,1
5368,5368,test,faulty,8.7198,747.7964,695.8456,695.8456,51.9508,4809.1059,3.561,1,1,1
5369,5369,test,faulty,9.2916,911.4438,854.468,854.468,56.9758,4815.2148,3.561,1,1,1
5370,5370,test,faulty,9.2403,895.9137,858.3496,858.3496,37.5641,4819.0808,3.561,1,1,1
5371,5371,test,faulty,8.7732,762.2112,707.809,707.809,54.4023,4824.8924,3.561,1,1,1
5372,5372,test,faulty,8.5737,709.2816,664.6532,664.6532,44.6284,4829.5746,3.561,1,1,1
5373,5373,test,faulty,8.2549,629.6477,610.8301,610.8301,18.8175,4831.2747,3.561,1,1,1
5374,5374,test,faulty,8.2994,640.4067,618.4072,618.4072,21.9995,4833.3424,3.561,1,1,1
5375,5375,test,faulty,8.679,736.9122,715.3269,715.3269,21.5853,4835.3622,3.561,1,1,1
5376,5376,test,faulty,8.4532,678.4702,650.789,650.789,27.6813,4838.0864,3.561,1,1,1
5377,5377,test,faulty,9.2399,895.7825,843.552,843.552,52.2305,4843.647,3.561,1,1,1
5378,5378,test,faulty,9.1001,854.3104,805.3463,805.3463,48.9641,4848.8302,3.561,1,1,1
5379,5379,test,faulty,9.0391,836.6254,800.1787,800.1787,36.4467,4852.5672,3.561,1,1,1
5380,5380,test,faulty,8.9444,809.6022,779.9573,779.9573,29.6449,4855.5183,3.561,1,1,1
5381,5381,test,faulty,8.3698,657.6425,629.8225,629.8225,27.82,4858.2585,3.561,1,1,1
5382,5382,test,faulty,8.8548,784.5867,753.4181,753.4181,31.1686,4861.3856,3.561,1,1,1
5383,5383,test,faulty,8.4831,686.0253,658.6562,658.6562,27.3691,4864.0737,3.561,1,1,1
5384,5384,test,faulty,8.6206,721.4999,687.2191,687.2191,34.2808,4867.5604,3.561,1,1,1
5385,5385,test,faulty,8.5087,692.5548,666.6076,666.6076,25.9472,4870.0842,3.561,1,1,1
5386,5386,test,faulty,8.3587,654.9117,626.3152,626.3152,28.5965,4872.9141,3.561,1,1,1
5387,5387,test,faulty,8.6137,719.693,675.2683,675.2683,44.4247,4877.5729,3.561,1,1,1
5388,5388,test,faulty,8.2499,628.4514,594.7543,594.7543,33.6971,4880.9921,3.561,1,1,1
5389,5389,test,faulty,7.9103,550.2372,529.3288,529.3288,20.9083,4882.9338,3.561,1,1,1
5390,5390,test,faulty,7.5362,471.5044,444.4241,444.4241,27.0804,4885.5885,3.561,1,1,1
5391,5391,test,faulty,7.646,493.8318,464.5757,464.5757,29.256,4888.4946,3.561,1,1,1
5392,5392,test,faulty,7.3785,440.5709,419.612,419.612,20.9589,4890.4421,3.561,1,1,1
5393,5393,test,faulty,6.8965,353.9159,335.8379,335.8379,18.078,4892.0567,3.561,1,1,1
5394,5394,test,faulty,7.2997,425.6001,398.4008,398.4008,27.1993,4894.7252,3.561,1,1,1
5395,5395,test,faulty,6.934,360.243,342.9571,342.9571,17.2859,4896.2483,3.561,1,1,1
5396,5396,test,faulty,6.6302,310.9428,295.5419,295.5419,15.4009,4897.5536,3.561,1,1,1
5397,5397,test,faulty,7.1379,395.8583,371.4414,371.4414,24.4169,4899.9006,3.561,1,1,1
5398,5398,test,faulty,7.0707,383.882,380.3762,380.3762,3.5058,4899.8316,3.561,1,1,1
5399,5399,test,faulty,6.9503,363.0226,351.6304,351.6304,11.3922,4900.6737,3.561,1,1,1
