time_index,timestamp,period,case_role,wind_speed,expected_power_kw,power_kw,raw,monitoring_indicator,anomaly_score,threshold,alarm,in_event_window,instance_label
0,0,train,healthy,8.2251,622.5159,593.9135,593.9135,28.6024,1.356,4.9317,0,0,0
1,1,train,healthy,8.6522,729.8249,720.7902,720.7902,9.0348,1.4541,4.9317,0,0,0
2,2,train,healthy,8.653,730.0209,729.4113,729.4113,0.6096,1.0106,4.9317,0,0,0
3,3,train,healthy,8.9439,809.4612,773.441,773.441,36.0202,2.8434,4.9317,0,0,0
4,4,train,healthy,9.4137,949.1155,938.6635,938.6635,10.452,3.0326,4.9317,0,0,0
5,5,train,healthy,9.3483,928.8188,974.3578,974.3578,-45.539,0.0,4.9317,0,0,0
6,6,train,healthy,8.8111,772.5553,745.283,745.283,27.2724,1.2705,4.9317,0,0,0
7,7,train,healthy,8.4459,676.6324,664.4749,664.4749,12.1575,1.5693,4.9317,0,0,0
8,8,train,healthy,8.1427,603.0552,604.3298,604.3298,-1.2747,1.0047,4.9317,0,0,0
9,9,train,healthy,8.3747,658.8712,617.4682,617.4682,41.403,3.1835,4.9317,0,0,0
10,10,train,healthy,8.2728,633.9493,631.353,631.353,2.5963,2.8678,4.9317,0,0,0
11,11,train,healthy,8.4271,671.9021,688.9078,688.9078,-17.0057,1.292,4.9317,0,0,0
12,12,train,healthy,8.7071,744.4095,739.5436,739.5436,4.8659,1.1221,4.9317,0,0,0
13,13,train,healthy,9.0888,851.0098,827.6284,827.6284,23.3814,2.1425,4.9317,0,0,0
14,14,train,healthy,9.2551,900.3788,900.4184,900.4184,-0.0396,1.6573,4.9317,0,0,0
15,15,train,healthy,8.7123,745.7923,728.659,728.659,17.1333,2.276,4.9317,0,0,0
16,16,train,healthy,8.3272,647.1755,649.7798,649.7798,-2.6043,1.626,4.9317,0,0,0
17,17,train,healthy,7.9947,569.0682,568.3158,568.3158,0.7524,1.1917,4.9317,0,0,0
18,18,train,healthy,7.6949,503.9609,500.8745,500.8745,3.0864,0.9074,4.9317,0,0,0
19,19,train,healthy,8.0021,570.7288,553.5658,553.5658,17.163,1.5281,4.9317,0,0,0
20,20,train,healthy,8.1413,602.7163,629.3684,629.3684,-26.6521,0.0,4.9317,0,0,0
21,21,train,healthy,7.9819,566.1846,570.4436,570.4436,-4.2589,0.0,4.9317,0,0,0
22,22,train,healthy,7.7456,514.6354,527.1141,527.1141,-12.4788,0.0,4.9317,0,0,0
23,23,train,healthy,7.4113,446.8989,451.0907,451.0907,-4.1918,0.0,4.9317,0,0,0
24,24,train,healthy,7.0758,384.7878,380.012,380.012,4.7759,0.0,4.9317,0,0,0
25,25,train,healthy,7.6356,491.6746,501.0499,501.0499,-9.3753,0.0,4.9317,0,0,0
26,26,train,healthy,7.5344,471.1455,474.7613,474.7613,-3.6158,0.0,4.9317,0,0,0
27,27,train,healthy,7.3859,441.9812,448.0207,448.0207,-6.0395,0.0,4.9317,0,0,0
28,28,train,healthy,7.3893,442.6415,446.8971,446.8971,-4.2556,0.0,4.9317,0,0,0
29,29,train,healthy,7.7444,514.3701,508.1992,508.1992,6.1709,0.0,4.9317,0,0,0
30,30,train,healthy,7.7473,514.9868,518.8167,518.8167,-3.8299,0.0,4.9317,0,0,0
31,31,train,healthy,8.2465,627.623,633.7264,633.7264,-6.1034,0.0,4.9317,0,0,0
32,32,train,healthy,7.774,520.6637,539.7151,539.7151,-19.0514,0.0,4.9317,0,0,0
33,33,train,healthy,7.4258,449.6997,437.5118,437.5118,12.1878,0.3008,4.9317,0,0,0
34,34,train,healthy,7.3904,442.8552,464.0763,464.0763,-21.221,0.0,4.9317,0,0,0
35,35,train,healthy,7.5889,482.1388,438.8096,438.8096,43.3292,2.3026,4.9317,0,0,0
36,36,train,healthy,7.2044,407.9109,389.8755,389.8755,18.0353,2.9793,4.9317,0,0,0
37,37,train,healthy,7.1658,400.8952,401.4333,401.4333,-0.5381,2.4621,4.9317,0,0,0
38,38,train,healthy,6.8473,345.7323,334.9187,334.9187,10.8135,2.6745,4.9317,0,0,0
39,39,train,healthy,6.5919,305.0371,314.1071,314.1071,-9.0699,1.6089,4.9317,0,0,0
40,40,train,healthy,6.6567,315.0775,276.2729,276.2729,38.8046,3.6206,4.9317,0,0,0
41,41,train,healthy,6.8004,338.0195,311.7346,311.7346,26.2849,4.8276,4.9317,0,0,0
42,42,train,healthy,6.7719,333.3869,303.1318,303.1318,30.255,6.2898,4.9317,1,0,0
43,43,train,healthy,6.8906,352.9342,352.2891,352.2891,0.6451,5.8486,4.9317,1,0,0
44,44,train,healthy,7.3119,427.8855,453.8581,453.8581,-25.9726,3.6965,4.9317,0,0,0
45,45,train,healthy,7.5114,466.5464,444.7751,444.7751,21.7712,4.6133,4.9317,0,0,0
46,46,train,healthy,7.2385,414.1818,403.3362,403.3362,10.8457,4.8278,4.9317,0,0,0
47,47,train,healthy,7.9354,555.795,535.86,535.86,19.9349,5.6266,4.9317,1,0,0
48,48,train,healthy,8.5626,706.3962,720.709,720.709,-14.3128,4.2239,4.9317,0,0,0
49,49,train,healthy,8.3701,657.7153,667.823,667.823,-10.1078,3.0916,4.9317,0,0,0
50,50,train,healthy,8.5123,693.468,705.2097,705.2097,-11.7417,1.8541,4.9317,0,0,0
51,51,train,healthy,8.4011,665.4089,649.9046,649.9046,15.5043,2.3681,4.9317,0,0,0
52,52,train,healthy,8.3535,653.6368,647.7552,647.7552,5.8816,2.2636,4.9317,0,0,0
53,53,train,healthy,8.4302,672.6798,660.0191,660.0191,12.6607,2.5948,4.9317,0,0,0
54,54,train,healthy,7.7933,524.795,513.8175,513.8175,10.9775,2.8178,4.9317,0,0,0
55,55,train,healthy,8.0896,590.7128,584.3993,584.3993,6.3135,2.741,4.9317,0,0,0
56,56,train,healthy,8.1197,597.6848,605.059,605.059,-7.3741,1.7843,4.9317,0,0,0
57,57,train,healthy,8.3798,660.1234,627.974,627.974,32.1494,3.3683,4.9317,0,0,0
58,58,train,healthy,8.1966,615.7271,642.1866,642.1866,-26.4595,1.1848,4.9317,0,0,0
59,59,train,healthy,8.3574,654.5977,657.6089,657.6089,-3.0112,0.5086,4.9317,0,0,0
60,60,train,healthy,8.4207,670.3106,706.7154,706.7154,-36.4048,0.0,4.9317,0,0,0
61,61,train,healthy,8.136,601.4718,626.063,626.063,-24.5913,0.0,4.9317,0,0,0
62,62,train,healthy,8.2529,629.1791,633.4431,633.4431,-4.264,0.0,4.9317,0,0,0
63,63,train,healthy,8.1422,602.9283,611.3678,611.3678,-8.4395,0.0,4.9317,0,0,0
64,64,train,healthy,7.7192,509.0538,528.4633,528.4633,-19.4095,0.0,4.9317,0,0,0
65,65,train,healthy,8.1919,614.6131,599.0807,599.0807,15.5324,0.5158,4.9317,0,0,0
66,66,train,healthy,8.7385,752.8295,772.943,772.943,-20.1134,0.0,4.9317,0,0,0
67,67,train,healthy,8.9137,800.9837,802.3563,802.3563,-1.3726,0.0,4.9317,0,0,0
68,68,train,healthy,8.5731,709.1284,714.2779,714.2779,-5.1495,0.0,4.9317,0,0,0
69,69,train,healthy,8.3889,662.3909,652.8756,652.8756,9.5153,0.129,4.9317,0,0,0
70,70,train,healthy,8.5812,711.2201,711.4679,711.4679,-0.2478,0.0,4.9317,0,0,0
71,71,train,healthy,8.6517,729.6853,714.7216,714.7216,14.9638,0.4792,4.9317,0,0,0
72,72,train,healthy,8.9062,798.8714,781.9936,781.9936,16.8779,1.0815,4.9317,0,0,0
73,73,train,healthy,8.829,777.4714,783.9134,783.9134,-6.442,0.1848,4.9317,0,0,0
74,74,train,healthy,9.4008,945.0797,961.9632,961.9632,-16.8835,0.0,4.9317,0,0,0
75,75,train,healthy,9.081,848.7621,854.676,854.676,-5.9139,0.0,4.9317,0,0,0
76,76,train,healthy,8.5932,714.3547,689.6009,689.6009,24.7537,1.1086,4.9317,0,0,0
77,77,train,healthy,8.0607,584.07,580.5841,580.5841,3.4859,0.85,4.9317,0,0,0
78,78,train,healthy,7.8155,529.5553,518.9182,518.9182,10.6372,1.0511,4.9317,0,0,0
79,79,train,healthy,7.336,432.4483,429.7333,429.7333,2.715,0.743,4.9317,0,0,0
80,80,train,healthy,8.1904,614.2579,602.5221,602.5221,11.7358,1.0148,4.9317,0,0,0
81,81,train,healthy,8.3373,649.6599,640.483,640.483,9.1769,1.122,4.9317,0,0,0
82,82,train,healthy,7.8042,527.132,533.7537,533.7537,-6.6217,0.2137,4.9317,0,0,0
83,83,train,healthy,7.5432,472.9032,468.0964,468.0964,4.8068,0.0401,4.9317,0,0,0
84,84,train,healthy,7.6192,488.3117,489.5775,489.5775,-1.2658,0.0,4.9317,0,0,0
85,85,train,healthy,7.1836,404.1175,396.6181,396.6181,7.4994,0.0,4.9317,0,0,0
86,86,train,healthy,7.1063,390.1966,374.7517,374.7517,15.4449,0.5102,4.9317,0,0,0
87,87,train,healthy,6.8606,347.923,341.4584,341.4584,6.4646,0.4431,4.9317,0,0,0
88,88,train,healthy,7.109,390.6802,364.1092,364.1092,26.571,1.6685,4.9317,0,0,0
89,89,train,healthy,7.4661,457.5824,464.4599,464.4599,-6.8775,0.7437,4.9317,0,0,0
90,90,train,healthy,7.5174,467.7503,468.2086,468.2086,-0.4583,0.2316,4.9317,0,0,0
91,91,train,healthy,7.9322,555.075,553.6035,553.6035,1.4714,0.0,4.9317,0,0,0
92,92,train,healthy,8.0043,571.2195,590.7199,590.7199,-19.5004,0.0,4.9317,0,0,0
93,93,train,healthy,7.506,465.4785,448.0671,448.0671,17.4114,0.6366,4.9317,0,0,0
94,94,train,healthy,7.6623,497.1865,519.3481,519.3481,-22.1615,0.0,4.9317,0,0,0
95,95,train,healthy,8.6048,717.3692,734.147,734.147,-16.7777,0.0,4.9317,0,0,0
96,96,train,healthy,9.1853,879.4244,885.794,885.794,-6.3695,0.0,4.9317,0,0,0
97,97,train,healthy,9.4096,947.8176,931.658,931.658,16.1597,0.5561,4.9317,0,0,0
98,98,train,healthy,9.0122,828.888,836.6134,836.6134,-7.7254,0.0,4.9317,0,0,0
99,99,train,healthy,9.0163,830.0592,822.6479,822.6479,7.4113,0.0,4.9317,0,0,0
100,100,train,healthy,9.0957,853.0267,840.11,840.11,12.9166,0.3477,4.9317,0,0,0
101,101,train,healthy,9.4675,966.0364,969.7382,969.7382,-3.7018,0.0,4.9317,0,0,0
102,102,train,healthy,8.8078,771.6597,778.4959,778.4959,-6.8362,0.0,4.9317,0,0,0
103,103,train,healthy,8.7702,761.4004,747.6516,747.6516,13.7488,0.4011,4.9317,0,0,0
104,104,train,healthy,8.9709,817.1133,817.4056,817.4056,-0.2922,0.0,4.9317,0,0,0
105,105,train,healthy,9.4633,964.695,1031.159,1031.159,-66.464,0.0,4.9317,0,0,0
106,106,train,healthy,9.9314,1119.9977,1102.8745,1102.8745,17.1232,0.6181,4.9317,0,0,0
107,107,train,healthy,10.0974,1178.7348,1189.2753,1189.2753,-10.5405,0.0,4.9317,0,0,0
108,108,train,healthy,9.7395,1054.5083,1051.1139,1051.1139,3.3944,0.0,4.9317,0,0,0
109,109,train,healthy,9.9526,1127.4055,1116.6113,1116.6113,10.7942,0.2112,4.9317,0,0,0
110,110,train,healthy,10.4438,1307.6108,1317.6905,1317.6905,-10.0797,0.0,4.9317,0,0,0
111,111,train,healthy,10.2158,1221.8039,1196.177,1196.177,25.6269,1.1647,4.9317,0,0,0
112,112,train,healthy,10.2474,1233.4817,1201.2844,1201.2844,32.1972,2.7517,4.9317,0,0,0
113,113,train,healthy,9.4626,964.4928,965.8293,965.8293,-1.3366,2.1832,4.9317,0,0,0
114,114,train,healthy,9.7494,1057.8296,1063.6838,1063.6838,-5.8542,1.3242,4.9317,0,0,0
115,115,train,healthy,9.5438,990.3361,984.6161,984.6161,5.72,1.2093,4.9317,0,0,0
116,116,train,healthy,9.1449,867.4627,888.6631,888.6631,-21.2003,0.0,4.9317,0,0,0
117,117,train,healthy,9.0938,852.472,847.1069,847.1069,5.3651,0.0,4.9317,0,0,0
118,118,train,healthy,8.4465,676.785,682.131,682.131,-5.346,0.0,4.9317,0,0,0
119,119,train,healthy,8.3896,662.5567,636.0562,636.0562,26.5004,1.2208,4.9317,0,0,0
120,120,train,healthy,8.5762,709.9292,739.724,739.724,-29.7948,0.0,4.9317,0,0,0
121,121,train,healthy,8.5694,708.1612,701.0661,701.0661,7.0951,0.0,4.9317,0,0,0
122,122,train,healthy,9.1919,881.3938,881.825,881.825,-0.4312,0.0,4.9317,0,0,0
123,123,train,healthy,9.126,861.9042,871.9684,871.9684,-10.0643,0.0,4.9317,0,0,0
124,124,train,healthy,9.2454,897.4375,886.2226,886.2226,11.215,0.2383,4.9317,0,0,0
125,125,train,healthy,8.7524,756.5754,764.8022,764.8022,-8.2268,0.0,4.9317,0,0,0
126,126,train,healthy,8.3619,655.7094,658.6202,658.6202,-2.9108,0.0,4.9317,0,0,0
127,127,train,healthy,8.2936,639.0047,661.3687,661.3687,-22.364,0.0,4.9317,0,0,0
128,128,train,healthy,8.9681,816.3067,798.1878,798.1878,18.119,0.6821,4.9317,0,0,0
129,129,train,healthy,9.093,852.2488,851.9783,851.9783,0.2705,0.2168,4.9317,0,0,0
130,130,train,healthy,9.2227,890.6164,891.202,891.202,-0.5856,0.0,4.9317,0,0,0
131,131,train,healthy,9.387,940.7985,930.6399,930.6399,10.1587,0.1704,4.9317,0,0,0
132,132,train,healthy,9.507,978.5771,960.433,960.433,18.1441,0.8541,4.9317,0,0,0
133,133,train,healthy,9.0155,829.8267,836.8467,836.8467,-7.0199,0.0,4.9317,0,0,0
134,134,train,healthy,9.3007,914.2147,886.3979,886.3979,27.8168,1.3055,4.9317,0,0,0
135,135,train,healthy,9.7976,1074.0726,1050.8399,1050.8399,23.2328,2.3163,4.9317,0,0,0
136,136,train,healthy,9.2106,886.9739,886.1673,886.1673,0.8066,1.8855,4.9317,0,0,0
137,137,train,healthy,9.0175,830.3927,829.879,829.879,0.5137,1.4358,4.9317,0,0,0
138,138,train,healthy,8.3661,656.7485,642.7098,642.7098,14.0388,1.8556,4.9317,0,0,0
139,139,train,healthy,8.3833,660.9876,651.4825,651.4825,9.5051,1.984,4.9317,0,0,0
140,140,train,healthy,7.9451,557.9531,537.4267,537.4267,20.5264,2.8208,4.9317,0,0,0
141,141,train,healthy,7.7787,521.6722,532.9879,532.9879,-11.3157,1.6108,4.9317,0,0,0
142,142,train,healthy,7.5052,465.319,471.1947,471.1947,-5.8756,0.7504,4.9317,0,0,0
143,143,train,healthy,7.2957,424.8394,456.3684,456.3684,-31.5289,0.0,4.9317,0,0,0
144,144,train,healthy,7.3164,428.7431,416.9937,416.9937,11.7494,0.2726,4.9317,0,0,0
145,145,train,healthy,7.841,535.0577,547.5787,547.5787,-12.521,0.0,4.9317,0,0,0
146,146,train,healthy,8.1119,595.8653,590.2567,590.2567,5.6086,0.0,4.9317,0,0,0
147,147,train,healthy,7.7274,510.7816,509.1352,509.1352,1.6464,0.0,4.9317,0,0,0
148,148,train,healthy,7.3432,433.8179,408.8824,408.8824,24.9355,1.1202,4.9317,0,0,0
149,149,train,healthy,6.9574,364.2203,414.3428,414.3428,-50.1226,0.0,4.9317,0,0,0
150,150,train,healthy,7.1521,398.4079,411.4007,411.4007,-12.9927,0.0,4.9317,0,0,0
151,151,train,healthy,7.0466,379.6628,391.9585,391.9585,-12.2956,0.0,4.9317,0,0,0
152,152,train,healthy,6.8235,341.8032,344.3183,344.3183,-2.5151,0.0,4.9317,0,0,0
153,153,train,healthy,6.7565,330.9094,310.6494,310.6494,20.26,0.8197,4.9317,0,0,0
154,154,train,healthy,6.5418,297.424,271.6674,271.6674,25.7567,1.9927,4.9317,0,0,0
155,155,train,healthy,6.5938,305.3409,281.7949,281.7949,23.546,3.0237,4.9317,0,0,0
156,156,train,healthy,6.5349,296.3825,306.8222,306.8222,-10.4398,1.8699,4.9317,0,0,0
157,157,train,healthy,6.4542,284.3687,268.4717,268.4717,15.897,2.4092,4.9317,0,0,0
158,158,train,healthy,6.7637,332.0642,330.4774,330.4774,1.5868,2.0285,4.9317,0,0,0
159,159,train,healthy,6.4267,280.3465,282.5972,282.5972,-2.2507,1.4012,4.9317,0,0,0
160,160,train,healthy,6.0648,230.536,230.1255,230.1255,0.4106,0.945,4.9317,0,0,0
161,161,train,healthy,6.7402,328.2935,318.4689,318.4689,9.8245,1.0939,4.9317,0,0,0
162,162,train,healthy,6.3243,265.6743,256.6695,256.6695,9.0049,1.1901,4.9317,0,0,0
163,163,train,healthy,5.9605,217.2437,219.2225,219.2225,-1.9788,0.5802,4.9317,0,0,0
164,164,train,healthy,5.9407,214.7701,214.4152,214.4152,0.3549,0.1204,4.9317,0,0,0
165,165,train,healthy,6.7355,327.5305,307.5869,307.5869,19.9436,0.9197,4.9317,0,0,0
166,166,train,healthy,6.4316,281.066,299.1993,299.1993,-18.1333,0.0,4.9317,0,0,0
167,167,train,healthy,6.9501,362.9858,378.5384,378.5384,-15.5526,0.0,4.9317,0,0,0
168,168,train,healthy,6.5228,294.5691,308.6925,308.6925,-14.1233,0.0,4.9317,0,0,0
169,169,train,healthy,6.459,285.0869,293.9904,293.9904,-8.9034,0.0,4.9317,0,0,0
170,170,train,healthy,7.1483,397.7197,390.6725,390.6725,7.0472,0.0,4.9317,0,0,0
171,171,train,healthy,7.5392,472.1064,501.6909,501.6909,-29.5845,0.0,4.9317,0,0,0
172,172,train,healthy,7.4211,448.7982,438.7344,438.7344,10.0638,0.1643,4.9317,0,0,0
173,173,train,healthy,7.3679,438.5368,431.1432,431.1432,7.3936,0.1569,4.9317,0,0,0
174,174,train,healthy,7.1678,401.2478,391.2701,391.2701,9.9777,0.3156,4.9317,0,0,0
175,175,train,healthy,6.7919,336.6401,353.5545,353.5545,-16.9144,0.0,4.9317,0,0,0
176,176,train,healthy,7.1365,395.5963,403.772,403.772,-8.1758,0.0,4.9317,0,0,0
177,177,train,healthy,8.2878,637.6006,623.0564,623.0564,14.5441,0.4523,4.9317,0,0,0
178,178,train,healthy,7.8295,532.5781,532.7697,532.7697,-0.1916,0.0,4.9317,0,0,0
179,179,train,healthy,8.7021,743.0745,736.1428,736.1428,6.9317,0.0,4.9317,0,0,0
180,180,train,healthy,8.2674,632.6698,655.4652,655.4652,-22.7954,0.0,4.9317,0,0,0
181,181,train,healthy,8.663,732.6804,753.9864,753.9864,-21.306,0.0,4.9317,0,0,0
182,182,train,healthy,8.3006,640.7012,637.1583,637.1583,3.5429,0.0,4.9317,0,0,0
183,183,train,healthy,7.9927,568.6089,572.7768,572.7768,-4.1679,0.0,4.9317,0,0,0
184,184,train,healthy,7.6131,487.0747,492.8627,492.8627,-5.788,0.0,4.9317,0,0,0
185,185,train,healthy,7.5603,476.3421,494.3201,494.3201,-17.978,0.0,4.9317,0,0,0
186,186,train,healthy,7.2144,409.742,424.5818,424.5818,-14.8397,0.0,4.9317,0,0,0
187,187,train,healthy,7.5483,473.9242,483.1176,483.1176,-9.1934,0.0,4.9317,0,0,0
188,188,train,healthy,7.3988,444.4735,451.5774,451.5774,-7.1039,0.0,4.9317,0,0,0
189,189,train,healthy,7.5643,477.1589,476.9202,476.9202,0.2387,0.0,4.9317,0,0,0
190,190,train,healthy,7.2029,407.6394,397.9456,397.9456,9.6937,0.1405,4.9317,0,0,0
191,191,train,healthy,6.9915,370.0742,382.5286,382.5286,-12.4544,0.0,4.9317,0,0,0
192,192,train,healthy,7.0564,381.3814,406.5279,406.5279,-25.1465,0.0,4.9317,0,0,0
193,193,train,healthy,7.0687,383.5347,419.1344,419.1344,-35.5997,0.0,4.9317,0,0,0
194,194,train,healthy,7.8759,542.659,540.683,540.683,1.9761,0.0,4.9317,0,0,0
195,195,train,healthy,8.5687,707.9815,719.6654,719.6654,-11.6839,0.0,4.9317,0,0,0
196,196,train,healthy,8.4024,665.7502,659.3072,659.3072,6.443,0.0,4.9317,0,0,0
197,197,train,healthy,8.3394,650.1623,652.6798,652.6798,-2.5175,0.0,4.9317,0,0,0
198,198,train,healthy,7.9467,558.3052,547.2191,547.2191,11.0861,0.23,4.9317,0,0,0
199,199,train,healthy,7.8188,530.2584,532.1733,532.1733,-1.9148,0.0,4.9317,0,0,0
200,200,train,healthy,8.2051,617.7538,607.6953,607.6953,10.0584,0.1639,4.9317,0,0,0
201,201,train,healthy,8.2739,634.2308,634.6234,634.6234,-0.3926,0.0,4.9317,0,0,0
202,202,train,healthy,7.9823,566.2671,580.6157,580.6157,-14.3486,0.0,4.9317,0,0,0
203,203,train,healthy,7.9234,553.1253,537.3678,537.3678,15.7575,0.5303,4.9317,0,0,0
204,204,train,healthy,8.8256,776.5261,768.7669,768.7669,7.7593,0.5464,4.9317,0,0,0
205,205,train,healthy,8.4226,670.7713,660.6301,660.6301,10.1412,0.7156,4.9317,0,0,0
206,206,train,healthy,8.062,584.3553,597.2675,597.2675,-12.9121,0.0,4.9317,0,0,0
207,207,train,healthy,8.5471,702.3982,705.9934,705.9934,-3.5952,0.0,4.9317,0,0,0
208,208,train,healthy,8.4256,671.5445,670.7635,670.7635,0.781,0.0,4.9317,0,0,0
209,209,train,healthy,8.4587,679.8577,679.8446,679.8446,0.0131,0.0,4.9317,0,0,0
210,210,train,healthy,8.134,601.0199,617.4287,617.4287,-16.4088,0.0,4.9317,0,0,0
211,211,train,healthy,8.2612,631.1761,669.1181,669.1181,-37.9419,0.0,4.9317,0,0,0
212,212,train,healthy,8.4685,682.319,679.1454,679.1454,3.1736,0.0,4.9317,0,0,0
213,213,train,healthy,8.402,665.6416,676.7054,676.7054,-11.0637,0.0,4.9317,0,0,0
214,214,train,healthy,7.8632,539.8943,545.4084,545.4084,-5.5141,0.0,4.9317,0,0,0
215,215,train,healthy,8.3385,649.9464,636.2722,636.2722,13.6742,0.3964,4.9317,0,0,0
216,216,train,healthy,8.7315,750.9364,730.2892,730.2892,20.6472,1.2409,4.9317,0,0,0
217,217,train,healthy,8.5299,697.9864,690.6301,690.6301,7.3563,1.2312,4.9317,0,0,0
218,218,train,healthy,8.0988,592.8343,587.3232,587.3232,5.5111,1.1028,4.9317,0,0,0
219,219,train,healthy,8.0396,579.2337,579.3944,579.3944,-0.1606,0.6098,4.9317,0,0,0
220,220,train,healthy,8.0543,582.588,576.216,576.216,6.3719,0.5368,4.9317,0,0,0
221,221,train,healthy,7.6919,503.3366,488.586,488.586,14.7506,1.0023,4.9317,0,0,0
222,222,train,healthy,7.4386,452.1951,482.1648,482.1648,-29.9697,0.0,4.9317,0,0,0
223,223,train,healthy,8.0275,576.4815,539.5454,539.5454,36.9361,1.8917,4.9317,0,0,0
224,224,train,healthy,7.6412,492.8333,468.2908,468.2908,24.5426,2.9866,4.9317,0,0,0
225,225,train,healthy,7.9493,558.8693,584.6705,584.6705,-25.8012,0.8455,4.9317,0,0,0
226,226,train,healthy,8.1008,593.3015,603.9582,603.9582,-10.6567,0.0,4.9317,0,0,0
227,227,train,healthy,7.757,517.0525,513.5934,513.5934,3.4591,0.0,4.9317,0,0,0
228,228,train,healthy,7.8048,527.2557,516.9689,516.9689,10.2869,0.1786,4.9317,0,0,0
229,229,train,healthy,7.5221,468.6862,506.6638,506.6638,-37.9777,0.0,4.9317,0,0,0
230,230,train,healthy,7.883,544.2173,552.7107,552.7107,-8.4934,0.0,4.9317,0,0,0
231,231,train,healthy,7.5162,467.5136,458.3267,458.3267,9.1869,0.1079,4.9317,0,0,0
232,232,train,healthy,7.8634,539.937,548.6425,548.6425,-8.7055,0.0,4.9317,0,0,0
233,233,train,healthy,8.2272,623.0203,657.8559,657.8559,-34.8356,0.0,4.9317,0,0,0
234,234,train,healthy,8.1735,610.2678,620.353,620.353,-10.0851,0.0,4.9317,0,0,0
235,235,train,healthy,8.2689,633.0119,638.7917,638.7917,-5.7797,0.0,4.9317,0,0,0
236,236,train,healthy,8.171,609.6769,616.6721,616.6721,-6.9952,0.0,4.9317,0,0,0
237,237,train,healthy,7.7459,514.6979,527.5192,527.5192,-12.8213,0.0,4.9317,0,0,0
238,238,train,healthy,7.5472,473.7041,464.3427,464.3427,9.3614,0.1191,4.9317,0,0,0
239,239,train,healthy,8.584,711.9362,714.8324,714.8324,-2.8961,0.0,4.9317,0,0,0
240,240,train,healthy,8.6745,735.7148,751.0551,751.0551,-15.3404,0.0,4.9317,0,0,0
241,241,train,healthy,8.5415,700.9587,750.7577,750.7577,-49.799,0.0,4.9317,0,0,0
242,242,train,healthy,8.4693,682.5436,662.673,662.673,19.8706,0.7947,4.9317,0,0,0
243,243,train,healthy,8.2083,618.513,621.6164,621.6164,-3.1034,0.1125,4.9317,0,0,0
244,244,train,healthy,8.1648,608.2198,591.9436,591.9436,16.2762,0.6761,4.9317,0,0,0
245,245,train,healthy,8.6683,734.0861,791.0787,791.0787,-56.9925,0.0,4.9317,0,0,0
246,246,train,healthy,8.8282,777.2469,761.5143,761.5143,15.7325,0.5287,4.9317,0,0,0
247,247,train,healthy,8.4148,668.8237,655.3786,655.3786,13.4451,0.9103,4.9317,0,0,0
248,248,train,healthy,8.4725,683.3479,702.7138,702.7138,-19.3659,0.0,4.9317,0,0,0
249,249,train,healthy,8.1658,608.4743,630.2858,630.2858,-21.8116,0.0,4.9317,0,0,0
250,250,train,healthy,7.5987,484.1217,462.9874,462.9874,21.1343,0.8759,4.9317,0,0,0
251,251,train,healthy,7.483,460.9117,494.2032,494.2032,-33.2915,0.0,4.9317,0,0,0
252,252,train,healthy,7.3342,432.1174,447.9162,447.9162,-15.7988,0.0,4.9317,0,0,0
253,253,train,healthy,7.2541,417.0766,434.5881,434.5881,-17.5115,0.0,4.9317,0,0,0
254,254,train,healthy,7.4495,454.3245,457.3617,457.3617,-3.0372,0.0,4.9317,0,0,0
255,255,train,healthy,7.071,383.9413,359.1879,359.1879,24.7535,1.1085,4.9317,0,0,0
256,256,train,healthy,7.1336,395.0734,446.4676,446.4676,-51.3942,0.0,4.9317,0,0,0
257,257,train,healthy,6.7822,335.0552,321.2567,321.2567,13.7985,0.4043,4.9317,0,0,0
258,258,train,healthy,7.0235,375.6165,373.6001,373.6001,2.0163,0.0513,4.9317,0,0,0
259,259,train,healthy,6.733,327.1382,320.3677,320.3677,6.7705,0.0039,4.9317,0,0,0
260,260,train,healthy,6.5469,298.1913,317.4364,317.4364,-19.2451,0.0,4.9317,0,0,0
261,261,train,healthy,6.5268,295.167,286.1949,286.1949,8.9721,0.0941,4.9317,0,0,0
262,262,train,healthy,6.6552,314.8378,304.5336,304.5336,10.3042,0.2738,4.9317,0,0,0
263,263,train,healthy,7.1311,394.6377,406.2006,406.2006,-11.5629,0.0,4.9317,0,0,0
264,264,train,healthy,6.9278,359.1915,371.1623,371.1623,-11.9708,0.0,4.9317,0,0,0
265,265,train,healthy,7.0992,388.9279,390.4439,390.4439,-1.516,0.0,4.9317,0,0,0
266,266,train,healthy,6.9936,370.436,375.0055,375.0055,-4.5695,0.0,4.9317,0,0,0
267,267,train,healthy,7.4563,455.6568,468.5035,468.5035,-12.8467,0.0,4.9317,0,0,0
268,268,train,healthy,7.9969,569.5443,571.7023,571.7023,-2.158,0.0,4.9317,0,0,0
269,269,train,healthy,8.3595,655.1198,645.7694,645.7694,9.3504,0.1184,4.9317,0,0,0
270,270,train,healthy,8.0222,575.2849,574.8947,574.8947,0.3901,0.0,4.9317,0,0,0
271,271,train,healthy,8.3269,647.0995,671.0803,671.0803,-23.9808,0.0,4.9317,0,0,0
272,272,train,healthy,7.8921,546.2126,567.6107,567.6107,-21.3981,0.0,4.9317,0,0,0
273,273,train,healthy,7.9767,565.0048,588.0945,588.0945,-23.0897,0.0,4.9317,0,0,0
274,274,train,healthy,7.8733,542.1076,562.1505,562.1505,-20.0428,0.0,4.9317,0,0,0
275,275,train,healthy,7.9807,565.9153,566.4877,566.4877,-0.5724,0.0,4.9317,0,0,0
276,276,train,healthy,7.8394,534.7187,537.9235,537.9235,-3.2047,0.0,4.9317,0,0,0
277,277,train,healthy,8.3207,645.5919,650.7507,650.7507,-5.1588,0.0,4.9317,0,0,0
278,278,train,healthy,8.3419,650.7722,638.5436,638.5436,12.2286,0.3034,4.9317,0,0,0
279,279,train,healthy,7.8594,539.0661,520.4747,520.4747,18.5915,1.0159,4.9317,0,0,0
280,280,train,healthy,8.174,610.3896,594.3537,594.3537,16.0359,1.564,4.9317,0,0,0
281,281,train,healthy,7.989,567.7816,569.0165,569.0165,-1.2349,1.002,4.9317,0,0,0
282,282,train,healthy,8.1115,595.7723,590.3609,590.3609,5.4114,0.8672,4.9317,0,0,0
283,283,train,healthy,8.252,628.9417,634.8088,634.8088,-5.8671,0.0074,4.9317,0,0,0
284,284,train,healthy,8.9888,822.2088,842.7298,842.7298,-20.521,0.0,4.9317,0,0,0
285,285,train,healthy,9.6929,1038.9977,1042.6481,1042.6481,-3.6504,0.0,4.9317,0,0,0
286,286,train,healthy,9.0815,848.9053,843.5361,843.5361,5.3692,0.0,4.9317,0,0,0
287,287,train,healthy,8.666,733.4758,720.6929,720.6929,12.7828,0.3391,4.9317,0,0,0
288,288,val,healthy,8.3118,643.4243,622.0889,622.0889,21.3353,1.2279,4.9317,0,0,0
289,289,val,healthy,7.98,565.7576,564.4831,564.4831,1.2745,0.8272,4.9317,0,0,0
290,290,val,healthy,7.499,464.0945,454.0977,454.0977,9.9968,0.9871,4.9317,0,0,0
291,291,val,healthy,7.8764,542.7696,550.5921,550.5921,-7.8225,0.0016,4.9317,0,0,0
292,292,val,healthy,7.7741,520.6918,505.1413,505.1413,15.5505,0.5186,4.9317,0,0,0
293,293,val,healthy,7.7558,516.7847,511.0223,511.0223,5.7623,0.4064,4.9317,0,0,0
294,294,val,healthy,7.6719,499.1751,469.747,469.747,29.4281,1.8154,4.9317,0,0,0
295,295,val,healthy,7.2404,414.5424,426.3719,426.3719,-11.8294,0.5724,4.9317,0,0,0
296,296,val,healthy,7.0381,378.1736,352.571,352.571,25.6026,1.7355,4.9317,0,0,0
297,297,val,healthy,6.604,306.8933,287.9596,287.9596,18.9337,2.4699,4.9317,0,0,0
298,298,val,healthy,7.1306,394.5511,398.2219,398.2219,-3.6708,1.7513,4.9317,0,0,0
299,299,val,healthy,7.0314,377.0059,352.8502,352.8502,24.1556,2.8214,4.9317,0,0,0
300,300,val,healthy,6.92,357.8737,370.9287,370.9287,-13.055,1.4996,4.9317,0,0,0
301,301,val,healthy,6.7568,330.9629,364.5671,364.5671,-33.6042,0.0,4.9317,0,0,0
302,302,val,healthy,6.7159,324.4086,291.0364,291.0364,33.3722,1.6626,4.9317,0,0,0
303,303,val,healthy,6.4882,289.3899,288.0619,288.0619,1.328,1.2653,4.9317,0,0,0
304,304,val,healthy,6.756,330.8264,353.8372,353.8372,-23.0108,0.0,4.9317,0,0,0
305,305,val,healthy,6.4126,278.3,290.433,290.433,-12.133,0.0,4.9317,0,0,0
306,306,val,healthy,6.5831,303.69,274.2311,274.2311,29.4588,1.411,4.9317,0,0,0
307,307,val,healthy,6.5718,301.9754,283.9611,283.9611,18.0143,2.0864,4.9317,0,0,0
308,308,val,healthy,6.2836,259.966,255.5811,255.5811,4.3849,1.8856,4.9317,0,0,0
309,309,val,healthy,6.2078,249.5383,216.9905,216.9905,32.5478,3.4951,4.9317,0,0,0
310,310,val,healthy,6.4907,289.775,250.0944,250.0944,39.6806,5.5632,4.9317,1,0,0
311,311,val,healthy,6.8439,345.1577,332.5054,332.5054,12.6522,5.8939,4.9317,1,0,0
312,312,val,healthy,7.058,381.651,378.3767,378.3767,3.2743,5.6217,4.9317,1,0,0
313,313,val,healthy,6.9854,369.0354,358.7983,358.7983,10.2371,5.7971,4.9317,1,0,0
314,314,val,healthy,6.4695,286.6355,300.883,300.883,-14.2475,4.3986,4.9317,0,0,0
315,315,val,healthy,6.1869,246.7026,244.1242,244.1242,2.5784,4.0817,4.9317,0,0,0
316,316,val,healthy,6.381,273.7333,276.8113,276.8113,-3.078,3.4012,4.9317,0,0,0
317,317,val,healthy,6.5591,300.0343,315.0524,315.0524,-15.0181,1.9532,4.9317,0,0,0
318,318,val,healthy,6.3575,270.3843,279.0031,279.0031,-8.6188,0.9165,4.9317,0,0,0
319,319,val,healthy,6.657,315.121,291.8454,291.8454,23.2756,1.9301,4.9317,0,0,0
320,320,val,healthy,6.8029,338.4216,325.4985,325.4985,12.9231,2.2781,4.9317,0,0,0
321,321,val,healthy,7.7566,516.9683,512.4904,512.4904,4.4779,2.0833,4.9317,0,0,0
322,322,val,healthy,8.073,586.8948,553.1976,553.1976,33.6971,3.7668,4.9317,0,0,0
323,323,val,healthy,7.9922,568.4981,561.4668,561.4668,7.0313,3.7361,4.9317,0,0,0
324,324,val,healthy,7.7886,523.7816,513.547,513.547,10.2346,3.9114,4.9317,0,0,0
325,325,val,healthy,7.6677,498.3154,480.8748,480.8748,17.4406,4.5499,4.9317,0,0,0
326,326,val,healthy,7.7778,521.4762,523.4408,523.4408,-1.9645,3.9409,4.9317,0,0,0
327,327,val,healthy,7.3169,428.8302,414.3165,414.3165,14.5138,4.3913,4.9317,0,0,0
328,328,val,healthy,7.2266,411.9961,436.5758,436.5758,-24.5797,2.3286,4.9317,0,0,0
329,329,val,healthy,7.6298,490.4864,508.2386,508.2386,-17.7522,0.7048,4.9317,0,0,0
330,330,val,healthy,8.2008,616.7376,619.69,619.69,-2.9524,0.0324,4.9317,0,0,0
331,331,val,healthy,7.6621,497.149,498.7363,498.7363,-1.5873,0.0,4.9317,0,0,0
332,332,val,healthy,7.1288,394.2277,402.5332,402.5332,-8.3055,0.0,4.9317,0,0,0
333,333,val,healthy,6.7665,332.5178,312.5847,312.5847,19.9331,0.7987,4.9317,0,0,0
334,334,val,healthy,6.7366,327.7081,343.0765,343.0765,-15.3684,0.0,4.9317,0,0,0
335,335,val,healthy,6.9744,367.1459,371.5747,371.5747,-4.4288,0.0,4.9317,0,0,0
336,336,val,healthy,7.5303,470.3268,482.1661,482.1661,-11.8393,0.0,4.9317,0,0,0
337,337,val,healthy,7.7661,518.9711,537.4104,537.4104,-18.4393,0.0,4.9317,0,0,0
338,338,val,healthy,8.0279,576.5671,544.5922,544.5922,31.9749,1.5727,4.9317,0,0,0
339,339,val,healthy,7.5821,480.7569,496.659,496.659,-15.9021,0.0679,4.9317,0,0,0
340,340,val,healthy,7.2183,410.4618,433.3176,433.3176,-22.8557,0.0,4.9317,0,0,0
341,341,val,healthy,7.0016,371.828,374.4527,374.4527,-2.6247,0.0,4.9317,0,0,0
342,342,val,healthy,7.4354,451.583,448.1332,448.1332,3.4499,0.0,4.9317,0,0,0
343,343,val,healthy,7.7028,505.6203,496.1204,496.1204,9.4999,0.128,4.9317,0,0,0
344,344,val,healthy,7.8775,543.0101,560.548,560.548,-17.538,0.0,4.9317,0,0,0
345,345,val,healthy,7.4138,447.3704,409.5331,409.5331,37.8373,1.9496,4.9317,0,0,0
346,346,val,healthy,7.7899,524.0504,501.4448,501.4448,22.6056,2.9201,4.9317,0,0,0
347,347,val,healthy,7.5158,467.4334,449.5066,449.5066,17.9268,3.5898,4.9317,0,0,0
348,348,val,healthy,7.3611,437.2341,478.9555,478.9555,-41.7214,0.4252,4.9317,0,0,0
349,349,val,healthy,7.3313,431.5692,378.9169,378.9169,52.6523,3.3272,4.9317,0,0,0
350,350,val,healthy,6.8916,353.1013,341.5857,341.5857,11.5156,3.5847,4.9317,0,0,0
351,351,val,healthy,7.1732,402.222,410.4553,410.4553,-8.2333,2.5729,4.9317,0,0,0
352,352,val,healthy,7.1778,403.0656,414.2733,414.2733,-11.2076,1.3698,4.9317,0,0,0
353,353,val,healthy,7.5824,480.8181,494.4203,494.4203,-13.6022,0.0128,4.9317,0,0,0
354,354,val,healthy,8.0761,587.6075,580.9574,580.9574,6.6501,0.0,4.9317,0,0,0
355,355,val,healthy,8.7674,760.6362,714.4953,714.4953,46.1409,2.4834,4.9317,0,0,0
356,356,val,healthy,8.8382,780.0016,758.2816,758.2816,21.72,3.3969,4.9317,0,0,0
357,357,val,healthy,9.1759,876.6546,864.7088,864.7088,11.9458,3.6821,4.9317,0,0,0
358,358,val,healthy,9.6451,1023.2315,1020.347,1020.347,2.8845,3.3849,4.9317,0,0,0
359,359,val,healthy,8.9358,807.1716,802.62,802.62,4.5516,3.1949,4.9317,0,0,0
360,360,test,healthy,9.023,831.9902,834.2862,834.2862,-2.2959,2.5646,4.9317,0,0,0
361,361,test,healthy,8.5467,702.2933,703.283,703.283,-0.9897,2.0184,4.9317,0,0,0
362,362,test,healthy,8.2912,638.4239,652.2944,652.2944,-13.8705,0.6441,4.9317,0,0,0
363,363,test,healthy,8.0307,577.2082,545.8366,545.8366,31.3715,2.1781,4.9317,0,0,0
364,364,test,healthy,7.8564,538.4198,551.1777,551.1777,-12.758,0.8753,4.9317,0,0,0
365,365,test,healthy,7.3866,442.1154,475.4743,475.4743,-33.359,0.0,4.9317,0,0,0
366,366,test,healthy,7.0548,381.0905,390.6217,390.6217,-9.5312,0.0,4.9317,0,0,0
367,367,test,healthy,6.9036,355.1081,370.8866,370.8866,-15.7786,0.0,4.9317,0,0,0
368,368,test,healthy,6.8996,354.4359,303.616,303.616,50.8199,2.7841,4.9317,0,0,0
369,369,test,healthy,6.783,335.1855,344.1987,344.1987,-9.0131,1.7221,4.9317,0,0,0
370,370,test,healthy,6.6498,313.9896,310.3462,310.3462,3.6434,1.4737,4.9317,0,0,0
371,371,test,healthy,6.6725,317.5472,316.9937,316.9937,0.5534,1.0266,4.9317,0,0,0
372,372,test,healthy,6.7359,327.6046,363.4702,363.4702,-35.8656,0.0,4.9317,0,0,0
373,373,test,healthy,7.1815,403.7384,397.3826,397.3826,6.3558,0.0,4.9317,0,0,0
374,374,test,healthy,6.9032,355.0383,405.5548,405.5548,-50.5165,0.0,4.9317,0,0,0
375,375,test,healthy,6.9641,365.3692,343.4003,343.4003,21.9688,0.9295,4.9317,0,0,0
376,376,test,healthy,7.5881,481.9715,490.7855,490.7855,-8.8141,0.0,4.9317,0,0,0
377,377,test,healthy,7.9426,557.3911,560.0747,560.0747,-2.6836,0.0,4.9317,0,0,0
378,378,test,healthy,7.5706,478.4165,486.778,486.778,-8.3615,0.0,4.9317,0,0,0
379,379,test,healthy,7.8053,527.3553,547.1075,547.1075,-19.7522,0.0,4.9317,0,0,0
380,380,test,healthy,7.8783,543.186,545.0129,545.0129,-1.8269,0.0,4.9317,0,0,0
381,381,test,healthy,7.6933,503.637,512.3389,512.3389,-8.702,0.0,4.9317,0,0,0
382,382,test,healthy,7.3557,436.2088,403.6685,403.6685,32.5403,1.6091,4.9317,0,0,0
383,383,test,healthy,7.527,469.6668,444.8463,444.8463,24.8205,2.7219,4.9317,0,0,0
384,384,test,healthy,7.6266,489.8248,477.5976,477.5976,12.2272,3.0253,4.9317,0,0,0
385,385,test,healthy,7.6842,501.7411,508.1727,508.1727,-6.4316,2.1292,4.9317,0,0,0
386,386,test,healthy,8.4306,672.7827,690.9051,690.9051,-18.1224,0.4816,4.9317,0,0,0
387,387,test,healthy,8.0174,574.1837,552.8239,552.8239,21.3597,1.372,4.9317,0,0,0
388,388,test,healthy,8.8094,772.0768,764.6153,764.6153,7.4615,1.369,4.9317,0,0,0
389,389,test,healthy,8.2499,628.4525,625.7808,625.7808,2.6716,1.0581,4.9317,0,0,0
390,390,test,healthy,8.5773,710.2013,708.5625,708.5625,1.6389,0.6808,4.9317,0,0,0
391,391,test,healthy,8.8713,789.1611,785.3518,785.3518,3.8093,0.443,4.9317,0,0,0
392,392,test,healthy,8.4534,678.5119,655.4348,655.4348,23.0771,1.4438,4.9317,0,0,0
393,393,test,healthy,8.0945,591.8369,566.644,566.644,25.1929,2.5806,4.9317,0,0,0
394,394,test,healthy,8.3172,644.735,656.8598,656.8598,-12.1248,1.3186,4.9317,0,0,0
395,395,test,healthy,8.2055,617.8547,591.9119,591.9119,25.9428,2.5036,4.9317,0,0,0
396,396,test,healthy,8.1688,609.1738,638.7602,638.7602,-29.5864,0.1191,4.9317,0,0,0
397,397,test,healthy,7.9293,554.423,557.4862,557.4862,-3.0633,0.0,4.9317,0,0,0
398,398,test,healthy,8.2301,623.6946,621.129,621.129,2.5656,0.0,4.9317,0,0,0
399,399,test,healthy,7.887,545.0914,551.8872,551.8872,-6.7957,0.0,4.9317,0,0,0
400,400,test,healthy,7.299,425.4639,410.3941,410.3941,15.0699,0.4861,4.9317,0,0,0
401,401,test,healthy,7.1395,396.1424,378.955,378.955,17.1873,1.1083,4.9317,0,0,0
402,402,test,healthy,6.7746,333.8262,335.694,335.694,-1.8678,0.5055,4.9317,0,0,0
403,403,test,healthy,6.4161,278.8087,249.1655,249.1655,29.6432,1.9284,4.9317,0,0,0
404,404,test,healthy,6.6116,308.0656,331.2305,331.2305,-23.1648,0.0,4.9317,0,0,0
405,405,test,healthy,6.3755,272.9523,274.1248,274.1248,-1.1726,0.0,4.9317,0,0,0
406,406,test,healthy,6.1725,244.7587,253.2199,253.2199,-8.4612,0.0,4.9317,0,0,0
407,407,test,healthy,6.204,249.0175,263.8691,263.8691,-14.8517,0.0,4.9317,0,0,0
408,408,test,healthy,6.7837,335.3025,347.7391,347.7391,-12.4366,0.0,4.9317,0,0,0
409,409,test,healthy,6.7394,328.1659,334.0549,334.0549,-5.8891,0.0,4.9317,0,0,0
410,410,test,healthy,6.4191,279.2518,257.7286,257.7286,21.5232,0.9009,4.9317,0,0,0
411,411,test,healthy,6.69,320.3095,327.1275,327.1275,-6.8181,0.0,4.9317,0,0,0
412,412,test,healthy,6.6301,310.9251,321.3538,321.3538,-10.4287,0.0,4.9317,0,0,0
413,413,test,healthy,6.3368,267.4412,266.4975,266.4975,0.9437,0.0,4.9317,0,0,0
414,414,test,healthy,6.3444,268.5143,258.086,258.086,10.4283,0.1877,4.9317,0,0,0
415,415,test,healthy,7.143,396.7637,398.3523,398.3523,-1.5886,0.0,4.9317,0,0,0
416,416,test,healthy,7.0593,381.8816,378.7187,378.7187,3.163,0.0,4.9317,0,0,0
417,417,test,healthy,7.3354,432.3389,408.3462,408.3462,23.9927,1.0596,4.9317,0,0,0
418,418,test,healthy,7.0304,376.8194,363.6696,363.6696,13.1498,1.4223,4.9317,0,0,0
419,419,test,healthy,6.9304,359.6378,335.5319,335.5319,24.1059,2.4892,4.9317,0,0,0
420,420,test,healthy,7.158,399.4717,374.648,374.648,24.8237,3.6023,4.9317,0,0,0
421,421,test,healthy,6.8244,341.9447,332.686,332.686,9.2587,3.7148,4.9317,0,0,0
422,422,test,healthy,6.772,333.4049,317.7039,317.7039,15.701,4.2414,4.9317,0,0,0
423,423,test,healthy,6.9789,367.9144,365.5471,365.5471,2.3673,3.9109,4.9317,0,0,0
424,424,test,healthy,6.7272,326.2085,308.8758,308.8758,17.3327,4.5425,4.9317,0,0,0
425,425,test,healthy,6.4329,281.2522,294.4518,294.4518,-13.1995,3.2113,4.9317,0,0,0
426,426,test,healthy,6.1602,243.1166,232.0536,232.0536,11.0631,3.4398,4.9317,0,0,0
427,427,test,healthy,5.9211,212.3319,215.9059,215.9059,-3.5741,2.7275,4.9317,0,0,0
428,428,test,healthy,5.9129,211.3236,200.5742,200.5742,10.7493,2.9358,4.9317,0,0,0
429,429,test,healthy,5.871,206.188,210.2563,210.2563,-4.0683,2.1916,4.9317,0,0,0
430,430,test,healthy,5.912,211.2066,187.7135,187.7135,23.4931,3.2192,4.9317,0,0,0
431,431,test,healthy,6.0152,224.1548,242.7225,242.7225,-18.5677,1.543,4.9317,0,0,0
432,432,test,healthy,5.6149,176.3921,191.5427,191.5427,-15.1505,0.0864,4.9317,0,0,0
433,433,test,healthy,5.9004,209.7786,222.5513,222.5513,-12.7727,0.0,4.9317,0,0,0
434,434,test,healthy,6.5684,301.446,304.3779,304.3779,-2.9319,0.0,4.9317,0,0,0
435,435,test,healthy,6.4612,285.4045,283.6668,283.6668,1.7377,0.0,4.9317,0,0,0
436,436,test,healthy,6.5454,297.9657,292.1744,292.1744,5.7913,0.0,4.9317,0,0,0
437,437,test,healthy,6.5822,303.5523,274.1654,274.1654,29.3869,1.4064,4.9317,0,0,0
438,438,test,healthy,6.572,301.9978,310.9438,310.9438,-8.9461,0.3487,4.9317,0,0,0
439,439,test,healthy,6.8941,353.5187,357.6791,357.6791,-4.1604,0.0,4.9317,0,0,0
440,440,test,healthy,7.2548,417.2066,446.9633,446.9633,-29.7567,0.0,4.9317,0,0,0
441,441,test,healthy,7.8443,535.7881,534.0034,534.0034,1.7847,0.0,4.9317,0,0,0
442,442,test,healthy,7.5742,479.1532,455.3107,455.3107,23.8425,1.05,4.9317,0,0,0
443,443,test,healthy,7.1913,405.5306,409.9934,409.9934,-4.4628,0.2805,4.9317,0,0,0
444,444,test,healthy,7.0489,380.0518,411.3621,411.3621,-31.3103,0.0,4.9317,0,0,0
445,445,test,healthy,7.5401,472.2771,492.9288,492.9288,-20.6518,0.0,4.9317,0,0,0
446,446,test,healthy,7.043,379.0173,358.1506,358.1506,20.8667,0.8587,4.9317,0,0,0
447,447,test,healthy,6.7936,336.92,330.0412,330.0412,6.8788,0.8182,4.9317,0,0,0
448,448,test,healthy,6.8416,344.7773,359.6438,359.6438,-14.8664,0.0,4.9317,0,0,0
449,449,test,healthy,8.2007,616.7177,608.3453,608.3453,8.3724,0.0555,4.9317,0,0,0
450,450,test,healthy,7.8414,535.1434,538.9832,538.9832,-3.8398,0.0,4.9317,0,0,0
451,451,test,healthy,7.709,506.9261,501.9537,501.9537,4.9724,0.0,4.9317,0,0,0
452,452,test,healthy,7.5882,481.9965,495.7031,495.7031,-13.7066,0.0,4.9317,0,0,0
453,453,test,healthy,8.4217,670.5462,659.4941,659.4941,11.052,0.2278,4.9317,0,0,0
454,454,test,healthy,8.1492,604.5596,636.2794,636.2794,-31.7198,0.0,4.9317,0,0,0
455,455,test,healthy,8.8195,774.8557,777.2525,777.2525,-2.3968,0.0,4.9317,0,0,0
456,456,test,healthy,8.7325,751.209,729.5496,729.5496,21.6594,0.9097,4.9317,0,0,0
457,457,test,healthy,9.0346,835.3311,843.4216,843.4216,-8.0905,0.0,4.9317,0,0,0
458,458,test,healthy,9.0398,836.8134,827.4431,827.4431,9.3702,0.1197,4.9317,0,0,0
459,459,test,healthy,8.5622,706.2955,706.6427,706.6427,-0.3472,0.0,4.9317,0,0,0
460,460,test,healthy,8.2648,632.0403,654.4765,654.4765,-22.4362,0.0,4.9317,0,0,0
461,461,test,healthy,7.9284,554.2337,547.294,547.294,6.9398,0.0,4.9317,0,0,0
462,462,test,healthy,8.0862,589.9246,590.9064,590.9064,-0.9819,0.0,4.9317,0,0,0
463,463,test,healthy,8.1394,602.2832,601.8468,601.8468,0.4363,0.0,4.9317,0,0,0
464,464,test,healthy,7.9988,569.993,574.0557,574.0557,-4.0626,0.0,4.9317,0,0,0
465,465,test,healthy,8.6827,737.8923,713.1037,713.1037,24.7886,1.1108,4.9317,0,0,0
466,466,test,healthy,8.6658,733.4093,724.6791,724.6791,8.7302,1.1893,4.9317,0,0,0
467,467,test,healthy,8.0873,590.1878,584.1462,584.1462,6.0416,1.0951,4.9317,0,0,0
468,468,test,healthy,7.8229,531.1546,524.552,524.552,6.6026,1.0368,4.9317,0,0,0
469,469,test,healthy,7.4737,459.094,439.1975,439.1975,19.8965,1.8332,4.9317,0,0,0
470,470,test,healthy,7.6672,498.2079,498.6179,498.6179,-0.41,1.3242,4.9317,0,0,0
471,471,test,healthy,7.4918,462.6596,476.4476,476.4476,-13.7879,0.0,4.9317,0,0,0
472,472,test,healthy,7.2431,415.042,434.1859,434.1859,-19.1439,0.0,4.9317,0,0,0
473,473,test,healthy,7.0897,387.2545,396.8872,396.8872,-9.6327,0.0,4.9317,0,0,0
474,474,test,healthy,7.1773,402.9691,441.736,441.736,-38.7669,0.0,4.9317,0,0,0
475,475,test,healthy,7.5539,475.0479,466.924,466.924,8.1239,0.0396,4.9317,0,0,0
476,476,test,healthy,8.3932,663.456,657.607,657.607,5.849,0.0,4.9317,0,0,0
477,477,test,healthy,7.9711,563.7463,550.4168,550.4168,13.3295,0.3742,4.9317,0,0,0
478,478,test,healthy,7.5247,469.2024,462.349,462.349,6.8534,0.3321,4.9317,0,0,0
479,479,test,healthy,7.7397,513.3835,541.5113,541.5113,-28.1278,0.0,4.9317,0,0,0
480,480,test,healthy,7.5015,464.5877,463.5132,463.5132,1.0744,0.0,4.9317,0,0,0
481,481,test,healthy,7.5839,481.1286,511.8721,511.8721,-30.7435,0.0,4.9317,0,0,0
482,482,test,healthy,7.4687,458.1054,466.8572,466.8572,-8.7519,0.0,4.9317,0,0,0
483,483,test,healthy,7.1699,401.6304,414.3551,414.3551,-12.7247,0.0,4.9317,0,0,0
484,484,test,healthy,7.3636,437.7108,431.226,431.226,6.4848,0.0,4.9317,0,0,0
485,485,test,healthy,7.2722,420.45,424.4387,424.4387,-3.9887,0.0,4.9317,0,0,0
486,486,test,healthy,7.5309,470.4438,466.193,466.193,4.2508,0.0,4.9317,0,0,0
487,487,test,healthy,7.5183,467.9231,489.1409,489.1409,-21.2177,0.0,4.9317,0,0,0
488,488,test,healthy,8.2646,631.9725,617.0205,617.0205,14.952,0.4785,4.9317,0,0,0
489,489,test,healthy,8.4348,673.8414,678.8182,678.8182,-4.9768,0.0,4.9317,0,0,0
490,490,test,healthy,8.5643,706.8363,707.0387,707.0387,-0.2025,0.0,4.9317,0,0,0
491,491,test,healthy,8.0944,591.8134,592.6564,592.6564,-0.843,0.0,4.9317,0,0,0
492,492,test,healthy,8.4706,682.8714,650.5057,650.5057,32.3656,1.5979,4.9317,0,0,0
493,493,test,healthy,8.1717,609.8574,644.6995,644.6995,-34.8421,0.0,4.9317,0,0,0
494,494,test,healthy,8.6438,727.5921,706.309,706.309,21.2831,0.8855,4.9317,0,0,0
495,495,test,healthy,8.0367,578.5715,610.874,610.874,-32.3025,0.0,4.9317,0,0,0
496,496,test,healthy,8.3586,654.8911,640.1335,640.1335,14.7577,0.466,4.9317,0,0,0
497,497,test,healthy,8.8017,769.9905,776.5433,776.5433,-6.5528,0.0,4.9317,0,0,0
498,498,test,healthy,8.9949,823.9333,827.0048,827.0048,-3.0715,0.0,4.9317,0,0,0
499,499,test,healthy,8.4648,681.3956,688.6008,688.6008,-7.2052,0.0,4.9317,0,0,0
500,500,test,healthy,8.2443,627.1074,640.9781,640.9781,-13.8707,0.0,4.9317,0,0,0
501,501,test,healthy,7.8299,532.6627,548.5341,548.5341,-15.8714,0.0,4.9317,0,0,0
502,502,test,healthy,7.8036,526.9951,567.0525,567.0525,-40.0574,0.0,4.9317,0,0,0
503,503,test,healthy,8.2403,626.1394,614.3872,614.3872,11.7522,0.2728,4.9317,0,0,0
504,504,test,healthy,8.3284,647.4682,670.6727,670.6727,-23.2045,0.0,4.9317,0,0,0
505,505,test,healthy,8.3005,640.663,665.7964,665.7964,-25.1334,0.0,4.9317,0,0,0
506,506,test,healthy,7.7075,506.6028,470.2225,470.2225,36.3803,1.8559,4.9317,0,0,0
507,507,test,healthy,8.055,582.7484,573.4339,573.4339,9.3145,1.972,4.9317,0,0,0
508,508,test,healthy,8.2655,632.2019,603.4134,603.4134,28.7885,3.34,4.9317,0,0,0
509,509,test,healthy,7.9016,548.3026,546.3636,546.3636,1.939,2.982,4.9317,0,0,0
510,510,test,healthy,8.3304,647.9717,633.0522,633.0522,14.9195,3.4584,4.9317,0,0,0
511,511,test,healthy,7.7867,523.364,538.2851,538.2851,-14.9211,2.0166,4.9317,0,0,0
512,512,test,healthy,7.9575,560.7042,539.341,539.341,21.3633,2.9072,4.9317,0,0,0
513,513,test,healthy,7.863,539.8544,566.4282,566.4282,-26.5738,0.7163,4.9317,0,0,0
514,514,test,healthy,7.6975,504.5231,517.6602,517.6602,-13.1371,0.0,4.9317,0,0,0
515,515,test,healthy,7.3067,426.907,454.3072,454.3072,-27.4001,0.0,4.9317,0,0,0
516,516,test,healthy,7.8788,543.3072,503.4451,503.4451,39.8621,2.0797,4.9317,0,0,0
517,517,test,healthy,7.5421,472.691,454.8008,454.8008,17.8903,2.7471,4.9317,0,0,0
518,518,test,healthy,7.8827,544.1616,535.7097,535.7097,8.4519,2.8078,4.9317,0,0,0
519,519,test,healthy,7.6663,498.0112,491.5647,491.5647,6.4466,2.7395,4.9317,0,0,0
520,520,test,healthy,8.4198,670.0798,685.3179,685.3179,-15.2381,1.2774,4.9317,0,0,0
521,521,test,healthy,8.1173,597.1327,565.3488,565.3488,31.7839,2.8378,4.9317,0,0,0
522,522,test,healthy,8.4091,667.4224,678.4463,678.4463,-11.024,1.6465,4.9317,0,0,0
523,523,test,healthy,8.6412,726.9121,728.8231,728.8231,-1.911,1.0411,4.9317,0,0,0
524,524,test,healthy,9.269,904.5735,916.5774,916.5774,-12.0039,0.0,4.9317,0,0,0
525,525,test,healthy,9.2914,911.3786,899.3783,899.3783,12.0003,0.2888,4.9317,0,0,0
526,526,test,healthy,9.3081,916.4815,914.2225,914.2225,2.259,0.0,4.9317,0,0,0
527,527,test,healthy,8.658,731.3408,730.3432,730.3432,0.9976,0.0,4.9317,0,0,0
528,528,test,healthy,8.4742,683.779,703.1481,703.1481,-19.3692,0.0,4.9317,0,0,0
529,529,test,healthy,8.5198,695.3896,683.7179,683.7179,11.6717,0.2676,4.9317,0,0,0
530,530,test,healthy,7.91,550.165,516.1634,516.1634,34.0016,1.9707,4.9317,0,0,0
531,531,test,healthy,8.2327,624.319,623.5909,623.5909,0.7281,1.5348,4.9317,0,0,0
532,532,test,healthy,8.4667,681.8879,722.4435,722.4435,-40.5556,0.0,4.9317,0,0,0
533,533,test,healthy,7.942,557.2496,574.9114,574.9114,-17.6617,0.0,4.9317,0,0,0
534,534,test,healthy,7.4673,457.8197,477.8884,477.8884,-20.0688,0.0,4.9317,0,0,0
535,535,test,healthy,7.3135,428.1954,430.4549,430.4549,-2.2595,0.0,4.9317,0,0,0
536,536,test,healthy,6.8342,343.5692,356.1455,356.1455,-12.5763,0.0,4.9317,0,0,0
537,537,test,healthy,7.5043,465.1434,464.4382,464.4382,0.7052,0.0,4.9317,0,0,0
538,538,test,healthy,7.1333,395.0199,375.9075,375.9075,19.1123,0.7459,4.9317,0,0,0
539,539,test,healthy,6.9889,369.6262,370.6592,370.6592,-1.033,0.1969,4.9317,0,0,0
540,540,test,healthy,6.887,352.3347,335.4795,335.4795,16.8553,0.7977,4.9317,0,0,0
541,541,test,healthy,6.6335,311.4585,322.5204,322.5204,-11.0619,0.0,4.9317,0,0,0
542,542,test,healthy,7.1855,404.4598,365.3883,365.3883,39.0715,2.0289,4.9317,0,0,0
543,543,test,healthy,7.5246,469.1927,457.8894,457.8894,11.3033,2.2729,4.9317,0,0,0
544,544,test,healthy,7.9363,555.9884,571.2978,571.2978,-15.3094,0.8061,4.9317,0,0,0
545,545,test,healthy,7.9193,552.2213,554.5419,554.5419,-2.3206,0.1743,4.9317,0,0,0
546,546,test,healthy,7.8457,536.0933,529.5307,529.5307,6.5626,0.1135,4.9317,0,0,0
547,547,test,healthy,7.7827,522.5236,558.3599,558.3599,-35.8364,0.0,4.9317,0,0,0
548,548,test,healthy,7.8857,544.8151,555.5528,555.5528,-10.7377,0.0,4.9317,0,0,0
549,549,test,healthy,7.6466,493.9513,499.5977,499.5977,-5.6464,0.0,4.9317,0,0,0
550,550,test,healthy,7.3372,432.6713,463.9349,463.9349,-31.2635,0.0,4.9317,0,0,0
551,551,test,healthy,7.1287,394.2031,390.2557,390.2557,3.9473,0.0,4.9317,0,0,0
552,552,test,healthy,7.861,539.4262,545.8968,545.8968,-6.4707,0.0,4.9317,0,0,0
553,553,test,healthy,8.2188,621.0148,582.3744,582.3744,38.6403,2.0012,4.9317,0,0,0
554,554,test,healthy,8.4483,677.2266,671.3813,671.3813,5.8453,1.8943,4.9317,0,0,0
555,555,test,healthy,8.6347,725.2072,731.2297,731.2297,-6.0225,1.0245,4.9317,0,0,0
556,556,test,healthy,8.4805,685.3802,667.4246,667.4246,17.9555,1.6961,4.9317,0,0,0
557,557,test,healthy,8.7233,748.7545,765.7548,765.7548,-17.0004,0.1206,4.9317,0,0,0
558,558,test,healthy,8.5194,695.2731,715.8237,715.8237,-20.5506,0.0,4.9317,0,0,0
559,559,test,healthy,8.5815,711.2993,714.9144,714.9144,-3.615,0.0,4.9317,0,0,0
560,560,test,healthy,8.6191,721.1097,710.5277,710.5277,10.582,0.1976,4.9317,0,0,0
561,561,test,healthy,8.3526,653.4117,634.6191,634.6191,18.7926,0.923,4.9317,0,0,0
562,562,test,healthy,7.8567,538.4706,563.2865,563.2865,-24.8159,0.0,4.9317,0,0,0
563,563,test,healthy,8.1551,605.9394,650.6578,650.6578,-44.7184,0.0,4.9317,0,0,0
564,564,test,healthy,8.2421,626.5881,632.833,632.833,-6.2449,0.0,4.9317,0,0,0
565,565,test,healthy,7.681,501.071,519.2474,519.2474,-18.1764,0.0,4.9317,0,0,0
566,566,test,healthy,7.9624,561.8077,590.7694,590.7694,-28.9617,0.0,4.9317,0,0,0
567,567,test,healthy,8.6941,740.9338,741.2332,741.2332,-0.2994,0.0,4.9317,0,0,0
568,568,test,healthy,8.9248,804.0798,828.3799,828.3799,-24.3001,0.0,4.9317,0,0,0
569,569,test,healthy,8.5262,697.0178,682.121,682.121,14.8968,0.4749,4.9317,0,0,0
570,570,test,healthy,8.2469,627.7169,617.2963,617.2963,10.4207,0.6622,4.9317,0,0,0
571,571,test,healthy,7.7686,519.5109,552.9184,552.9184,-33.4075,0.0,4.9317,0,0,0
572,572,test,healthy,7.7489,515.3196,501.5395,501.5395,13.78,0.4032,4.9317,0,0,0
573,573,test,healthy,8.414,668.6375,685.6426,685.6426,-17.0052,0.0,4.9317,0,0,0
574,574,test,healthy,8.5241,696.5002,662.6345,662.6345,33.8656,1.6943,4.9317,0,0,0
575,575,test,healthy,8.2556,629.8118,605.3813,605.3813,24.4305,2.7821,4.9317,0,0,0
576,576,test,healthy,8.2911,638.3911,657.4316,657.4316,-19.0405,1.0755,4.9317,0,0,0
577,577,test,healthy,8.6381,726.1117,718.8458,718.8458,7.2659,1.0599,4.9317,0,0,0
578,578,test,healthy,8.6595,731.7414,712.0256,712.0256,19.7158,1.8446,4.9317,0,0,0
579,579,test,healthy,8.5979,715.5605,699.0833,699.0833,16.4773,2.4212,4.9317,0,0,0
580,580,test,healthy,8.6418,727.0839,705.0336,705.0336,22.0503,3.3559,4.9317,0,0,0
581,581,test,healthy,8.5971,715.3586,719.6915,719.6915,-4.3328,2.5948,4.9317,0,0,0
582,582,test,healthy,8.9258,804.3601,799.3329,799.3329,5.0272,2.4353,4.9317,0,0,0
583,583,test,healthy,9.5615,996.0327,976.1974,976.1974,19.8353,3.2277,4.9317,0,0,0
584,584,test,healthy,9.152,869.5644,833.1481,833.1481,36.4163,5.0859,4.9317,1,0,0
585,585,test,healthy,8.8218,775.4802,742.3783,742.3783,33.1019,6.7311,4.9317,1,0,0
586,586,test,healthy,8.7881,766.2697,768.6761,768.6761,-2.4064,6.0938,4.9317,1,0,0
587,587,test,healthy,9.1441,867.2417,852.2763,852.2763,14.9654,6.5731,4.9317,1,0,0
588,588,test,healthy,9.2075,886.0714,893.9063,893.9063,-7.8348,5.5869,4.9317,1,0,0
589,589,test,healthy,9.0206,831.3038,810.9802,810.9802,20.3235,6.4107,4.9317,1,0,0
590,590,test,healthy,8.5392,700.3649,705.3236,705.3236,-4.9587,5.6093,4.9317,1,0,0
591,591,test,healthy,8.4715,683.0803,661.8032,661.8032,21.2772,6.4943,4.9317,1,0,0
592,592,test,healthy,7.9112,550.423,535.1294,535.1294,15.2936,6.9948,4.9317,1,0,0
593,593,test,healthy,7.8545,538.0093,565.9149,565.9149,-27.9056,4.7183,4.9317,0,0,0
594,594,test,healthy,8.1673,608.8261,621.0332,621.0332,-12.207,3.451,4.9317,0,0,0
595,595,test,healthy,8.0159,573.8504,573.5573,573.5573,0.2931,2.9872,4.9317,0,0,0
596,596,test,healthy,7.8892,545.5744,553.3651,553.3651,-7.7907,2.0038,4.9317,0,0,0
597,597,test,healthy,7.7733,520.5064,506.8531,506.8531,13.6532,2.3988,4.9317,0,0,0
598,598,test,healthy,7.56,476.2908,450.1611,450.1611,26.1297,3.5958,4.9317,0,0,0
599,599,test,healthy,8.3547,653.9182,678.3695,678.3695,-24.4513,1.5414,4.9317,0,0,0
600,600,test,healthy,8.3414,650.6626,681.2391,681.2391,-30.5765,0.0,4.9317,0,0,0
601,601,test,healthy,8.0139,573.3994,595.67,595.67,-22.2706,0.0,4.9317,0,0,0
602,602,test,healthy,8.3856,661.5648,686.9431,686.9431,-25.3783,0.0,4.9317,0,0,0
603,603,test,healthy,8.9934,823.5205,805.6311,805.6311,17.8894,0.6673,4.9317,0,0,0
604,604,test,healthy,9.2123,887.496,900.4619,900.4619,-12.9659,0.0,4.9317,0,0,0
605,605,test,healthy,9.2814,908.3258,914.1943,914.1943,-5.8685,0.0,4.9317,0,0,0
606,606,test,healthy,9.1956,882.5131,892.4843,892.4843,-9.9711,0.0,4.9317,0,0,0
607,607,test,healthy,9.2345,894.1552,901.2863,901.2863,-7.1312,0.0,4.9317,0,0,0
608,608,test,healthy,8.9814,820.1044,809.9612,809.9612,10.1432,0.1694,4.9317,0,0,0
609,609,test,healthy,9.2212,890.1606,898.5186,898.5186,-8.358,0.0,4.9317,0,0,0
610,610,test,healthy,9.2257,891.518,875.6039,875.6039,15.9141,0.5403,4.9317,0,0,0
611,611,test,healthy,8.9384,807.9202,800.2295,800.2295,7.6906,0.5521,4.9317,0,0,0
612,612,test,healthy,8.7848,765.3787,769.5697,769.5697,-4.191,0.0,4.9317,0,0,0
613,613,test,healthy,8.2299,623.6574,596.4216,596.4216,27.2358,1.2681,4.9317,0,0,0
614,614,test,healthy,7.7564,516.9125,502.2814,502.2814,14.6311,1.726,4.9317,0,0,0
615,615,test,healthy,7.9739,564.3815,561.8151,561.8151,2.5664,1.4083,4.9317,0,0,0
616,616,test,healthy,8.0889,590.5378,608.2226,608.2226,-17.6848,0.0,4.9317,0,0,0
617,617,test,healthy,8.009,572.2772,607.3956,607.3956,-35.1184,0.0,4.9317,0,0,0
618,618,test,healthy,7.93,554.5792,570.2998,570.2998,-15.7206,0.0,4.9317,0,0,0
619,619,test,healthy,8.0176,574.2303,574.126,574.126,0.1043,0.0,4.9317,0,0,0
620,620,test,healthy,7.6529,495.2463,483.4017,483.4017,11.8446,0.2787,4.9317,0,0,0
621,621,test,healthy,7.9585,560.9276,559.6899,559.6899,1.2376,0.0,4.9317,0,0,0
622,622,test,healthy,7.9464,558.2298,561.7388,561.7388,-3.5091,0.0,4.9317,0,0,0
623,623,test,healthy,8.3603,655.2998,667.7532,667.7532,-12.4534,0.0,4.9317,0,0,0
624,624,test,healthy,7.9453,557.9923,543.0287,543.0287,14.9636,0.4792,4.9317,0,0,0
625,625,test,healthy,7.8279,532.2354,509.3489,509.3489,22.8866,1.4678,4.9317,0,0,0
626,626,test,healthy,7.2816,422.2051,411.2132,411.2132,10.9919,1.6917,4.9317,0,0,0
627,627,test,healthy,7.7027,505.6066,504.0293,504.0293,1.5773,1.3105,4.9317,0,0,0
628,628,test,healthy,7.5069,465.6588,487.9348,487.9348,-22.276,0.0,4.9317,0,0,0
629,629,test,healthy,7.4236,449.276,448.2605,448.2605,1.0155,0.0,4.9317,0,0,0
630,630,test,healthy,8.07,586.1885,589.3106,589.3106,-3.1221,0.0,4.9317,0,0,0
631,631,test,healthy,7.7451,514.5197,523.258,523.258,-8.7383,0.0,4.9317,0,0,0
632,632,test,healthy,7.3895,442.681,440.2541,440.2541,2.4269,0.0,4.9317,0,0,0
633,633,test,healthy,7.9411,557.0532,559.3924,559.3924,-2.3392,0.0,4.9317,0,0,0
634,634,test,healthy,7.4823,460.7759,459.2287,459.2287,1.5472,0.0,4.9317,0,0,0
635,635,test,healthy,7.238,414.0907,479.8293,479.8293,-65.7386,0.0,4.9317,0,0,0
636,636,test,healthy,7.1697,401.5951,397.9429,397.9429,3.6522,0.0,4.9317,0,0,0
637,637,test,healthy,7.1581,399.4888,401.5955,401.5955,-2.1067,0.0,4.9317,0,0,0
638,638,test,healthy,7.4173,448.0653,441.2095,441.2095,6.8559,0.0,4.9317,0,0,0
639,639,test,healthy,8.0416,579.682,600.3937,600.3937,-20.7117,0.0,4.9317,0,0,0
640,640,test,healthy,8.019,574.5625,608.9236,608.9236,-34.3611,0.0,4.9317,0,0,0
641,641,test,healthy,7.6507,494.7867,547.0321,547.0321,-52.2454,0.0,4.9317,0,0,0
642,642,test,healthy,7.9393,556.6571,571.4913,571.4913,-14.8342,0.0,4.9317,0,0,0
643,643,test,healthy,7.9276,554.0574,540.4417,540.4417,13.6157,0.3926,4.9317,0,0,0
644,644,test,healthy,8.1029,593.7834,583.7857,583.7857,9.9977,0.5526,4.9317,0,0,0
645,645,test,healthy,7.8924,546.2974,541.864,541.864,4.4334,0.355,4.9317,0,0,0
646,646,test,healthy,7.4072,446.0987,440.978,440.978,5.1207,0.2015,4.9317,0,0,0
647,647,test,healthy,7.0627,382.4818,371.7249,371.7249,10.7569,0.4103,4.9317,0,0,0
648,648,test,healthy,7.3012,425.8722,470.9429,470.9429,-45.0707,0.0,4.9317,0,0,0
649,649,test,healthy,7.3905,442.8704,418.329,418.329,24.5414,1.0949,4.9317,0,0,0
650,650,test,healthy,8.5528,703.8654,713.8075,713.8075,-9.9422,0.0,4.9317,0,0,0
651,651,test,healthy,8.4428,675.849,693.761,693.761,-17.912,0.0,4.9317,0,0,0
652,652,test,healthy,8.0539,582.4989,588.4062,588.4062,-5.9073,0.0,4.9317,0,0,0
653,653,test,healthy,7.7053,506.1384,514.6571,514.6571,-8.5187,0.0,4.9317,0,0,0
654,654,test,healthy,8.2566,630.0551,646.9015,646.9015,-16.8465,0.0,4.9317,0,0,0
655,655,test,healthy,8.2544,629.5373,632.7594,632.7594,-3.2221,0.0,4.9317,0,0,0
656,656,test,healthy,8.7382,752.7589,754.0505,754.0505,-1.2916,0.0,4.9317,0,0,0
657,657,test,healthy,8.7057,744.0254,734.1462,734.1462,9.8793,0.1524,4.9317,0,0,0
658,658,test,healthy,8.2266,622.8784,616.902,616.902,5.9764,0.0539,4.9317,0,0,0
659,659,test,healthy,8.3768,659.3961,634.5732,634.5732,24.823,1.167,4.9317,0,0,0
660,660,test,healthy,8.0014,570.5759,534.6656,534.6656,35.9103,2.9927,4.9317,0,0,0
661,661,test,healthy,7.5153,467.3256,469.1284,469.1284,-1.8029,2.3941,4.9317,0,0,0
662,662,test,healthy,7.2364,413.8005,437.7432,437.7432,-23.9427,0.3724,4.9317,0,0,0
663,663,test,healthy,7.5682,477.9313,465.2252,465.2252,12.7061,0.7065,4.9317,0,0,0
664,664,test,healthy,7.173,402.1935,364.7837,364.7837,37.4098,2.6287,4.9317,0,0,0
665,665,test,healthy,6.8032,338.4743,342.5487,342.5487,-4.0744,1.8841,4.9317,0,0,0
666,666,test,healthy,6.286,260.2993,264.7039,264.7039,-4.4046,1.1183,4.9317,0,0,0
667,667,test,healthy,7.3186,429.1488,419.6755,419.6755,9.4733,1.2447,4.9317,0,0,0
668,668,test,healthy,8.4408,675.3372,659.6746,659.6746,15.6626,1.7688,4.9317,0,0,0
669,669,test,healthy,8.565,707.0137,694.6889,694.6889,12.3248,2.0784,4.9317,0,0,0
670,670,test,healthy,8.464,681.1937,684.7222,684.7222,-3.5285,1.369,4.9317,0,0,0
671,671,test,healthy,8.4538,678.6081,685.9371,685.9371,-7.329,0.4152,4.9317,0,0,0
672,672,test,healthy,8.8884,793.9022,783.0975,783.0975,10.8047,0.6271,4.9317,0,0,0
673,673,test,healthy,8.6579,731.3194,730.4277,730.4277,0.8917,0.2018,4.9317,0,0,0
674,674,test,healthy,8.4228,670.8369,663.8518,663.8518,6.9851,0.1682,4.9317,0,0,0
675,675,test,healthy,8.2381,625.6203,624.1707,624.1707,1.4497,0.0,4.9317,0,0,0
676,676,test,healthy,8.1693,609.295,615.5377,615.5377,-6.2427,0.0,4.9317,0,0,0
677,677,test,healthy,8.0731,586.9048,598.1987,598.1987,-11.294,0.0,4.9317,0,0,0
678,678,test,healthy,7.866,540.5094,549.3,549.3,-8.7906,0.0,4.9317,0,0,0
679,679,test,healthy,8.4289,672.3675,690.4987,690.4987,-18.1312,0.0,4.9317,0,0,0
680,680,test,healthy,8.4104,667.7304,671.9351,671.9351,-4.2048,0.0,4.9317,0,0,0
681,681,test,healthy,8.7555,757.4163,750.8094,750.8094,6.6069,0.0,4.9317,0,0,0
682,682,test,healthy,9.1382,865.493,884.1567,884.1567,-18.6638,0.0,4.9317,0,0,0
683,683,test,healthy,8.7825,764.7489,779.2984,779.2984,-14.5495,0.0,4.9317,0,0,0
684,684,test,healthy,8.8439,781.5759,793.3354,793.3354,-11.7595,0.0,4.9317,0,0,0
685,685,test,healthy,8.8849,792.9297,787.0893,787.0893,5.8404,0.0,4.9317,0,0,0
686,686,test,healthy,8.9898,822.4819,862.5253,862.5253,-40.0435,0.0,4.9317,0,0,0
687,687,test,healthy,8.7959,768.3982,741.1424,741.1424,27.2558,1.2694,4.9317,0,0,0
688,688,test,healthy,9.1444,867.3164,873.9747,873.9747,-6.6583,0.3588,4.9317,0,0,0
689,689,test,healthy,8.8929,795.1482,796.4281,796.4281,-1.2799,0.0,4.9317,0,0,0
690,690,test,healthy,9.3543,930.6591,908.8122,908.8122,21.8469,0.9217,4.9317,0,0,0
691,691,test,healthy,8.7601,758.6603,760.4856,760.4856,-1.8253,0.3217,4.9317,0,0,0
692,692,test,healthy,9.0389,836.5573,845.5535,845.5535,-8.9962,0.0,4.9317,0,0,0
693,693,test,healthy,8.686,738.778,727.7483,727.7483,11.0297,0.2264,4.9317,0,0,0
694,694,test,healthy,8.5519,703.6248,710.0197,710.0197,-6.3949,0.0,4.9317,0,0,0
695,695,test,healthy,8.5338,698.9746,702.9447,702.9447,-3.9701,0.0,4.9317,0,0,0
696,696,test,healthy,8.6365,725.6797,735.9626,735.9626,-10.283,0.0,4.9317,0,0,0
697,697,test,healthy,8.674,735.5972,722.1113,722.1113,13.4859,0.3842,4.9317,0,0,0
698,698,test,healthy,8.3583,654.8202,662.1393,662.1393,-7.3191,0.0,4.9317,0,0,0
699,699,test,healthy,8.2678,632.761,614.1878,614.1878,18.5731,0.7113,4.9317,0,0,0
700,700,test,healthy,8.1747,610.548,614.5207,614.5207,-3.9727,0.0,4.9317,0,0,0
701,701,test,healthy,8.3714,658.0462,624.0947,624.0947,33.9515,1.6998,4.9317,0,0,0
702,702,test,healthy,8.1954,615.4542,641.2788,641.2788,-25.8246,0.0,4.9317,0,0,0
703,703,test,healthy,8.4973,689.6333,653.3849,653.3849,36.2484,1.8475,4.9317,0,0,0
704,704,test,healthy,8.4322,673.1817,625.6094,625.6094,47.5724,4.4228,4.9317,0,0,0
705,705,test,healthy,8.229,623.4316,632.5033,632.5033,-9.0716,3.357,4.9317,0,0,0
706,706,test,healthy,8.1322,600.6037,585.2999,585.2999,15.3038,3.8581,4.9317,0,0,0
707,707,test,healthy,8.0126,573.0935,579.2938,579.2938,-6.2003,2.9769,4.9317,0,0,0
708,708,test,healthy,7.9112,550.4362,550.0786,550.0786,0.3576,2.5173,4.9317,0,0,0
709,709,test,healthy,8.2005,616.667,596.0653,596.0653,20.6017,3.359,4.9317,0,0,0
710,710,test,healthy,7.6942,503.8268,499.9814,499.9814,3.8454,3.1235,4.9317,0,0,0
711,711,test,healthy,7.5225,468.7719,497.7003,497.7003,-28.9284,0.7813,4.9317,0,0,0
712,712,test,healthy,7.3285,431.0299,419.4254,419.4254,11.6044,1.0446,4.9317,0,0,0
713,713,test,healthy,6.8966,353.9447,371.1821,371.1821,-17.2374,0.0,4.9317,0,0,0
714,714,test,healthy,6.9868,369.2689,351.8638,351.8638,17.4051,0.6362,4.9317,0,0,0
715,715,test,healthy,7.1832,404.0389,428.4138,428.4138,-24.3749,0.0,4.9317,0,0,0
716,716,test,healthy,7.3941,443.5762,431.6568,431.6568,11.9194,0.2836,4.9317,0,0,0
717,717,test,healthy,7.5751,479.3379,488.1196,488.1196,-8.7817,0.0,4.9317,0,0,0
718,718,test,healthy,7.759,517.46,517.1694,517.1694,0.2907,0.0,4.9317,0,0,0
719,719,test,healthy,7.9109,550.3666,523.6235,523.6235,26.7431,1.2364,4.9317,0,0,0
720,720,test,healthy,8.1788,611.5203,614.033,614.033,-2.5127,0.5923,4.9317,0,0,0
721,721,test,healthy,8.1378,601.9055,608.0903,608.0903,-6.1847,0.0,4.9317,0,0,0
722,722,test,healthy,8.2856,637.0497,632.7493,632.7493,4.3005,0.0,4.9317,0,0,0
723,723,test,healthy,8.3422,650.8436,656.2567,656.2567,-5.413,0.0,4.9317,0,0,0
724,724,test,healthy,8.1358,601.4431,610.3643,610.3643,-8.9212,0.0,4.9317,0,0,0
725,725,test,healthy,8.2586,630.543,633.5634,633.5634,-3.0204,0.0,4.9317,0,0,0
726,726,test,healthy,7.8739,542.2309,560.5754,560.5754,-18.3445,0.0,4.9317,0,0,0
727,727,test,healthy,7.5865,481.641,472.5072,472.5072,9.1338,0.1045,4.9317,0,0,0
728,728,test,healthy,7.7392,513.2755,508.6694,508.6694,4.6061,0.0,4.9317,0,0,0
729,729,test,healthy,7.4264,449.8235,443.4501,443.4501,6.3734,0.0,4.9317,0,0,0
730,730,test,healthy,7.7805,522.0509,510.0864,510.0864,11.9645,0.2865,4.9317,0,0,0
731,731,test,healthy,8.2607,631.0408,611.6205,611.6205,19.4204,1.0522,4.9317,0,0,0
732,732,test,healthy,7.6516,494.9759,521.8188,521.8188,-26.8429,0.0,4.9317,0,0,0
733,733,test,healthy,8.3697,657.6201,647.348,647.348,10.272,0.1777,4.9317,0,0,0
734,734,test,healthy,9.339,925.9423,917.3589,917.3589,8.5834,0.2468,4.9317,0,0,0
735,735,test,healthy,8.8638,787.0549,811.3609,811.3609,-24.306,0.0,4.9317,0,0,0
736,736,test,healthy,9.9103,1112.6912,1108.5367,1108.5367,4.1545,0.0,4.9317,0,0,0
737,737,test,healthy,9.5857,1003.8783,1003.8066,1003.8066,0.0718,0.0,4.9317,0,0,0
738,738,test,healthy,9.3707,935.7202,939.9142,939.9142,-4.194,0.0,4.9317,0,0,0
739,739,test,healthy,9.5032,977.3521,964.4654,964.4654,12.8867,0.3457,4.9317,0,0,0
740,740,test,healthy,9.5962,1007.2699,1013.7702,1013.7702,-6.5003,0.0,4.9317,0,0,0
741,741,test,healthy,8.96,814.0261,802.9645,802.9645,11.0616,0.2284,4.9317,0,0,0
742,742,test,healthy,8.9386,807.9745,816.9327,816.9327,-8.9582,0.0,4.9317,0,0,0
743,743,test,healthy,9.0814,848.8622,848.2047,848.2047,0.6575,0.0,4.9317,0,0,0
744,744,test,healthy,9.0059,827.095,838.3821,838.3821,-11.287,0.0,4.9317,0,0,0
745,745,test,healthy,8.6875,739.1669,762.8364,762.8364,-23.6695,0.0,4.9317,0,0,0
746,746,test,healthy,8.7928,767.5553,805.9781,805.9781,-38.4229,0.0,4.9317,0,0,0
747,747,test,healthy,9.2091,886.5482,854.7563,854.7563,31.792,1.561,4.9317,0,0,0
748,748,test,healthy,8.8213,775.3475,782.9903,782.9903,-7.6428,0.5871,4.9317,0,0,0
749,749,test,healthy,9.2175,889.0483,889.5756,889.5756,-0.5273,0.0705,4.9317,0,0,0
750,750,test,healthy,9.7048,1042.9343,1056.9824,1056.9824,-14.0481,0.0,4.9317,0,0,0
751,751,test,healthy,10.5951,1366.6669,1371.7845,1371.7845,-5.1176,0.0,4.9317,0,0,0
752,752,test,healthy,9.8057,1076.8127,1078.5632,1078.5632,-1.7505,0.0,4.9317,0,0,0
753,753,test,healthy,9.6789,1034.36,1025.8243,1025.8243,8.5357,0.066,4.9317,0,0,0
754,754,test,healthy,9.3021,914.6304,908.1684,908.1684,6.462,0.0,4.9317,0,0,0
755,755,test,healthy,9.1081,856.6484,869.0249,869.0249,-12.3765,0.0,4.9317,0,0,0
756,756,test,healthy,8.4943,688.8874,685.4459,685.4459,3.4414,0.0,4.9317,0,0,0
757,757,test,healthy,8.5594,705.5735,688.5647,688.5647,17.0087,0.6107,4.9317,0,0,0
758,758,test,healthy,8.6129,719.4951,727.5566,727.5566,-8.0615,0.0,4.9317,0,0,0
759,759,test,healthy,8.3692,657.501,651.3404,651.3404,6.1606,0.0,4.9317,0,0,0
760,760,test,healthy,9.6683,1030.8698,1024.9773,1024.9773,5.8926,0.0,4.9317,0,0,0
761,761,test,healthy,9.619,1014.7078,985.8868,985.8868,28.821,1.37,4.9317,0,0,0
762,762,test,healthy,9.2273,891.9984,888.5335,888.5335,3.465,1.1101,4.9317,0,0,0
763,763,test,healthy,9.0266,833.0135,838.5309,838.5309,-5.5175,0.2728,4.9317,0,0,0
764,764,test,healthy,8.9126,800.6754,772.9513,772.9513,27.7242,1.5723,4.9317,0,0,0
765,765,test,healthy,8.3835,661.0498,671.2898,671.2898,-10.24,0.4314,4.9317,0,0,0
766,766,test,healthy,8.3718,658.1392,673.9715,673.9715,-15.8323,0.0,4.9317,0,0,0
767,767,test,healthy,8.1052,594.3082,595.8521,595.8521,-1.5439,0.0,4.9317,0,0,0
768,768,test,healthy,8.1531,605.4851,616.8,616.8,-11.3149,0.0,4.9317,0,0,0
769,769,test,healthy,8.6275,723.3087,733.6075,733.6075,-10.2988,0.0,4.9317,0,0,0
770,770,test,healthy,8.6383,726.1399,741.3221,741.3221,-15.1822,0.0,4.9317,0,0,0
771,771,test,healthy,8.8457,782.0546,791.8103,791.8103,-9.7557,0.0,4.9317,0,0,0
772,772,test,healthy,9.5044,977.7249,993.7316,993.7316,-16.0067,0.0,4.9317,0,0,0
773,773,test,healthy,9.5496,992.2056,985.1648,985.1648,7.0408,0.0,4.9317,0,0,0
774,774,test,healthy,9.8215,1082.1848,1081.7639,1081.7639,0.4209,0.0,4.9317,0,0,0
775,775,test,healthy,9.6733,1032.5166,1037.085,1037.085,-4.5683,0.0,4.9317,0,0,0
776,776,test,healthy,9.2965,912.9382,910.1849,910.1849,2.7532,0.0,4.9317,0,0,0
777,777,test,healthy,8.9318,806.0618,815.3029,815.3029,-9.2411,0.0,4.9317,0,0,0
778,778,test,healthy,8.4707,682.889,702.3254,702.3254,-19.4363,0.0,4.9317,0,0,0
779,779,test,healthy,8.564,706.7669,712.9791,712.9791,-6.2123,0.0,4.9317,0,0,0
780,780,test,healthy,8.3349,649.077,630.6042,630.6042,18.4728,0.7048,4.9317,0,0,0
781,781,test,healthy,7.9149,551.2549,570.4601,570.4601,-19.2051,0.0,4.9317,0,0,0
782,782,test,healthy,7.9748,564.5874,569.0034,569.0034,-4.4161,0.0,4.9317,0,0,0
783,783,test,healthy,7.5532,474.9094,456.2519,456.2519,18.6575,0.7167,4.9317,0,0,0
784,784,test,healthy,8.0346,578.104,581.6108,581.6108,-3.5067,0.0086,4.9317,0,0,0
785,785,test,healthy,7.5987,484.1183,489.7766,489.7766,-5.6583,0.0,4.9317,0,0,0
786,786,test,healthy,7.2469,415.7442,429.9928,429.9928,-14.2486,0.0,4.9317,0,0,0
787,787,test,healthy,6.7695,333.0048,342.4992,342.4992,-9.4944,0.0,4.9317,0,0,0
788,788,test,healthy,6.5379,296.8408,303.417,303.417,-6.5762,0.0,4.9317,0,0,0
789,789,test,healthy,6.4356,281.6456,300.6403,300.6403,-18.9947,0.0,4.9317,0,0,0
790,790,test,healthy,6.5776,302.8482,303.3714,303.3714,-0.5232,0.0,4.9317,0,0,0
791,791,test,healthy,6.4662,286.1466,272.3751,272.3751,13.7716,0.4026,4.9317,0,0,0
792,792,test,healthy,6.208,249.5665,236.5371,236.5371,13.0294,0.7575,4.9317,0,0,0
793,793,test,healthy,6.2463,254.7989,250.5535,250.5535,4.2454,0.5478,4.9317,0,0,0
794,794,test,healthy,6.2429,254.3375,236.8486,236.8486,17.4889,1.1893,4.9317,0,0,0
795,795,test,healthy,5.9455,215.3596,225.7027,225.7027,-10.3431,0.0418,4.9317,0,0,0
796,796,test,healthy,6.2769,259.0289,269.0475,269.0475,-10.0185,0.0,4.9317,0,0,0
797,797,test,healthy,6.5275,295.2626,264.3985,264.3985,30.8641,1.5013,4.9317,0,0,0
798,798,test,healthy,7.3206,429.526,422.7567,422.7567,6.7693,1.4538,4.9317,0,0,0
799,799,test,healthy,6.9948,370.6528,373.9745,373.9745,-3.3217,0.7577,4.9317,0,0,0
800,800,test,healthy,6.9251,358.7351,334.4079,334.4079,24.3272,1.8388,4.9317,0,0,0
801,801,test,healthy,6.8244,341.9446,352.2242,352.2242,-10.2796,0.6954,4.9317,0,0,0
802,802,test,healthy,7.141,396.4085,398.8268,398.8268,-2.4183,0.0573,4.9317,0,0,0
803,803,test,healthy,7.5057,465.4114,454.8384,454.8384,10.5731,0.2543,4.9317,0,0,0
804,804,test,healthy,7.5232,468.9006,460.031,460.031,8.8696,0.3418,4.9317,0,0,0
805,805,test,healthy,7.1821,403.8504,418.4867,418.4867,-14.6363,0.0,4.9317,0,0,0
806,806,test,healthy,7.3406,433.3227,459.1198,459.1198,-25.7971,0.0,4.9317,0,0,0
807,807,test,healthy,7.4221,448.9987,457.5574,457.5574,-8.5587,0.0,4.9317,0,0,0
808,808,test,healthy,7.5009,464.4695,502.96,502.96,-38.4905,0.0,4.9317,0,0,0
809,809,test,healthy,7.1969,406.5459,439.2291,439.2291,-32.6833,0.0,4.9317,0,0,0
810,810,test,healthy,7.6616,497.0399,531.1294,531.1294,-34.0895,0.0,4.9317,0,0,0
811,811,test,healthy,7.3222,429.8323,409.87,409.87,19.9623,0.8006,4.9317,0,0,0
812,812,test,healthy,8.2543,629.4948,614.3,614.3,15.1947,1.2947,4.9317,0,0,0
813,813,test,healthy,8.0247,575.8387,598.0724,598.0724,-22.2337,0.0,4.9317,0,0,0
814,814,test,healthy,7.7567,516.9715,495.0051,495.0051,21.9664,0.9294,4.9317,0,0,0
815,815,test,healthy,7.7621,518.132,506.7581,506.7581,11.3738,1.1779,4.9317,0,0,0
816,816,test,healthy,7.5346,471.1865,482.5089,482.5089,-11.3225,0.0,4.9317,0,0,0
817,817,test,healthy,7.7437,514.2175,514.055,514.055,0.1625,0.0,4.9317,0,0,0
818,818,test,healthy,8.1317,600.4845,590.2604,590.2604,10.224,0.1746,4.9317,0,0,0
819,819,test,healthy,8.2091,618.69,612.4199,612.4199,6.2701,0.095,4.9317,0,0,0
820,820,test,healthy,8.3819,660.6562,645.6916,645.6916,14.9646,0.5743,4.9317,0,0,0
821,821,test,healthy,8.1267,599.3161,602.8198,602.8198,-3.5037,0.0,4.9317,0,0,0
822,822,test,healthy,8.0213,575.0786,568.8813,568.8813,6.1973,0.0,4.9317,0,0,0
823,823,test,healthy,7.8431,535.5262,538.2354,538.2354,-2.7091,0.0,4.9317,0,0,0
824,824,test,healthy,7.3284,431.0121,457.5278,457.5278,-26.5157,0.0,4.9317,0,0,0
825,825,test,healthy,7.1073,390.3708,398.2727,398.2727,-7.9018,0.0,4.9317,0,0,0
826,826,test,healthy,6.8868,352.2889,327.7181,327.7181,24.5709,1.0968,4.9317,0,0,0
827,827,test,healthy,6.4615,285.4482,286.1923,286.1923,-0.7441,0.5663,4.9317,0,0,0
828,828,test,healthy,6.1403,240.4581,248.5018,248.5018,-8.0438,0.0,4.9317,0,0,0
829,829,test,healthy,6.0427,227.6866,211.6135,211.6135,16.0731,0.5506,4.9317,0,0,0
830,830,test,healthy,6.2992,262.1428,281.1631,281.1631,-19.0203,0.0,4.9317,0,0,0
831,831,test,healthy,6.3875,274.6785,269.0109,269.0109,5.6676,0.0,4.9317,0,0,0
832,832,test,healthy,6.2576,256.3596,265.4982,265.4982,-9.1386,0.0,4.9317,0,0,0
833,833,test,healthy,6.1097,236.4041,236.1591,236.1591,0.245,0.0,4.9317,0,0,0
834,834,test,healthy,5.8548,204.2215,192.5332,192.5332,11.6883,0.2687,4.9317,0,0,0
835,835,test,healthy,5.7794,195.2229,212.0874,212.0874,-16.8646,0.0,4.9317,0,0,0
836,836,test,healthy,5.7736,194.5478,178.7236,178.7236,15.8241,0.5346,4.9317,0,0,0
837,837,test,healthy,6.1542,242.3104,273.4456,273.4456,-31.1352,0.0,4.9317,0,0,0
838,838,test,healthy,6.1584,242.8664,240.5006,240.5006,2.3658,0.0,4.9317,0,0,0
839,839,test,healthy,6.5981,305.9898,274.0971,274.0971,31.8927,1.5675,4.9317,0,0,0
840,840,test,healthy,6.5453,297.9565,310.2128,310.2128,-12.2563,0.297,4.9317,0,0,0
841,841,test,healthy,6.9707,366.4968,371.597,371.597,-5.1002,0.0,4.9317,0,0,0
842,842,test,healthy,7.8596,539.112,559.8376,559.8376,-20.7256,0.0,4.9317,0,0,0
843,843,test,healthy,7.3847,441.7512,434.4484,434.4484,7.3028,0.0,4.9317,0,0,0
844,844,test,healthy,7.0627,382.4849,394.2812,394.2812,-11.7963,0.0,4.9317,0,0,0
845,845,test,healthy,7.2825,422.3655,414.7771,414.7771,7.5885,0.0052,4.9317,0,0,0
846,846,test,healthy,7.9681,563.0893,579.0862,579.0862,-15.9969,0.0,4.9317,0,0,0
847,847,test,healthy,7.6528,495.2186,446.9061,446.9061,48.3125,2.623,4.9317,0,0,0
848,848,test,healthy,7.4074,446.1439,426.3809,426.3809,19.763,3.4107,4.9317,0,0,0
849,849,test,healthy,7.7982,525.8451,505.4869,505.4869,20.3582,4.2367,4.9317,0,0,0
850,850,test,healthy,7.498,463.8847,455.1522,455.1522,8.7326,4.3154,4.9317,0,0,0
851,851,test,healthy,7.2004,407.1761,402.5377,402.5377,4.6385,4.1309,4.9317,0,0,0
852,852,test,healthy,7.1605,399.9236,441.2175,441.2175,-41.294,0.9939,4.9317,0,0,0
853,853,test,healthy,7.407,446.0642,458.9701,458.9701,-12.9059,0.0,4.9317,0,0,0
854,854,test,healthy,8.0352,578.2244,580.8408,580.8408,-2.6164,0.0,4.9317,0,0,0
855,855,test,healthy,8.5881,713.0094,718.0611,718.0611,-5.0517,0.0,4.9317,0,0,0
856,856,test,healthy,8.5525,703.7887,686.0868,686.0868,17.7018,0.6553,4.9317,0,0,0
857,857,test,healthy,8.2797,635.6221,645.1479,645.1479,-9.5258,0.0,4.9317,0,0,0
858,858,test,healthy,8.0998,593.0589,610.3421,610.3421,-17.2832,0.0,4.9317,0,0,0
859,859,test,healthy,8.3314,648.2148,655.0781,655.0781,-6.8633,0.0,4.9317,0,0,0
860,860,test,healthy,8.0068,571.7944,583.3794,583.3794,-11.585,0.0,4.9317,0,0,0
861,861,test,healthy,8.563,706.5062,690.3858,690.3858,16.1204,0.5536,4.9317,0,0,0
862,862,test,healthy,8.3808,660.3726,669.086,669.086,-8.7134,0.0,4.9317,0,0,0
863,863,test,healthy,8.6624,732.5012,702.0634,702.0634,30.4378,1.4739,4.9317,0,0,0
864,864,test,healthy,9.6137,1012.9661,1017.5532,1017.5532,-4.587,0.6964,4.9317,0,0,0
865,865,test,healthy,9.7672,1063.8171,1088.6127,1088.6127,-24.7956,0.0,4.9317,0,0,0
866,866,test,healthy,9.3299,923.165,928.8093,928.8093,-5.6444,0.0,4.9317,0,0,0
867,867,test,healthy,9.4698,966.7542,966.2101,966.2101,0.5441,0.0,4.9317,0,0,0
868,868,test,healthy,10.1992,1215.6956,1220.9024,1220.9024,-5.2068,0.0,4.9317,0,0,0
869,869,test,healthy,9.9978,1143.2625,1137.329,1137.329,5.9335,0.0,4.9317,0,0,0
870,870,test,healthy,9.9367,1121.8455,1140.6536,1140.6536,-18.8081,0.0,4.9317,0,0,0
871,871,test,healthy,9.6783,1034.154,1035.0477,1035.0477,-0.8937,0.0,4.9317,0,0,0
872,872,test,healthy,9.4377,956.6277,960.5437,960.5437,-3.916,0.0,4.9317,0,0,0
873,873,test,healthy,9.1059,856.0149,877.2973,877.2973,-21.2823,0.0,4.9317,0,0,0
874,874,test,healthy,8.5914,713.8816,716.0336,716.0336,-2.152,0.0,4.9317,0,0,0
875,875,test,healthy,8.6536,730.1931,744.6371,744.6371,-14.444,0.0,4.9317,0,0,0
876,876,test,healthy,8.4465,676.7912,668.7222,668.7222,8.069,0.036,4.9317,0,0,0
877,877,test,healthy,8.8222,775.5907,786.6246,786.6246,-11.0339,0.0,4.9317,0,0,0
878,878,test,healthy,8.9626,814.7649,808.7308,808.7308,6.0341,0.0,4.9317,0,0,0
879,879,test,healthy,9.3476,928.5833,904.9023,904.9023,23.6809,1.0396,4.9317,0,0,0
880,880,test,healthy,8.8771,790.7565,795.1561,795.1561,-4.3996,0.2741,4.9317,0,0,0
881,881,test,healthy,8.9171,801.9416,762.3074,762.3074,39.6342,2.3392,4.9317,0,0,0
882,882,test,healthy,8.6247,722.5651,741.1063,741.1063,-18.5412,0.6647,4.9317,0,0,0
883,883,test,healthy,8.1952,615.4051,628.5052,628.5052,-13.1001,0.0,4.9317,0,0,0
884,884,test,healthy,8.2434,626.8785,610.9431,610.9431,15.9355,0.5417,4.9317,0,0,0
885,885,test,healthy,8.4877,687.1912,699.8091,699.8091,-12.6179,0.0,4.9317,0,0,0
886,886,test,healthy,8.6588,731.5488,726.9549,726.9549,4.5939,0.0,4.9317,0,0,0
887,887,test,healthy,8.5746,709.5152,714.9884,714.9884,-5.4733,0.0,4.9317,0,0,0
888,888,test,healthy,8.5898,713.4668,719.2017,719.2017,-5.7349,0.0,4.9317,0,0,0
889,889,test,healthy,9.0765,847.4343,853.4229,853.4229,-5.9886,0.0,4.9317,0,0,0
890,890,test,healthy,8.6401,726.6312,743.1714,743.1714,-16.5403,0.0,4.9317,0,0,0
891,891,test,healthy,8.4304,672.744,669.6863,669.6863,3.0577,0.0,4.9317,0,0,0
892,892,test,healthy,8.0224,575.3207,557.7127,557.7127,17.608,0.6492,4.9317,0,0,0
893,893,test,healthy,7.6757,499.9723,516.5234,516.5234,-16.5511,0.0,4.9317,0,0,0
894,894,test,healthy,7.4695,458.2655,430.607,430.607,27.6585,1.2953,4.9317,0,0,0
895,895,test,healthy,7.1887,405.0537,399.227,399.227,5.8267,1.1872,4.9317,0,0,0
896,896,test,healthy,7.0403,378.5555,360.5783,360.5783,17.9772,1.8601,4.9317,0,0,0
897,897,test,healthy,7.1403,396.293,406.963,406.963,-10.6701,0.6916,4.9317,0,0,0
898,898,test,healthy,6.8911,353.0137,323.296,323.296,29.7177,2.1193,4.9317,0,0,0
899,899,test,healthy,6.5505,298.7444,277.3909,277.3909,21.3536,3.0093,4.9317,0,0,0
900,900,test,healthy,7.1017,389.383,383.1267,383.1267,6.2563,2.9288,4.9317,0,0,0
901,901,test,healthy,7.5353,471.3307,486.2537,486.2537,-14.9229,1.4869,4.9317,0,0,0
902,902,test,healthy,7.8912,546.0233,524.9104,524.9104,21.1129,2.3614,4.9317,0,0,0
903,903,test,healthy,7.8982,547.555,575.7663,575.7663,-28.2112,0.0653,4.9317,0,0,0
904,904,test,healthy,7.5412,472.5085,462.8996,462.8996,9.6089,0.2003,4.9317,0,0,0
905,905,test,healthy,7.5144,467.1545,460.7801,460.7801,6.3744,0.1274,4.9317,0,0,0
906,906,test,healthy,7.198,406.7463,433.1817,433.1817,-26.4354,0.0,4.9317,0,0,0
907,907,test,healthy,7.3436,433.8919,467.9445,467.9445,-34.0526,0.0,4.9317,0,0,0
908,908,test,healthy,7.2996,425.5859,420.6528,420.6528,4.9331,0.0,4.9317,0,0,0
909,909,test,healthy,7.5671,477.7159,481.4365,481.4365,-3.7207,0.0,4.9317,0,0,0
910,910,test,healthy,7.4426,452.9882,446.2321,446.2321,6.7561,0.0,4.9317,0,0,0
911,911,test,healthy,7.6709,498.9803,500.1544,500.1544,-1.1741,0.0,4.9317,0,0,0
912,912,test,healthy,8.6515,729.6281,731.4809,731.4809,-1.8528,0.0,4.9317,0,0,0
913,913,test,healthy,8.6502,729.2879,791.0429,791.0429,-61.755,0.0,4.9317,0,0,0
914,914,test,healthy,8.5034,691.1876,687.6057,687.6057,3.5819,0.0,4.9317,0,0,0
915,915,test,healthy,8.0792,588.311,583.4466,583.4466,4.8645,0.0,4.9317,0,0,0
916,916,test,healthy,8.238,625.596,604.879,604.879,20.717,0.8491,4.9317,0,0,0
917,917,test,healthy,7.7776,521.4286,490.9678,490.9678,30.4608,2.3245,4.9317,0,0,0
918,918,test,healthy,7.4843,461.1818,493.2412,493.2412,-32.0594,0.0,4.9317,0,0,0
919,919,test,healthy,7.8644,540.1563,542.1027,542.1027,-1.9464,0.0,4.9317,0,0,0
920,920,test,healthy,7.5954,483.4508,488.2522,488.2522,-4.8014,0.0,4.9317,0,0,0
921,921,test,healthy,7.1738,402.3309,406.4532,406.4532,-4.1223,0.0,4.9317,0,0,0
922,922,test,healthy,6.7415,328.4933,322.8066,322.8066,5.6867,0.0,4.9317,0,0,0
923,923,test,healthy,6.6391,312.3297,262.9414,262.9414,49.3884,2.6921,4.9317,0,0,0
924,924,test,healthy,6.8063,338.9803,318.8016,318.8016,20.1786,3.5066,4.9317,0,0,0
925,925,test,healthy,6.8237,341.843,382.5826,382.5826,-40.7396,0.4051,4.9317,0,0,0
926,926,test,healthy,6.7498,329.8223,327.8678,327.8678,1.9545,0.0481,4.9317,0,0,0
927,927,test,healthy,6.7134,324.0093,347.6331,347.6331,-23.6238,0.0,4.9317,0,0,0
928,928,test,healthy,7.1055,390.058,377.978,377.978,12.08,0.2939,4.9317,0,0,0
929,929,test,healthy,6.7892,336.1912,306.1237,306.1237,30.0674,1.744,4.9317,0,0,0
930,930,test,healthy,6.8106,339.6852,341.6172,341.6172,-1.932,1.1372,4.9317,0,0,0
931,931,test,healthy,7.4358,451.6541,453.2527,453.2527,-1.5986,0.5518,4.9317,0,0,0
932,932,test,healthy,7.6242,489.3333,514.1123,514.1123,-24.7789,0.0,4.9317,0,0,0
933,933,test,healthy,8.1568,606.3475,606.8538,606.8538,-0.5063,0.0,4.9317,0,0,0
934,934,test,healthy,8.138,601.9404,590.7421,590.7421,11.1983,0.2372,4.9317,0,0,0
935,935,test,healthy,8.5941,714.5744,704.6574,704.6574,9.917,0.392,4.9317,0,0,0
936,936,test,healthy,8.4805,685.3732,685.3821,685.3821,-0.009,0.0,4.9317,0,0,0
937,937,test,healthy,8.6159,720.2793,684.5178,684.5178,35.7615,1.8162,4.9317,0,0,0
938,938,test,healthy,8.2403,626.142,612.2581,612.2581,13.884,2.226,4.9317,0,0,0
939,939,test,healthy,7.9503,559.0948,566.5231,566.5231,-7.4283,1.2658,4.9317,0,0,0
940,940,test,healthy,8.2456,627.4208,644.9591,644.9591,-17.5383,0.0,4.9317,0,0,0
941,941,test,healthy,7.915,551.2757,564.4564,564.4564,-13.1807,0.0,4.9317,0,0,0
942,942,test,healthy,7.8115,528.6931,530.5329,530.5329,-1.8398,0.0,4.9317,0,0,0
943,943,test,healthy,8.0106,572.6524,562.5722,562.5722,10.0802,0.1653,4.9317,0,0,0
944,944,test,healthy,7.5894,482.2271,495.1765,495.1765,-12.9495,0.0,4.9317,0,0,0
945,945,test,healthy,8.6023,716.7201,700.6015,700.6015,16.1186,0.5535,4.9317,0,0,0
946,946,test,healthy,8.6043,717.2386,736.3716,736.3716,-19.1329,0.0,4.9317,0,0,0
947,947,test,healthy,8.4316,673.0457,678.5813,678.5813,-5.5356,0.0,4.9317,0,0,0
948,948,test,healthy,8.7274,749.8532,727.9632,727.9632,21.8901,0.9245,4.9317,0,0,0
949,949,test,healthy,8.6361,725.5711,736.1682,736.1682,-10.597,0.0,4.9317,0,0,0
950,950,test,healthy,8.1977,616.0034,590.8303,590.8303,25.1731,1.1355,4.9317,0,0,0
951,951,test,healthy,8.2861,637.1822,660.8933,660.8933,-23.711,0.0,4.9317,0,0,0
952,952,test,healthy,8.0458,580.6421,583.5376,583.5376,-2.8955,0.0,4.9317,0,0,0
953,953,test,healthy,8.3294,647.7298,660.487,660.487,-12.7572,0.0,4.9317,0,0,0
954,954,test,healthy,7.7765,521.1913,527.5688,527.5688,-6.3775,0.0,4.9317,0,0,0
955,955,test,healthy,7.2921,424.1693,423.9323,423.9323,0.237,0.0,4.9317,0,0,0
956,956,test,healthy,7.6753,499.8885,525.7947,525.7947,-25.9062,0.0,4.9317,0,0,0
957,957,test,healthy,7.4343,451.3678,441.1225,441.1225,10.2453,0.1759,4.9317,0,0,0
958,958,test,healthy,7.5938,483.1226,479.7873,479.7873,3.3353,0.0,4.9317,0,0,0
959,959,test,healthy,8.3227,646.0833,659.9301,659.9301,-13.8468,0.0,4.9317,0,0,0
960,960,test,healthy,8.5551,704.4612,654.0899,654.0899,50.3713,2.7553,4.9317,0,0,0
961,961,test,healthy,8.2756,634.6481,656.4312,656.4312,-21.7831,0.8724,4.9317,0,0,0
962,962,test,healthy,8.2435,626.9022,624.3111,624.3111,2.5911,0.5563,4.9317,0,0,0
963,963,test,healthy,8.158,606.6414,597.985,597.985,8.6565,0.6301,4.9317,0,0,0
964,964,test,healthy,8.5379,700.0394,725.4256,725.4256,-25.3863,0.0,4.9317,0,0,0
965,965,test,healthy,8.8106,772.4215,766.0356,766.0356,6.3858,0.0,4.9317,0,0,0
966,966,test,healthy,8.8284,777.3001,781.4103,781.4103,-4.1102,0.0,4.9317,0,0,0
967,967,test,healthy,8.7098,745.1217,726.274,726.274,18.8477,0.7289,4.9317,0,0,0
968,968,test,healthy,8.3333,648.6788,652.5581,652.5581,-3.8793,0.0,4.9317,0,0,0
969,969,test,healthy,8.3107,643.1551,666.6209,666.6209,-23.4658,0.0,4.9317,0,0,0
970,970,test,healthy,8.4061,666.6662,673.4677,673.4677,-6.8015,0.0,4.9317,0,0,0
971,971,test,healthy,7.95,559.043,557.7404,557.7404,1.3026,0.0,4.9317,0,0,0
972,972,test,healthy,7.7523,516.0547,503.2644,503.2644,12.7904,0.3395,4.9317,0,0,0
973,973,test,healthy,7.513,466.8721,498.2575,498.2575,-31.3854,0.0,4.9317,0,0,0
974,974,test,healthy,7.2468,415.7165,422.0365,422.0365,-6.32,0.0,4.9317,0,0,0
975,975,test,healthy,7.2798,421.869,448.2679,448.2679,-26.3989,0.0,4.9317,0,0,0
976,976,test,healthy,7.5329,470.8472,499.7524,499.7524,-28.9052,0.0,4.9317,0,0,0
977,977,test,healthy,7.9956,569.264,562.5852,562.5852,6.6788,0.0,4.9317,0,0,0
978,978,test,healthy,7.8222,531.0091,526.1263,526.1263,4.8827,0.0,4.9317,0,0,0
979,979,test,healthy,7.584,481.1306,485.6198,485.6198,-4.4892,0.0,4.9317,0,0,0
980,980,test,healthy,7.2082,408.6125,372.9025,372.9025,35.71,1.8128,4.9317,0,0,0
981,981,test,healthy,6.8404,344.5802,345.8888,345.8888,-1.3087,1.2461,4.9317,0,0,0
982,982,test,healthy,6.8895,352.739,350.7897,350.7897,1.9494,0.8887,4.9317,0,0,0
983,983,test,healthy,6.9474,362.5178,345.5522,345.5522,16.9656,1.4967,4.9317,0,0,0
984,984,test,healthy,6.5277,295.2957,296.9774,296.9774,-1.6817,0.9059,4.9317,0,0,0
985,985,test,healthy,7.1338,395.1243,373.7698,373.7698,21.3545,1.796,4.9317,0,0,0
986,986,test,healthy,7.2764,421.2353,412.3368,412.3368,8.8985,1.8853,4.9317,0,0,0
987,987,test,healthy,7.2548,417.2168,406.9177,406.9177,10.2991,2.0647,4.9317,0,0,0
988,988,test,healthy,7.1877,404.8629,396.3055,396.3055,8.5573,2.1322,4.9317,0,0,0
989,989,test,healthy,7.118,392.2829,392.3285,392.3285,-0.0456,1.6466,4.9317,0,0,0
990,990,test,healthy,7.526,469.453,450.7433,450.7433,18.7097,2.3666,4.9317,0,0,0
991,991,test,healthy,7.5162,467.5124,507.3108,507.3108,-39.7984,0.0,4.9317,0,0,0
992,992,test,healthy,7.8641,540.0843,567.7846,567.7846,-27.7003,0.0,4.9317,0,0,0
993,993,test,healthy,7.9394,556.6752,567.2765,567.2765,-10.6013,0.0,4.9317,0,0,0
994,994,test,healthy,8.2486,628.1296,630.9308,630.9308,-2.8012,0.0,4.9317,0,0,0
995,995,test,healthy,8.3575,654.6178,676.1391,676.1391,-21.5212,0.0,4.9317,0,0,0
996,996,test,healthy,8.1809,612.0218,594.1609,594.1609,17.8609,0.6655,4.9317,0,0,0
997,997,test,healthy,8.2167,620.5108,615.5368,615.5368,4.974,0.5026,4.9317,0,0,0
998,998,test,healthy,8.5211,695.7117,684.0924,684.0924,11.6193,0.7668,4.9317,0,0,0
999,999,test,healthy,8.4661,681.718,720.2877,720.2877,-38.5698,0.0,4.9317,0,0,0
1000,1000,test,healthy,8.2445,627.1483,607.297,607.297,19.8513,0.7934,4.9317,0,0,0
1001,1001,test,healthy,8.3736,658.5847,622.2591,622.2591,36.3256,2.6458,4.9317,0,0,0
1002,1002,test,healthy,8.5252,696.7806,707.2257,707.2257,-10.445,1.4918,4.9317,0,0,0
1003,1003,test,healthy,8.4991,690.0911,684.8888,684.8888,5.2023,1.3435,4.9317,0,0,0
1004,1004,test,healthy,8.2529,629.1635,653.2464,653.2464,-24.083,0.0,4.9317,0,0,0
1005,1005,test,healthy,8.9033,798.0602,807.3764,807.3764,-9.3162,0.0,4.9317,0,0,0
1006,1006,test,healthy,8.6442,727.6959,753.3775,753.3775,-25.6817,0.0,4.9317,0,0,0
1007,1007,test,healthy,9.1789,877.5226,866.1492,866.1492,11.3734,0.2485,4.9317,0,0,0
1008,1008,test,healthy,8.6905,739.9686,722.1588,722.1588,17.8098,0.9107,4.9317,0,0,0
1009,1009,test,healthy,8.9214,803.1289,803.7028,803.7028,-0.574,0.3911,4.9317,0,0,0
1010,1010,test,healthy,8.5241,696.4913,734.1043,734.1043,-37.6129,0.0,4.9317,0,0,0
1011,1011,test,healthy,9.1665,873.8393,853.9496,853.9496,19.8897,0.7959,4.9317,0,0,0
1012,1012,test,healthy,9.0384,836.407,827.047,827.047,9.36,0.9149,4.9317,0,0,0
1013,1013,test,healthy,9.1547,870.3668,873.5093,873.5093,-3.1425,0.2303,4.9317,0,0,0
1014,1014,test,healthy,8.7849,765.4027,771.5213,771.5213,-6.1186,0.0,4.9317,0,0,0
1015,1015,test,healthy,8.4493,677.4827,672.6402,672.6402,4.8425,0.0,4.9317,0,0,0
1016,1016,test,healthy,8.8081,771.7382,765.4712,765.4712,6.267,0.0,4.9317,0,0,0
1017,1017,test,healthy,9.3433,927.2868,908.4965,908.4965,18.7903,0.7252,4.9317,0,0,0
1018,1018,test,healthy,8.9995,825.2609,840.6399,840.6399,-15.3789,0.0,4.9317,0,0,0
1019,1019,test,healthy,8.9511,811.4974,818.1371,818.1371,-6.6397,0.0,4.9317,0,0,0
1020,1020,test,healthy,8.9502,811.2575,823.3779,823.3779,-12.1204,0.0,4.9317,0,0,0
1021,1021,test,healthy,8.9735,817.852,843.1347,843.1347,-25.2828,0.0,4.9317,0,0,0
1022,1022,test,healthy,8.9767,818.7447,793.5404,793.5404,25.2043,1.1375,4.9317,0,0,0
1023,1023,test,healthy,8.7928,767.5578,748.6289,748.6289,18.9289,1.8717,4.9317,0,0,0
1024,1024,test,healthy,8.7898,766.7227,769.9304,769.9304,-3.2077,1.1828,4.9317,0,0,0
1025,1025,test,healthy,9.1172,859.3243,854.2327,854.2327,5.0916,1.0275,4.9317,0,0,0
1026,1026,test,healthy,9.0122,828.8814,830.2532,830.2532,-1.3718,0.4566,4.9317,0,0,0
1027,1027,test,healthy,8.3687,657.3739,658.3799,658.3799,-1.0061,0.0,4.9317,0,0,0
1028,1028,test,healthy,8.0703,586.2607,559.3345,559.3345,26.9261,1.2482,4.9317,0,0,0
1029,1029,test,healthy,7.8388,534.5876,533.0049,533.0049,1.5827,0.8673,4.9317,0,0,0
1030,1030,test,healthy,7.409,446.4554,456.0043,456.0043,-9.5489,0.0,4.9317,0,0,0
1031,1031,test,healthy,7.4645,457.2788,452.3505,452.3505,4.9283,0.0,4.9317,0,0,0
1032,1032,test,healthy,7.5929,482.938,488.8292,488.8292,-5.8912,0.0,4.9317,0,0,0
1033,1033,test,healthy,7.3323,431.7548,421.7397,421.7397,10.0151,0.1611,4.9317,0,0,0
1034,1034,test,healthy,7.8318,533.0741,533.3621,533.3621,-0.288,0.0,4.9317,0,0,0
1035,1035,test,healthy,7.5765,479.6182,479.494,479.494,0.1242,0.0,4.9317,0,0,0
1036,1036,test,healthy,7.9654,562.4752,554.1202,554.1202,8.355,0.0544,4.9317,0,0,0
1037,1037,test,healthy,7.8232,531.2145,514.1952,514.1952,17.0193,0.6658,4.9317,0,0,0
1038,1038,test,healthy,7.7849,522.9775,501.6234,501.6234,21.3541,1.5558,4.9317,0,0,0
1039,1039,test,healthy,7.5285,469.9521,483.6429,483.6429,-13.6908,0.1931,4.9317,0,0,0
1040,1040,test,healthy,8.1238,598.6417,590.8219,590.8219,7.8199,0.2132,4.9317,0,0,0
1041,1041,test,healthy,7.9282,554.1986,559.8931,559.8931,-5.6945,0.0,4.9317,0,0,0
1042,1042,test,healthy,7.6077,485.9714,477.4459,477.4459,8.5255,0.0654,4.9317,0,0,0
1043,1043,test,healthy,8.2969,639.797,640.957,640.957,-1.16,0.0,4.9317,0,0,0
1044,1044,test,healthy,8.0772,587.8503,609.6151,609.6151,-21.7648,0.0,4.9317,0,0,0
1045,1045,test,healthy,8.2434,626.8892,623.9488,623.9488,2.9404,0.0,4.9317,0,0,0
1046,1046,test,healthy,7.9752,564.6647,558.8362,558.8362,5.8285,0.0,4.9317,0,0,0
1047,1047,test,healthy,7.4429,453.0337,468.7905,468.7905,-15.7568,0.0,4.9317,0,0,0
1048,1048,test,healthy,8.5972,715.3887,735.566,735.566,-20.1773,0.0,4.9317,0,0,0
1049,1049,test,healthy,8.5923,714.1072,712.726,712.726,1.3813,0.0,4.9317,0,0,0
1050,1050,test,healthy,8.5049,691.5842,716.7789,716.7789,-25.1947,0.0,4.9317,0,0,0
1051,1051,test,healthy,7.9236,553.1727,537.109,537.109,16.0637,0.55,4.9317,0,0,0
1052,1052,test,healthy,7.492,462.6936,465.7248,465.7248,-3.0312,0.0,4.9317,0,0,0
1053,1053,test,healthy,8.249,628.2301,641.9528,641.9528,-13.7227,0.0,4.9317,0,0,0
1054,1054,test,healthy,8.6052,717.4757,703.2906,703.2906,14.185,0.4292,4.9317,0,0,0
1055,1055,test,healthy,8.5988,715.8136,700.3558,700.3558,15.4578,0.9402,4.9317,0,0,0
1056,1056,test,healthy,8.2472,627.7953,603.3749,603.3749,24.4204,2.0273,4.9317,0,0,0
1057,1057,test,healthy,7.9373,556.2023,527.6484,527.6484,28.5539,3.3802,4.9317,0,0,0
1058,1058,test,healthy,7.8542,537.9259,538.2407,538.2407,-0.3148,2.8773,4.9317,0,0,0
1059,1059,test,healthy,7.4319,450.8894,471.927,471.927,-21.0375,1.0423,4.9317,0,0,0
1060,1060,test,healthy,7.1578,399.4402,406.9857,406.9857,-7.5455,0.0746,4.9317,0,0,0
1061,1061,test,healthy,6.8451,345.3555,329.8682,329.8682,15.4873,0.5875,4.9317,0,0,0
1062,1062,test,healthy,6.7832,335.2274,321.7503,321.7503,13.4771,0.9712,4.9317,0,0,0
1063,1063,test,healthy,7.0771,385.0185,407.3973,407.3973,-22.3788,0.0,4.9317,0,0,0
1064,1064,test,healthy,6.9109,356.3492,292.8305,292.8305,63.5186,3.6004,4.9317,0,0,0
1065,1065,test,healthy,6.7739,333.7156,342.4359,342.4359,-8.7203,2.5572,4.9317,0,0,0
1066,1066,test,healthy,6.429,280.6898,329.7646,329.7646,-49.0748,0.0,4.9317,0,0,0
1067,1067,test,healthy,6.8715,349.7386,358.0531,358.0531,-8.3145,0.0,4.9317,0,0,0
1068,1068,test,healthy,7.7272,510.7406,531.5112,531.5112,-20.7706,0.0,4.9317,0,0,0
1069,1069,test,healthy,7.8557,538.2503,530.6397,530.6397,7.6106,0.0066,4.9317,0,0,0
1070,1070,test,healthy,8.0678,585.6938,609.1063,609.1063,-23.4125,0.0,4.9317,0,0,0
1071,1071,test,healthy,8.1239,598.6479,599.4786,599.4786,-0.8306,0.0,4.9317,0,0,0
1072,1072,test,healthy,8.6827,737.8881,712.9827,712.9827,24.9054,1.1183,4.9317,0,0,0
1073,1073,test,healthy,8.4938,688.7486,675.8916,675.8916,12.8569,1.4621,4.9317,0,0,0
1074,1074,test,healthy,8.4782,684.7769,671.0706,671.0706,13.7063,1.8605,4.9317,0,0,0
1075,1075,test,healthy,8.6295,723.8418,700.2881,700.2881,23.5537,2.892,4.9317,0,0,0
1076,1076,test,healthy,9.0281,833.4595,821.9113,821.9113,11.5482,3.1517,4.9317,0,0,0
1077,1077,test,healthy,8.8422,781.109,778.1569,778.1569,2.9521,2.8588,4.9317,0,0,0
1078,1078,test,healthy,9.2289,892.4794,897.9099,897.9099,-5.4305,2.0271,4.9317,0,0,0
1079,1079,test,healthy,8.7698,761.2812,779.1315,779.1315,-17.8502,0.397,4.9317,0,0,0
1080,1080,test,healthy,8.884,792.6931,770.5779,770.5779,22.1152,1.3359,4.9317,0,0,0
1081,1081,test,healthy,8.4095,667.5176,631.9233,631.9233,35.5943,3.1413,4.9317,0,0,0
1082,1082,test,healthy,8.7772,763.3115,787.1994,787.1994,-23.8879,1.1232,4.9317,0,0,0
1083,1083,test,healthy,8.7741,762.4696,774.8398,774.8398,-12.3702,0.0,4.9317,0,0,0
1084,1084,test,healthy,8.4326,673.2829,682.3558,682.3558,-9.0728,0.0,4.9317,0,0,0
1085,1085,test,healthy,8.3389,650.0465,663.0428,663.0428,-12.9963,0.0,4.9317,0,0,0
1086,1086,test,healthy,8.3172,644.7278,640.6394,640.6394,4.0885,0.0,4.9317,0,0,0
1087,1087,test,healthy,7.9081,549.7393,513.1208,513.1208,36.6185,1.8712,4.9317,0,0,0
1088,1088,test,healthy,8.2435,626.9049,641.7206,641.7206,-14.8157,0.4362,4.9317,0,0,0
1089,1089,test,healthy,7.873,542.0343,557.3223,557.3223,-15.288,0.0,4.9317,0,0,0
1090,1090,test,healthy,7.8299,532.6655,518.7387,518.7387,13.9269,0.4126,4.9317,0,0,0
1091,1091,test,healthy,8.0095,572.41,560.4571,560.4571,11.9529,0.6983,4.9317,0,0,0
1092,1092,test,healthy,8.1066,594.6326,584.7111,584.7111,9.9215,0.8534,4.9317,0,0,0
1093,1093,test,healthy,8.2721,633.7998,648.6956,648.6956,-14.8958,0.0,4.9317,0,0,0
1094,1094,test,healthy,8.0976,592.5635,560.4545,560.4545,32.109,1.5814,4.9317,0,0,0
1095,1095,test,healthy,8.1015,593.4627,582.0737,582.0737,11.389,1.8308,4.9317,0,0,0
1096,1096,test,healthy,8.0373,578.7066,602.6684,602.6684,-23.9618,0.0,4.9317,0,0,0
1097,1097,test,healthy,7.8675,540.8344,558.2894,558.2894,-17.455,0.0,4.9317,0,0,0
1098,1098,test,healthy,7.5182,467.9117,465.5096,465.5096,2.4021,0.0,4.9317,0,0,0
1099,1099,test,healthy,7.3482,434.7777,455.7212,455.7212,-20.9435,0.0,4.9317,0,0,0
1100,1100,test,healthy,7.5551,475.294,502.5311,502.5311,-27.2371,0.0,4.9317,0,0,0
1101,1101,test,healthy,7.41,446.6381,435.9315,435.9315,10.7066,0.2056,4.9317,0,0,0
1102,1102,test,healthy,7.2538,417.0295,391.6306,391.6306,25.3989,1.3556,4.9317,0,0,0
1103,1103,test,healthy,6.897,354.0076,358.4861,358.4861,-4.4785,0.5851,4.9317,0,0,0
1104,1104,test,healthy,7.0476,379.8209,390.9266,390.9266,-11.1057,0.0,4.9317,0,0,0
1105,1105,test,healthy,7.0556,381.2298,381.237,381.237,-0.0072,0.0,4.9317,0,0,0
1106,1106,test,healthy,6.8714,349.7275,347.2801,347.2801,2.4474,0.0,4.9317,0,0,0
1107,1107,test,healthy,7.0751,384.6611,384.5064,384.5064,0.1547,0.0,4.9317,0,0,0
1108,1108,test,healthy,7.2712,420.2525,435.1233,435.1233,-14.8707,0.0,4.9317,0,0,0
1109,1109,test,healthy,7.1865,404.6418,406.3111,406.3111,-1.6693,0.0,4.9317,0,0,0
1110,1110,test,healthy,7.326,430.5585,437.8982,437.8982,-7.3398,0.0,4.9317,0,0,0
1111,1111,test,healthy,7.033,377.2727,341.7568,341.7568,35.5159,1.8004,4.9317,0,0,0
1112,1112,test,healthy,7.2109,409.1068,408.156,408.156,0.9508,1.3788,4.9317,0,0,0
1113,1113,test,healthy,7.5197,468.2021,459.9828,459.9828,8.2193,1.4245,4.9317,0,0,0
1114,1114,test,healthy,7.4244,449.445,439.2977,439.2977,10.1473,1.5942,4.9317,0,0,0
1115,1115,test,healthy,7.3464,434.4375,408.8235,408.8235,25.614,2.758,4.9317,0,0,0
1116,1116,test,healthy,6.8296,342.8008,335.5045,335.5045,7.2962,2.7444,4.9317,0,0,0
1117,1117,test,healthy,6.4586,285.0164,284.6948,284.6948,0.3216,2.2824,4.9317,0,0,0
1118,1118,test,healthy,6.6111,307.9978,300.2916,300.2916,7.7062,2.2952,4.9317,0,0,0
1119,1119,test,healthy,6.7269,326.1554,303.0683,303.0683,23.0871,3.2966,4.9317,0,0,0
1120,1120,test,healthy,6.6598,315.5536,310.2657,310.2657,5.2879,3.1539,4.9317,0,0,0
1121,1121,test,healthy,6.7224,325.4389,357.0702,357.0702,-31.6314,0.6379,4.9317,0,0,0
1122,1122,test,healthy,6.7096,323.4042,326.9766,326.9766,-3.5724,0.0,4.9317,0,0,0
1123,1123,test,healthy,6.8608,347.962,315.0877,315.0877,32.8743,1.6306,4.9317,0,0,0
1124,1124,test,healthy,6.5916,304.9916,314.9754,314.9754,-9.9837,0.5062,4.9317,0,0,0
1125,1125,test,healthy,6.3074,263.2953,260.0247,260.0247,3.2706,0.2337,4.9317,0,0,0
1126,1126,test,healthy,6.152,242.0117,225.7967,225.7967,16.215,0.7934,4.9317,0,0,0
1127,1127,test,healthy,6.0467,228.1988,226.5727,226.5727,1.6261,0.4153,4.9317,0,0,0
1128,1128,test,healthy,5.8113,199.0056,207.2976,207.2976,-8.2919,0.0,4.9317,0,0,0
1129,1129,test,healthy,6.1871,246.7333,257.4676,257.4676,-10.7344,0.0,4.9317,0,0,0
1130,1130,test,healthy,5.8685,205.8868,204.2726,204.2726,1.6142,0.0,4.9317,0,0,0
1131,1131,test,healthy,6.31,263.6494,245.431,245.431,18.2185,0.6885,4.9317,0,0,0
1132,1132,test,healthy,6.8949,353.6441,335.9676,335.9676,17.6765,1.3421,4.9317,0,0,0
1133,1133,test,healthy,6.9471,362.4731,345.4354,345.4354,17.0378,1.9547,4.9317,0,0,0
1134,1134,test,healthy,7.3692,438.7911,436.2202,436.2202,2.5709,1.6373,4.9317,0,0,0
1135,1135,test,healthy,7.6202,488.516,473.509,473.509,15.0069,2.1193,4.9317,0,0,0
1136,1136,test,healthy,7.5203,468.3239,459.2314,459.2314,9.0925,2.2211,4.9317,0,0,0
1137,1137,test,healthy,7.9128,550.7877,535.9907,535.9907,14.7971,2.6897,4.9317,0,0,0
1138,1138,test,healthy,7.9711,563.7534,554.9421,554.9421,8.8113,2.7734,4.9317,0,0,0
1139,1139,test,healthy,8.0547,582.6797,554.8077,554.8077,27.8721,4.0824,4.9317,0,0,0
1140,1140,test,healthy,7.5843,481.2024,458.4321,458.4321,22.7704,5.0635,4.9317,1,0,0
1141,1141,test,healthy,8.1261,599.17,579.824,579.824,19.346,5.8245,4.9317,1,0,0
1142,1142,test,healthy,8.067,585.4978,583.6901,583.6901,1.8077,5.458,4.9317,1,0,0
1143,1143,test,healthy,8.0489,581.3634,598.5557,598.5557,-17.1923,3.8702,4.9317,0,0,0
1144,1144,test,healthy,8.3763,659.2548,664.3517,664.3517,-5.0969,3.0599,4.9317,0,0,0
1145,1145,test,healthy,8.4474,676.9998,640.0477,640.0477,36.9521,4.9526,4.9317,1,0,0
1146,1146,test,healthy,8.4961,689.3269,688.1598,688.1598,1.1671,4.545,4.9317,0,0,0
1147,1147,test,healthy,8.546,702.1129,667.7082,667.7082,34.4047,6.274,4.9317,1,0,0
1148,1148,test,healthy,8.4131,668.4147,636.7537,636.7537,31.661,7.8265,4.9317,1,0,0
1149,1149,test,healthy,8.2913,638.4381,643.4595,643.4595,-5.0214,7.0211,4.9317,1,0,0
1150,1150,test,healthy,8.257,630.1625,630.5813,630.5813,-0.4188,6.5115,4.9317,1,0,0
1151,1151,test,healthy,8.2485,628.1107,609.8194,609.8194,18.2913,7.2047,4.9317,1,0,0
1152,1152,test,healthy,8.0954,592.0552,582.4959,582.4959,9.5593,7.3365,4.9317,1,0,0
1153,1153,test,healthy,8.0605,584.0096,594.2245,594.2245,-10.2149,6.1973,4.9317,1,0,0
1154,1154,test,healthy,8.453,678.4123,660.9784,660.9784,17.4339,6.8353,4.9317,1,0,0
1155,1155,test,healthy,8.2441,627.0553,636.6498,636.6498,-9.5945,5.7359,4.9317,1,0,0
1156,1156,test,healthy,8.2654,632.1727,620.1738,620.1738,11.9989,6.0246,4.9317,1,0,0
1157,1157,test,healthy,7.8915,546.0796,516.3888,516.3888,29.6907,7.4505,4.9317,1,0,0
1158,1158,test,healthy,8.2844,636.7578,641.0043,641.0043,-4.2466,6.6949,4.9317,1,0,0
1159,1159,test,healthy,8.1818,612.2416,575.2012,575.2012,37.0404,8.5932,4.9317,1,0,0
1160,1160,test,healthy,8.3177,644.8525,660.4182,660.4182,-15.5657,7.11,4.9317,1,0,0
1161,1161,test,healthy,8.1395,602.3035,602.1374,602.1374,0.1661,6.638,4.9317,1,0,0
1162,1162,test,healthy,7.8111,528.604,532.4685,532.4685,-3.8645,5.907,4.9317,1,0,0
1163,1163,test,healthy,7.6592,496.5447,490.812,490.812,5.7328,5.7928,4.9317,1,0,0
1164,1164,test,healthy,7.5848,481.304,483.7645,483.7645,-2.4606,5.152,4.9317,1,0,0
1165,1165,test,healthy,7.1698,401.6168,367.4757,367.4757,34.1411,6.864,4.9317,1,0,0
1166,1166,test,healthy,7.4741,459.16,464.7233,464.7233,-5.5634,6.0238,4.9317,1,0,0
1167,1167,test,healthy,6.9238,358.5217,384.6524,384.6524,-26.1306,3.8614,4.9317,0,0,0
1168,1168,test,healthy,7.0233,375.584,389.8434,389.8434,-14.2593,2.4622,4.9317,0,0,0
1169,1169,test,healthy,6.948,362.6314,377.5018,377.5018,-14.8704,1.0236,4.9317,0,0,0
1170,1170,test,healthy,7.421,448.7761,407.1254,407.1254,41.6508,3.2184,4.9317,0,0,0
1171,1171,test,healthy,8.1749,610.5986,622.6335,622.6335,-12.0349,1.9621,4.9317,0,0,0
1172,1172,test,healthy,8.497,689.5654,701.8714,701.8714,-12.306,0.6884,4.9317,0,0,0
1173,1173,test,healthy,8.3797,660.1017,664.6217,664.6217,-4.52,0.0,4.9317,0,0,0
1174,1174,test,healthy,8.5692,708.0964,732.5752,732.5752,-24.4788,0.0,4.9317,0,0,0
1175,1175,test,healthy,8.2288,623.402,624.8818,624.8818,-1.4798,0.0,4.9317,0,0,0
1176,1176,test,healthy,8.5538,704.1374,709.9284,709.9284,-5.7911,0.0,4.9317,0,0,0
1177,1177,test,healthy,8.3312,648.1581,623.5041,623.5041,24.654,1.1022,4.9317,0,0,0
1178,1178,test,healthy,7.8983,547.5788,525.5465,525.5465,22.0323,2.0358,4.9317,0,0,0
1179,1179,test,healthy,7.7025,505.5578,516.1306,516.1306,-10.5728,0.8735,4.9317,0,0,0
1180,1180,test,healthy,7.2904,423.847,413.1251,413.1251,10.7219,1.0801,4.9317,0,0,0
1181,1181,test,healthy,7.0242,375.7365,393.93,393.93,-18.1935,0.0,4.9317,0,0,0
1182,1182,test,healthy,6.7443,328.9401,312.4232,312.4232,16.5169,0.5791,4.9317,0,0,0
1183,1183,test,healthy,7.4975,463.7832,480.7734,480.7734,-16.9902,0.0,4.9317,0,0,0
1184,1184,test,healthy,7.4881,461.92,458.6346,458.6346,3.2854,0.0,4.9317,0,0,0
1185,1185,test,healthy,7.68,500.8624,446.3171,446.3171,54.5453,3.0236,4.9317,0,0,0
1186,1186,test,healthy,7.7192,509.055,513.4262,513.4262,-4.3711,2.26,4.9317,0,0,0
1187,1187,test,healthy,7.5068,465.6436,475.1388,475.1388,-9.4952,1.167,4.9317,0,0,0
1188,1188,test,healthy,7.3093,427.4006,420.0403,420.0403,7.3603,1.1575,4.9317,0,0,0
1189,1189,test,healthy,7.6321,490.9686,518.9796,518.9796,-28.011,0.0,4.9317,0,0,0
1190,1190,test,healthy,7.9785,565.4084,577.7525,577.7525,-12.3442,0.0,4.9317,0,0,0
1191,1191,test,healthy,8.5145,694.0238,694.2689,694.2689,-0.2451,0.0,4.9317,0,0,0
1192,1192,test,healthy,8.2287,623.3801,625.0194,625.0194,-1.6393,0.0,4.9317,0,0,0
1193,1193,test,healthy,7.8886,545.4431,529.4539,529.4539,15.9892,0.5452,4.9317,0,0,0
1194,1194,test,healthy,8.3694,657.5588,677.1877,677.1877,-19.6289,0.0,4.9317,0,0,0
1195,1195,test,healthy,8.7157,746.7131,759.072,759.072,-12.3589,0.0,4.9317,0,0,0
1196,1196,test,healthy,9.0322,834.6343,778.5202,778.5202,56.1141,3.1244,4.9317,0,0,0
1197,1197,test,healthy,8.381,660.4148,694.4058,694.4058,-33.991,0.4568,4.9317,0,0,0
1198,1198,test,healthy,8.8804,791.6638,796.218,796.218,-4.5543,0.0,4.9317,0,0,0
1199,1199,test,healthy,8.7049,743.8131,736.3004,736.3004,7.5127,0.0003,4.9317,0,0,0
1200,1200,test,healthy,8.2701,633.3165,651.413,651.413,-18.0964,0.0,4.9317,0,0,0
1201,1201,test,healthy,8.5661,707.295,730.7092,730.7092,-23.4142,0.0,4.9317,0,0,0
1202,1202,test,healthy,8.3254,646.7417,662.2808,662.2808,-15.5391,0.0,4.9317,0,0,0
1203,1203,test,healthy,8.4079,667.1167,672.3918,672.3918,-5.2752,0.0,4.9317,0,0,0
1204,1204,test,healthy,8.2152,620.1546,636.3183,636.3183,-16.1638,0.0,4.9317,0,0,0
1205,1205,test,healthy,8.1851,613.0136,577.313,577.313,35.7007,1.8122,4.9317,0,0,0
1206,1206,test,healthy,8.5234,696.3207,673.8577,673.8577,22.463,2.7736,4.9317,0,0,0
1207,1207,test,healthy,8.0787,588.1912,587.9339,587.9339,0.2573,2.3075,4.9317,0,0,0
1208,1208,test,healthy,8.0316,577.415,561.2384,561.2384,16.1766,2.8647,4.9317,0,0,0
1209,1209,test,healthy,7.486,461.5118,442.5776,442.5776,18.9343,3.5991,4.9317,0,0,0
1210,1210,test,healthy,7.4057,445.8065,453.6932,453.6932,-7.8867,2.6095,4.9317,0,0,0
1211,1211,test,healthy,6.9596,364.6083,392.0096,392.0096,-27.4014,0.3655,4.9317,0,0,0
1212,1212,test,healthy,6.8715,349.7398,364.4335,364.4335,-14.6938,0.0,4.9317,0,0,0
1213,1213,test,healthy,7.5379,471.8515,453.47,453.47,18.3815,0.6989,4.9317,0,0,0
1214,1214,test,healthy,8.6052,717.4834,727.7944,727.7944,-10.3111,0.0,4.9317,0,0,0
1215,1215,test,healthy,7.9809,565.9415,547.8461,547.8461,18.0954,0.6806,4.9317,0,0,0
1216,1216,test,healthy,7.8014,526.5196,516.455,516.455,10.0646,0.8449,4.9317,0,0,0
1217,1217,test,healthy,7.5255,469.3651,477.0551,477.0551,-7.6901,0.0,4.9317,0,0,0
1218,1218,test,healthy,7.226,411.8754,395.4852,395.4852,16.3902,0.5709,4.9317,0,0,0
1219,1219,test,healthy,7.3747,439.8409,400.9431,400.9431,38.8977,2.5887,4.9317,0,0,0
1220,1220,test,healthy,7.2102,408.9811,415.7627,415.7627,-6.7816,1.6701,4.9317,0,0,0
1221,1221,test,healthy,7.1082,390.5359,368.7569,368.7569,21.779,2.5875,4.9317,0,0,0
1222,1222,test,healthy,7.7465,514.82,517.3191,517.3191,-2.4991,1.9442,4.9317,0,0,0
1223,1223,test,healthy,7.6929,503.554,491.3974,491.3974,12.1566,2.243,4.9317,0,0,0
1224,1224,test,healthy,7.2716,420.3412,424.8475,424.8475,-4.5063,1.4707,4.9317,0,0,0
1225,1225,test,healthy,7.2412,414.6923,402.1878,402.1878,12.5046,1.7918,4.9317,0,0,0
1226,1226,test,healthy,7.0145,374.0527,393.2153,393.2153,-19.1626,0.0774,4.9317,0,0,0
1227,1227,test,healthy,7.6369,491.9411,479.3883,479.3883,12.5529,0.4017,4.9317,0,0,0
1228,1228,test,healthy,7.7008,505.2131,506.6543,506.6543,-1.4412,0.0,4.9317,0,0,0
1229,1229,test,healthy,7.6792,500.6936,497.2801,497.2801,3.4135,0.0,4.9317,0,0,0
1230,1230,test,healthy,7.6172,487.8983,481.1025,481.1025,6.7958,0.0,4.9317,0,0,0
1231,1231,test,healthy,7.3022,426.0565,459.9547,459.9547,-33.8982,0.0,4.9317,0,0,0
1232,1232,test,healthy,7.3258,430.5192,412.59,412.59,17.9293,0.6699,4.9317,0,0,0
1233,1233,test,healthy,7.2827,422.4016,413.1704,413.1704,9.2312,0.7806,4.9317,0,0,0
1234,1234,test,healthy,7.2837,422.6,420.4259,420.4259,2.1741,0.4377,4.9317,0,0,0
1235,1235,test,healthy,7.153,398.5782,394.1677,394.1677,4.4105,0.2386,4.9317,0,0,0
1236,1236,test,healthy,7.1124,391.2941,408.2257,408.2257,-16.9316,0.0,4.9317,0,0,0
1237,1237,test,healthy,7.2369,413.8969,439.9879,439.9879,-26.0911,0.0,4.9317,0,0,0
1238,1238,test,healthy,7.464,457.1695,486.6358,486.6358,-29.4664,0.0,4.9317,0,0,0
1239,1239,test,healthy,7.1424,396.6578,405.4337,405.4337,-8.7759,0.0,4.9317,0,0,0
1240,1240,test,healthy,7.3043,426.4585,411.2793,411.2793,15.1792,0.4931,4.9317,0,0,0
1241,1241,test,healthy,7.1387,396.0031,407.9319,407.9319,-11.9288,0.0,4.9317,0,0,0
1242,1242,test,healthy,7.3898,442.7323,449.2893,449.2893,-6.557,0.0,4.9317,0,0,0
1243,1243,test,healthy,6.8794,351.0646,365.897,365.897,-14.8324,0.0,4.9317,0,0,0
1244,1244,test,healthy,7.2201,410.7984,403.6068,403.6068,7.1916,0.0,4.9317,0,0,0
1245,1245,test,healthy,7.3131,428.1234,423.1191,423.1191,5.0043,0.0,4.9317,0,0,0
1246,1246,test,healthy,7.4472,453.8872,483.0052,483.0052,-29.118,0.0,4.9317,0,0,0
1247,1247,test,healthy,7.1117,391.1596,431.9479,431.9479,-40.7882,0.0,4.9317,0,0,0
1248,1248,test,healthy,6.9452,362.1406,355.5352,355.5352,6.6055,0.0,4.9317,0,0,0
1249,1249,test,healthy,7.2224,411.2127,403.0159,403.0159,8.1968,0.0443,4.9317,0,0,0
1250,1250,test,healthy,7.5003,464.34,470.7345,470.7345,-6.3945,0.0,4.9317,0,0,0
1251,1251,test,healthy,7.2924,424.2282,432.9543,432.9543,-8.7261,0.0,4.9317,0,0,0
1252,1252,test,healthy,7.3555,436.1644,434.9914,434.9914,1.173,0.0,4.9317,0,0,0
1253,1253,test,healthy,7.7098,507.0782,490.118,490.118,16.9602,0.6076,4.9317,0,0,0
1254,1254,test,healthy,8.1489,604.4966,625.3356,625.3356,-20.8391,0.0,4.9317,0,0,0
1255,1255,test,healthy,7.9087,549.8842,561.6219,561.6219,-11.7377,0.0,4.9317,0,0,0
1256,1256,test,healthy,7.7392,513.2853,524.8604,524.8604,-11.5751,0.0,4.9317,0,0,0
1257,1257,test,healthy,7.4542,455.2577,471.4078,471.4078,-16.1501,0.0,4.9317,0,0,0
1258,1258,test,healthy,8.011,572.7376,547.355,547.355,25.3826,1.149,4.9317,0,0,0
1259,1259,test,healthy,7.9867,567.2484,575.703,575.703,-8.4546,0.1229,4.9317,0,0,0
1260,1260,test,healthy,8.3488,652.4758,642.6459,642.6459,9.8299,0.2721,4.9317,0,0,0
1261,1261,test,healthy,8.2206,621.4341,638.9808,638.9808,-17.5466,0.0,4.9317,0,0,0
1262,1262,test,healthy,8.4363,674.2184,658.1463,658.1463,16.0721,0.5505,4.9317,0,0,0
1263,1263,test,healthy,8.6342,725.0768,742.8431,742.8431,-17.7663,0.0,4.9317,0,0,0
1264,1264,test,healthy,8.491,688.0259,657.0522,657.0522,30.9737,1.5084,4.9317,0,0,0
1265,1265,test,healthy,8.7795,763.9365,768.7252,768.7252,-4.7887,0.7179,4.9317,0,0,0
1266,1266,test,healthy,8.4227,670.8079,697.7446,697.7446,-26.9367,0.0,4.9317,0,0,0
1267,1267,test,healthy,8.7126,745.8889,728.6495,728.6495,17.2395,0.6255,4.9317,0,0,0
1268,1268,test,healthy,8.8433,781.4138,765.4383,765.4383,15.9755,1.1698,4.9317,0,0,0
1269,1269,test,healthy,8.5176,694.8139,689.0755,689.0755,5.7384,1.056,4.9317,0,0,0
1270,1270,test,healthy,8.6673,733.8194,720.9642,720.9642,12.8552,1.3998,4.9317,0,0,0
1271,1271,test,healthy,8.7656,760.1565,737.3212,737.3212,22.8353,2.385,4.9317,0,0,0
1272,1272,test,healthy,8.4201,670.1463,683.9903,683.9903,-13.844,1.0124,4.9317,0,0,0
1273,1273,test,healthy,8.2922,638.6537,657.6567,657.6567,-19.003,0.0,4.9317,0,0,0
1274,1274,test,healthy,7.9591,561.0667,553.0418,553.0418,8.025,0.0332,4.9317,0,0,0
1275,1275,test,healthy,7.5925,482.8602,496.5858,496.5858,-13.7256,0.0,4.9317,0,0,0
1276,1276,test,healthy,7.1246,393.4612,409.9287,409.9287,-16.4675,0.0,4.9317,0,0,0
1277,1277,test,healthy,7.6812,501.1047,483.5718,483.5718,17.5329,0.6444,4.9317,0,0,0
1278,1278,test,healthy,7.7626,518.2415,520.2483,520.2483,-2.0068,0.0328,4.9317,0,0,0
1279,1279,test,healthy,7.7812,522.1961,538.7522,538.7522,-16.556,0.0,4.9317,0,0,0
1280,1280,test,healthy,7.9636,562.0766,568.5023,568.5023,-6.4257,0.0,4.9317,0,0,0
1281,1281,test,healthy,7.5981,484.0105,454.2936,454.2936,29.7169,1.4276,4.9317,0,0,0
1282,1282,test,healthy,7.6849,501.8799,493.0951,493.0951,8.7848,1.5097,4.9317,0,0,0
1283,1283,test,healthy,7.2673,419.5299,413.0086,413.0086,6.5213,1.4462,4.9317,0,0,0
1284,1284,test,healthy,7.8588,538.9367,505.1599,505.1599,33.7767,3.1348,4.9317,0,0,0
1285,1285,test,healthy,7.8787,543.2778,541.1877,541.1877,2.0901,2.7865,4.9317,0,0,0
1286,1286,test,healthy,7.7392,513.2843,504.8645,504.8645,8.4198,2.8451,4.9317,0,0,0
1287,1287,test,healthy,7.473,458.9565,440.0616,440.0616,18.8949,3.577,4.9317,0,0,0
1288,1288,test,healthy,7.4896,462.2195,471.1919,471.1919,-8.9724,2.5176,4.9317,0,0,0
1289,1289,test,healthy,7.1249,393.5133,394.5806,394.5806,-1.0673,1.9664,4.9317,0,0,0
1290,1290,test,healthy,7.3481,434.7618,411.4669,411.4669,23.2949,2.9812,4.9317,0,0,0
1291,1291,test,healthy,7.4924,462.7756,452.0658,452.0658,10.7098,3.187,4.9317,0,0,0
1292,1292,test,healthy,7.8171,529.9008,513.6353,513.6353,16.2655,3.7499,4.9317,0,0,0
1293,1293,test,healthy,8.1207,597.9144,618.4163,618.4163,-20.5018,1.9494,4.9317,0,0,0
1294,1294,test,healthy,8.0825,589.0761,574.9263,574.9263,14.1499,2.3763,4.9317,0,0,0
1295,1295,test,healthy,7.8387,534.5707,542.9779,542.9779,-8.4072,1.3532,4.9317,0,0,0
1296,1296,test,healthy,8.1358,601.4329,573.5771,573.5771,27.8559,2.6612,4.9317,0,0,0
1297,1297,test,healthy,8.0947,591.8812,607.3425,607.3425,-15.4613,1.1847,4.9317,0,0,0
1298,1298,test,healthy,8.1058,594.4528,559.3806,559.3806,35.0723,2.9565,4.9317,0,0,0
1299,1299,test,healthy,7.5527,474.8156,500.9053,500.9053,-26.0897,0.7968,4.9317,0,0,0
1300,1300,test,healthy,7.5542,475.1249,468.4964,468.4964,6.6285,0.7402,4.9317,0,0,0
1301,1301,test,healthy,7.2813,422.1468,421.5079,421.5079,0.6389,0.2987,4.9317,0,0,0
1302,1302,test,healthy,7.5659,477.4796,507.5244,507.5244,-30.0447,0.0,4.9317,0,0,0
1303,1303,test,healthy,7.2006,407.2184,422.6646,422.6646,-15.4462,0.0,4.9317,0,0,0
1304,1304,test,healthy,8.0179,574.3108,589.5877,589.5877,-15.2769,0.0,4.9317,0,0,0
1305,1305,test,healthy,8.3654,656.5721,668.1714,668.1714,-11.5993,0.0,4.9317,0,0,0
1306,1306,test,healthy,8.1818,612.2232,591.0996,591.0996,21.1235,0.8752,4.9317,0,0,0
1307,1307,test,healthy,8.1006,593.2483,573.3577,573.3577,19.8906,1.6712,4.9317,0,0,0
1308,1308,test,healthy,8.0287,576.76,600.7675,600.7675,-24.0075,0.0,4.9317,0,0,0
1309,1309,test,healthy,7.8822,544.048,529.8674,529.8674,14.1806,0.4289,4.9317,0,0,0
1310,1310,test,healthy,7.9915,568.3331,551.6982,551.6982,16.6349,1.0156,4.9317,0,0,0
1311,1311,test,healthy,7.8146,529.3541,541.1746,541.1746,-11.8206,0.0,4.9317,0,0,0
1312,1312,test,healthy,7.8817,543.9322,573.7866,573.7866,-29.8543,0.0,4.9317,0,0,0
1313,1313,test,healthy,7.7782,521.5587,539.6312,539.6312,-18.0725,0.0,4.9317,0,0,0
1314,1314,test,healthy,7.5737,479.0499,461.6882,461.6882,17.3617,0.6334,4.9317,0,0,0
1315,1315,test,healthy,7.7474,515.0173,490.2096,490.2096,24.8078,1.7454,4.9317,0,0,0
1316,1316,test,healthy,7.5038,465.0322,465.2686,465.2686,-0.2364,1.2476,4.9317,0,0,0
1317,1317,test,healthy,7.2194,410.6636,419.9459,419.9459,-9.2823,0.1683,4.9317,0,0,0
1318,1318,test,healthy,6.7181,324.7607,338.9521,338.9521,-14.1914,0.0,4.9317,0,0,0
1319,1319,test,healthy,7.3794,440.745,474.6937,474.6937,-33.9487,0.0,4.9317,0,0,0
1320,1320,test,healthy,7.454,455.2143,463.3614,463.3614,-8.1471,0.0,4.9317,0,0,0
1321,1321,test,healthy,7.8258,531.7692,543.4767,543.4767,-11.7075,0.0,4.9317,0,0,0
1322,1322,test,healthy,8.1613,607.3942,599.0397,599.0397,8.3545,0.0544,4.9317,0,0,0
1323,1323,test,healthy,8.1317,600.4752,600.2472,600.2472,0.228,0.0,4.9317,0,0,0
1324,1324,test,healthy,7.842,535.2742,569.2031,569.2031,-33.9289,0.0,4.9317,0,0,0
1325,1325,test,healthy,8.2522,629.0005,597.9953,597.9953,31.0053,1.5104,4.9317,0,0,0
1326,1326,test,healthy,7.9368,556.0983,557.5203,557.5203,-1.4221,0.9364,4.9317,0,0,0
1327,1327,test,healthy,7.5985,484.0867,498.4049,498.4049,-14.3181,0.0,4.9317,0,0,0
1328,1328,test,healthy,7.1215,392.9171,385.0711,385.0711,7.846,0.0217,4.9317,0,0,0
1329,1329,test,healthy,6.932,359.9005,361.9728,361.9728,-2.0723,0.0,4.9317,0,0,0
1330,1330,test,healthy,7.2775,421.438,404.6931,404.6931,16.7449,0.5937,4.9317,0,0,0
1331,1331,test,healthy,7.1101,390.8815,392.0765,392.0765,-1.195,0.0343,4.9317,0,0,0
1332,1332,test,healthy,7.0776,385.1102,417.2529,417.2529,-32.1427,0.0,4.9317,0,0,0
1333,1333,test,healthy,7.3315,431.6059,430.4333,430.4333,1.1726,0.0,4.9317,0,0,0
1334,1334,test,healthy,7.0934,387.9081,401.1776,401.1776,-13.2695,0.0,4.9317,0,0,0
1335,1335,test,healthy,7.2824,422.3558,415.6211,415.6211,6.7347,0.0,4.9317,0,0,0
1336,1336,test,healthy,7.0003,371.5948,377.2571,377.2571,-5.6624,0.0,4.9317,0,0,0
1337,1337,test,healthy,6.6971,321.4327,318.3369,318.3369,3.0957,0.0,4.9317,0,0,0
1338,1338,test,healthy,6.8536,346.7675,349.7112,349.7112,-2.9438,0.0,4.9317,0,0,0
1339,1339,test,healthy,7.324,430.1853,431.3142,431.3142,-1.1289,0.0,4.9317,0,0,0
1340,1340,test,healthy,7.063,382.5271,373.5254,373.5254,9.0016,0.096,4.9317,0,0,0
1341,1341,test,healthy,7.4774,459.8115,476.5697,476.5697,-16.7582,0.0,4.9317,0,0,0
1342,1342,test,healthy,7.9271,553.9537,555.0618,555.0618,-1.1081,0.0,4.9317,0,0,0
1343,1343,test,healthy,7.5542,475.1238,478.2123,478.2123,-3.0886,0.0,4.9317,0,0,0
1344,1344,test,healthy,7.8139,529.2005,551.5877,551.5877,-22.3872,0.0,4.9317,0,0,0
1345,1345,test,healthy,8.0237,575.6142,551.8716,551.8716,23.7426,1.0436,4.9317,0,0,0
1346,1346,test,healthy,8.0786,588.1745,595.9521,595.9521,-7.7776,0.061,4.9317,0,0,0
1347,1347,test,healthy,7.8424,535.3658,513.9099,513.9099,21.456,0.9575,4.9317,0,0,0
1348,1348,test,healthy,8.1359,601.4447,607.0984,607.0984,-5.6537,0.1115,4.9317,0,0,0
1349,1349,test,healthy,8.2576,630.3012,620.1908,620.1908,10.1104,0.2787,4.9317,0,0,0
1350,1350,test,healthy,8.7811,764.3668,752.0735,752.0735,12.2933,0.5863,4.9317,0,0,0
1351,1351,test,healthy,8.9183,802.2543,820.9262,820.9262,-18.6719,0.0,4.9317,0,0,0
1352,1352,test,healthy,8.5941,714.5797,672.8973,672.8973,41.6824,2.1968,4.9317,0,0,0
1353,1353,test,healthy,8.3884,662.2666,691.2235,691.2235,-28.9569,0.0,4.9317,0,0,0
1354,1354,test,healthy,8.2322,624.2059,604.3511,604.3511,19.8548,0.7937,4.9317,0,0,0
1355,1355,test,healthy,7.8095,528.2564,519.755,519.755,8.5014,0.8575,4.9317,0,0,0
1356,1356,test,healthy,8.5285,697.61,696.0059,696.0059,1.6041,0.478,4.9317,0,0,0
1357,1357,test,healthy,8.657,731.0866,740.4826,740.4826,-9.396,0.0,4.9317,0,0,0
1358,1358,test,healthy,8.4498,677.6015,668.7042,668.7042,8.8973,0.0893,4.9317,0,0,0
1359,1359,test,healthy,8.5021,690.8568,689.6649,689.6649,1.1919,0.0,4.9317,0,0,0
1360,1360,test,healthy,7.9323,555.1034,548.0419,548.0419,7.0615,0.0,4.9317,0,0,0
1361,1361,test,healthy,8.1792,611.6172,622.7094,622.7094,-11.0922,0.0,4.9317,0,0,0
1362,1362,test,healthy,7.6707,498.93,500.3567,500.3567,-1.4267,0.0,4.9317,0,0,0
1363,1363,test,healthy,7.4587,456.1446,442.7611,442.7611,13.3835,0.3777,4.9317,0,0,0
1364,1364,test,healthy,7.3118,427.8695,422.847,422.847,5.0225,0.2179,4.9317,0,0,0
1365,1365,test,healthy,6.9035,355.0935,331.2767,331.2767,23.8168,1.2662,4.9317,0,0,0
1366,1366,test,healthy,7.0093,373.1575,362.3359,362.3359,10.8216,1.4792,4.9317,0,0,0
1367,1367,test,healthy,7.1993,406.984,423.3185,423.3185,-16.3345,0.0,4.9317,0,0,0
1368,1368,test,healthy,7.2791,421.7342,416.8962,416.8962,4.8379,0.0,4.9317,0,1,0
1369,1369,test,healthy,7.096,388.3637,387.633,387.633,0.7307,0.0,4.9317,0,1,0
1370,1370,test,healthy,6.8478,345.8127,320.7224,320.7224,25.0903,1.1302,4.9317,0,1,0
1371,1371,test,healthy,6.7886,336.107,326.832,326.832,9.275,1.2438,4.9317,0,1,0
1372,1372,test,healthy,6.5933,305.2615,295.7381,295.7381,9.5234,1.3733,4.9317,0,1,0
1373,1373,test,healthy,6.5251,294.9065,325.801,325.801,-30.8945,0.0,4.9317,0,1,0
1374,1374,test,healthy,6.3642,271.3286,275.916,275.916,-4.5874,0.0,4.9317,0,1,0
1375,1375,test,healthy,6.887,352.329,355.0236,355.0236,-2.6945,0.0,4.9317,0,1,0
1376,1376,test,healthy,6.6469,313.5365,311.5485,311.5485,1.988,0.0,4.9317,0,1,0
1377,1377,test,healthy,6.6858,319.643,332.676,332.676,-13.033,0.0,4.9317,0,1,0
1378,1378,test,healthy,6.9117,356.4709,342.5202,342.5202,13.9507,0.4141,4.9317,0,1,0
1379,1379,test,healthy,7.3884,442.4653,438.4816,438.4816,3.9837,0.1876,4.9317,0,1,0
1380,1380,test,healthy,7.3065,426.8733,395.5718,395.5718,31.3015,1.717,4.9317,0,1,0
1381,1381,test,healthy,7.6083,486.0843,509.9717,509.9717,-23.8874,0.0,4.9317,0,1,0
1382,1382,test,healthy,7.7258,510.4513,534.2138,534.2138,-23.7625,0.0,4.9317,0,1,0
1383,1383,test,healthy,7.6677,498.3078,518.2195,518.2195,-19.9116,0.0,4.9317,0,1,0
1384,1384,test,healthy,7.955,560.1475,548.9055,548.9055,11.242,0.24,4.9317,0,1,0
1385,1385,test,healthy,8.1889,613.9208,603.6838,603.6838,10.237,0.4154,4.9317,0,1,0
1386,1386,test,healthy,8.6891,739.5978,745.2407,745.2407,-5.6428,0.0,4.9317,0,1,0
1387,1387,test,healthy,8.733,751.3591,761.5251,761.5251,-10.166,0.0,4.9317,0,1,0
1388,1388,test,healthy,8.3477,652.2128,640.5765,640.5765,11.6364,0.2654,4.9317,0,1,0
1389,1389,test,healthy,8.5347,699.2018,733.6943,733.6943,-34.4925,0.0,4.9317,0,1,0
1390,1390,test,healthy,8.6793,736.9854,707.9245,707.9245,29.0609,1.3854,4.9317,0,1,0
1391,1391,test,healthy,9.0042,826.6,819.2254,819.2254,7.3747,1.3768,4.9317,0,1,0
1392,1392,test,healthy,8.7928,767.5562,767.5496,767.5496,0.0066,0.8946,4.9317,0,1,0
1393,1393,test,healthy,8.4836,686.1542,664.0477,664.0477,22.1065,1.833,4.9317,0,1,0
1394,1394,test,healthy,8.7367,752.3353,739.2029,739.2029,13.1324,2.1945,4.9317,0,1,0
1395,1395,test,healthy,8.3577,654.6757,663.0036,663.0036,-8.3278,1.1766,4.9317,0,1,0
1396,1396,test,healthy,9.2283,892.3086,900.3939,900.3939,-8.0854,0.1742,4.9317,0,1,0
1397,1397,test,healthy,9.5447,990.6444,1004.0344,1004.0344,-13.39,0.0,4.9317,0,1,0
1398,1398,test,healthy,9.8882,1105.0309,1098.8967,1098.8967,6.1342,0.0,4.9317,0,1,0
1399,1399,test,healthy,9.4497,960.4216,949.9102,949.9102,10.5114,0.193,4.9317,0,1,0
1400,1400,test,healthy,9.8303,1085.1915,1054.9672,1054.9672,30.2243,1.6533,4.9317,0,1,0
1401,1401,test,healthy,9.4471,959.5964,952.836,952.836,6.7604,1.6052,4.9317,0,1,0
1402,1402,test,healthy,9.5923,1006.0189,967.4554,967.4554,38.5635,3.6015,4.9317,0,1,0
1403,1403,test,healthy,9.6168,1013.9695,1010.8839,1010.8839,3.0856,3.3172,4.9317,0,1,0
1404,1404,test,healthy,9.9406,1123.2147,1160.3274,1160.3274,-37.1127,0.4489,4.9317,0,1,0
1405,1405,test,healthy,9.4748,968.3501,974.8256,974.8256,-6.4754,0.0,4.9317,0,1,0
1406,1406,test,healthy,9.434,955.4834,980.4771,980.4771,-24.9937,0.0,4.9317,0,1,0
1407,1407,test,healthy,8.8733,789.713,802.6233,802.6233,-12.9103,0.0,4.9317,0,1,0
1408,1408,test,healthy,8.5988,715.7989,685.0227,685.0227,30.7762,1.4957,4.9317,0,1,0
1409,1409,test,healthy,8.4568,679.3659,671.6031,671.6031,7.7628,1.5121,4.9317,0,1,0
1410,1410,test,healthy,8.4139,668.6146,667.7872,667.7872,0.8274,1.0826,4.9317,0,1,0
1411,1411,test,healthy,8.2868,637.3583,638.8439,638.8439,-1.4856,0.5045,4.9317,0,1,0
1412,1412,test,healthy,8.1553,605.9952,578.3452,578.3452,27.65,1.7992,4.9317,0,1,0
1413,1413,test,healthy,7.6297,490.4631,455.5626,455.5626,34.9006,3.56,4.9317,0,1,0
1414,1414,test,healthy,7.9052,549.1013,540.8588,540.8588,8.2425,3.6072,4.9317,0,1,0
1415,1415,test,healthy,8.2179,620.8018,596.6873,596.6873,24.1145,4.6747,4.9317,0,1,0
1416,1416,test,healthy,7.589,482.1473,450.466,450.466,31.6813,6.2285,4.9317,1,1,0
1417,1417,test,healthy,7.4222,449.001,448.3702,448.3702,0.6307,5.7865,4.9317,1,1,0
1418,1418,test,healthy,7.3164,428.7496,416.9078,416.9078,11.8418,6.065,4.9317,1,1,0
1419,1419,test,healthy,7.3576,436.5602,456.6494,456.6494,-20.0891,4.291,4.9317,0,1,0
1420,1420,test,healthy,8.2677,632.7361,625.5328,625.5328,7.2033,4.2714,4.9317,0,1,0
1421,1421,test,healthy,8.488,687.2671,698.1868,698.1868,-10.9197,3.0868,4.9317,0,1,0
1422,1422,test,healthy,8.1469,604.0341,612.5439,612.5439,-8.5098,2.0572,4.9317,0,1,0
1423,1423,test,healthy,8.3175,644.8187,650.5248,650.5248,-5.7061,1.2077,4.9317,0,1,0
1424,1424,test,healthy,8.1627,607.7459,608.4585,608.4585,-0.7127,0.6793,4.9317,0,1,0
1425,1425,test,healthy,8.1193,597.5924,559.1956,559.1956,38.3968,2.6648,4.9317,0,1,0
1426,1426,test,healthy,8.4243,671.2076,669.7164,669.7164,1.4912,2.278,4.9317,0,1,0
1427,1427,test,healthy,8.9722,817.4823,782.3177,782.3177,35.1646,4.0558,4.9317,0,1,0
1428,1428,test,healthy,9.4426,958.168,955.7792,955.7792,2.3888,3.7267,4.9317,0,1,0
1429,1429,test,healthy,9.106,856.0411,842.5353,842.5353,13.5058,4.1123,4.9317,0,1,0
1430,1430,test,healthy,9.2401,895.8302,898.8357,898.8357,-3.0055,3.4364,4.9317,0,1,0
1431,1431,test,healthy,9.0908,851.6016,881.6141,881.6141,-30.0125,1.0245,4.9317,0,1,0
1432,1432,test,healthy,8.8972,796.3467,797.4022,797.4022,-1.0555,0.4741,4.9317,0,1,0
1433,1433,test,healthy,8.5623,706.3274,698.1578,698.1578,8.1695,0.5166,4.9317,0,1,0
1434,1434,test,healthy,8.8524,783.9029,777.5106,777.5106,6.3923,0.4448,4.9317,0,1,0
1435,1435,test,healthy,8.8084,771.8187,761.0224,761.0224,10.7962,0.6562,4.9317,0,1,0
1436,1436,test,healthy,8.485,686.5124,696.9726,696.9726,-10.4602,0.0,4.9317,0,1,0
1437,1437,test,healthy,8.2663,632.3893,635.0564,635.0564,-2.6671,0.0,4.9317,0,1,0
1438,1438,test,healthy,8.2264,622.8291,601.5553,601.5553,21.2738,0.8849,4.9317,0,1,0
1439,1439,test,healthy,8.0492,581.4169,594.2343,594.2343,-12.8174,0.0,4.9317,0,1,0
1440,1440,test,healthy,7.7578,517.2125,518.9045,518.9045,-1.692,0.0,4.9317,0,1,0
1441,1441,test,healthy,7.3983,444.3722,478.0497,478.0497,-33.6775,0.0,4.9317,0,1,0
1442,1442,test,healthy,7.3802,440.9017,427.7455,427.7455,13.1561,0.3631,4.9317,0,1,0
1443,1443,test,healthy,7.8798,543.5165,543.4591,543.4591,0.0574,0.0,4.9317,0,1,0
1444,1444,test,healthy,8.2785,635.3332,661.0736,661.0736,-25.7405,0.0,4.9317,0,1,0
1445,1445,test,healthy,8.0754,587.4463,579.6846,579.6846,7.7616,0.0163,4.9317,0,1,0
1446,1446,test,healthy,7.8766,542.8183,565.9161,565.9161,-23.0978,0.0,4.9317,0,1,0
1447,1447,test,healthy,7.894,546.6493,546.9985,546.9985,-0.3492,0.0,4.9317,0,1,0
1448,1448,test,healthy,7.6951,504.0055,505.9445,505.9445,-1.939,0.0,4.9317,0,1,0
1449,1449,test,healthy,7.9686,563.196,571.0509,571.0509,-7.8549,0.0,4.9317,0,1,0
1450,1450,test,healthy,8.026,576.1522,561.266,561.266,14.8862,0.4743,4.9317,0,1,0
1451,1451,test,healthy,8.0916,591.176,588.7215,588.7215,2.4545,0.1494,4.9317,0,1,0
1452,1452,test,healthy,7.831,532.9072,528.1242,528.1242,4.783,0.0,4.9317,0,1,0
1453,1453,test,healthy,7.3389,433.0015,440.013,440.013,-7.0114,0.0,4.9317,0,1,0
1454,1454,test,healthy,7.5698,478.2671,495.5563,495.5563,-17.2892,0.0,4.9317,0,1,0
1455,1455,test,healthy,8.058,583.4338,559.5391,559.5391,23.8947,1.0533,4.9317,0,1,0
1456,1456,test,healthy,8.1319,600.5298,615.5292,615.5292,-14.9993,0.0,4.9317,0,1,0
1457,1457,test,healthy,7.7544,516.4882,524.901,524.901,-8.4128,0.0,4.9317,0,1,0
1458,1458,test,healthy,7.186,404.5487,405.1324,405.1324,-0.5838,0.0,4.9317,0,1,0
1459,1459,test,healthy,7.828,532.2613,570.5479,570.5479,-38.2866,0.0,4.9317,0,1,0
1460,1460,test,healthy,7.9535,559.8139,570.2659,570.2659,-10.452,0.0,4.9317,0,1,0
1461,1461,test,healthy,7.9374,556.2228,543.6781,543.6781,12.5447,0.3237,4.9317,0,1,0
1462,1462,test,healthy,7.5429,472.85,456.9752,456.9752,15.8748,0.8616,4.9317,0,1,0
1463,1463,test,healthy,7.4803,460.3968,466.1593,466.1593,-5.7625,0.0085,4.9317,0,1,0
1464,1464,test,healthy,7.5452,473.3049,477.9405,477.9405,-4.6357,0.0,4.9317,0,1,0
1465,1465,test,healthy,7.0593,381.8888,365.6268,365.6268,16.262,0.5627,4.9317,0,1,0
1466,1466,test,healthy,6.8953,353.7118,373.9397,373.9397,-20.2279,0.0,4.9317,0,1,0
1467,1467,test,healthy,6.5802,303.2504,286.4174,286.4174,16.8331,0.5994,4.9317,0,1,0
1468,1468,test,healthy,6.3843,274.2178,278.7016,278.7016,-4.4838,0.0,4.9317,0,1,0
1469,1469,test,healthy,5.9682,218.2096,188.8453,188.8453,29.3643,1.4049,4.9317,0,1,0
1470,1470,test,healthy,5.9348,214.033,229.3856,229.3856,-15.3526,0.0,4.9317,0,1,0
1471,1471,test,healthy,5.8183,199.8414,223.1848,223.1848,-23.3433,0.0,4.9317,0,1,0
1472,1472,test,healthy,5.9488,215.7783,205.726,205.726,10.0523,0.1635,4.9317,0,1,0
1473,1473,test,healthy,5.9214,212.3696,211.1335,211.1335,1.2361,0.0,4.9317,0,1,0
1474,1474,test,healthy,5.6303,178.1136,191.6846,191.6846,-13.571,0.0,4.9317,0,1,0
1475,1475,test,healthy,5.3464,147.9379,154.7548,154.7548,-6.8169,0.0,4.9317,0,1,0
1476,1476,test,healthy,5.1518,129.0275,99.4743,99.4743,29.5532,1.4171,4.9317,0,1,0
1477,1477,test,healthy,5.1905,132.6711,130.5156,130.5156,2.1556,1.073,4.9317,0,1,0
1478,1478,test,healthy,5.3813,151.4774,157.8087,157.8087,-6.3313,0.1834,4.9317,0,1,0
1479,1479,test,healthy,5.6238,177.3831,174.3445,174.3445,3.0386,0.0,4.9317,0,1,0
1480,1480,test,healthy,5.8712,206.2142,216.3453,216.3453,-10.1311,0.0,4.9317,0,1,0
1481,1481,test,healthy,5.5607,170.4197,172.9662,172.9662,-2.5465,0.0,4.9317,0,1,0
1482,1482,test,healthy,5.5746,171.9464,198.6614,198.6614,-26.715,0.0,4.9317,0,1,0
1483,1483,test,healthy,5.47,160.6858,153.1568,153.1568,7.529,0.0013,4.9317,0,1,0
1484,1484,test,healthy,5.4908,162.8927,171.7134,171.7134,-8.8206,0.0,4.9317,0,1,0
1485,1485,test,healthy,6.1424,240.7376,216.1186,216.1186,24.619,1.0999,4.9317,0,1,0
1486,1486,test,healthy,6.2962,261.7167,233.7394,233.7394,27.9773,2.4157,4.9317,0,1,0
1487,1487,test,healthy,6.5302,295.6806,292.7887,292.7887,2.8919,2.1189,4.9317,0,1,0
1488,1488,test,healthy,6.1368,239.9982,231.0271,231.0271,8.971,2.213,4.9317,0,1,0
1489,1489,test,healthy,6.0864,233.3493,226.3091,226.3091,7.0401,2.1829,4.9317,0,1,0
1490,1490,test,healthy,6.3213,265.2509,274.8376,274.8376,-9.5867,1.084,4.9317,0,1,0
1491,1491,test,healthy,6.4043,277.1056,271.5521,271.5521,5.5535,0.9583,4.9317,0,1,0
1492,1492,test,healthy,6.1346,239.6986,207.6463,207.6463,32.0524,2.536,4.9317,0,1,0
1493,1493,test,healthy,6.2192,251.0802,233.5291,233.5291,17.5511,3.1816,4.9317,0,1,0
1494,1494,test,healthy,6.1461,241.23,231.3994,231.3994,9.8306,3.3309,4.9317,0,1,0
1495,1495,test,healthy,6.38,273.6017,275.1587,275.1587,-1.557,2.7482,4.9317,0,1,0
1496,1496,test,healthy,6.5343,296.2913,331.733,331.733,-35.4417,0.0,4.9317,0,1,0
1497,1497,test,healthy,6.3829,274.0071,251.1736,251.1736,22.8336,0.9851,4.9317,0,1,0
1498,1498,test,healthy,6.787,335.8369,313.3167,313.3167,22.5203,1.9501,4.9317,0,1,0
1499,1499,test,healthy,6.6948,321.0574,329.8961,329.8961,-8.8387,0.8993,4.9317,0,1,0
1500,1500,test,healthy,6.4587,285.0309,278.0408,278.0408,6.9901,0.866,4.9317,0,1,0
1501,1501,test,healthy,5.992,221.2064,217.0674,217.0674,4.139,0.6494,4.9317,0,1,0
1502,1502,test,healthy,6.0874,233.4837,204.1275,204.1275,29.3562,2.0538,4.9317,0,1,0
1503,1503,test,healthy,6.1033,235.5698,244.5948,244.5948,-9.025,0.9911,4.9317,0,1,0
1504,1504,test,healthy,5.6711,182.7064,193.0552,193.0552,-10.3488,0.0,4.9317,0,1,0
1505,1505,test,healthy,5.5637,170.755,170.0887,170.0887,0.6663,0.0,4.9317,0,1,0
1506,1506,test,healthy,5.3883,152.1944,151.8621,151.8621,0.3324,0.0,4.9317,0,1,0
1507,1507,test,healthy,5.5346,167.5851,176.2995,176.2995,-8.7144,0.0,4.9317,0,1,0
1508,1508,test,healthy,6.1157,237.193,254.2581,254.2581,-17.0652,0.0,4.9317,0,1,0
1509,1509,test,healthy,5.9402,214.6979,211.467,211.467,3.2309,0.0,4.9317,0,1,0
1510,1510,test,healthy,6.5709,301.8334,306.7001,306.7001,-4.8667,0.0,4.9317,0,1,0
1511,1511,test,healthy,6.4642,285.8425,315.7786,315.7786,-29.9361,0.0,4.9317,0,1,0
1512,1512,test,healthy,6.7463,329.2746,299.2918,299.2918,29.9828,1.4447,4.9317,0,1,0
1513,1513,test,healthy,6.5389,296.9861,286.9221,286.9221,10.0641,1.609,4.9317,0,1,0
1514,1514,test,healthy,6.4956,290.4982,300.5318,300.5318,-10.0336,0.4814,4.9317,0,1,0
1515,1515,test,healthy,6.566,301.0882,294.2704,294.2704,6.8178,0.437,4.9317,0,1,0
1516,1516,test,healthy,6.658,315.2751,326.8421,326.8421,-11.567,0.0,4.9317,0,1,0
1517,1517,test,healthy,6.9168,357.3407,333.4481,333.4481,23.8926,1.0532,4.9317,0,1,0
1518,1518,test,healthy,6.3847,274.2778,268.9389,268.9389,5.339,0.9138,4.9317,0,1,0
1519,1519,test,healthy,6.4253,280.1493,277.0399,277.0399,3.1094,0.631,4.9317,0,1,0
1520,1520,test,healthy,6.0575,229.5919,216.3902,216.3902,13.2017,0.997,4.9317,0,1,0
1521,1521,test,healthy,6.6223,309.7175,340.8398,340.8398,-31.1224,0.0,4.9317,0,1,0
1522,1522,test,healthy,7.4776,459.85,480.7086,480.7086,-20.8586,0.0,4.9317,0,1,0
1523,1523,test,healthy,7.8296,532.601,512.1921,512.1921,20.4089,0.8293,4.9317,0,1,0
1524,1524,test,healthy,7.9722,564.0079,582.2416,582.2416,-18.2337,0.0,4.9317,0,1,0
1525,1525,test,healthy,7.4216,448.8929,470.6345,470.6345,-21.7416,0.0,4.9317,0,1,0
1526,1526,test,healthy,7.8599,539.1704,548.6377,548.6377,-9.4673,0.0,4.9317,0,1,0
1527,1527,test,healthy,7.8121,528.8207,515.7643,515.7643,13.0565,0.3566,4.9317,0,1,0
1528,1528,test,healthy,7.4708,458.5121,475.3033,475.3033,-16.7912,0.0,4.9317,0,1,0
1529,1529,test,healthy,7.6584,496.3769,467.4925,467.4925,28.8844,1.3741,4.9317,0,1,0
1530,1530,test,healthy,7.8454,536.0303,509.2767,509.2767,26.7536,2.6112,4.9317,0,1,0
1531,1531,test,healthy,8.1139,596.3289,620.6274,620.6274,-24.2985,0.5666,4.9317,0,1,0
1532,1532,test,healthy,8.6938,740.8568,744.386,744.386,-3.5292,0.0,4.9317,0,1,0
1533,1533,test,healthy,8.528,697.4852,708.353,708.353,-10.8678,0.0,4.9317,0,1,0
1534,1534,test,healthy,8.3924,663.2612,686.7438,686.7438,-23.4825,0.0,4.9317,0,1,0
1535,1535,test,healthy,8.6123,719.3216,715.7675,715.7675,3.5541,0.0,4.9317,0,1,0
1536,1536,test,healthy,8.4706,682.8608,670.1462,670.1462,12.7146,0.3347,4.9317,0,1,0
1537,1537,test,healthy,8.3908,662.8537,671.1749,671.1749,-8.3212,0.0,4.9317,0,1,0
1538,1538,test,healthy,8.154,605.7001,616.3409,616.3409,-10.6408,0.0,4.9317,0,1,0
1539,1539,test,healthy,8.357,654.5075,649.6544,649.6544,4.8531,0.0,4.9317,0,1,0
1540,1540,test,healthy,8.5649,707.0035,694.506,694.506,12.4976,0.3207,4.9317,0,1,0
1541,1541,test,healthy,8.1414,602.7303,572.5844,572.5844,30.1458,1.7759,4.9317,0,1,0
1542,1542,test,healthy,7.9313,554.8709,547.3549,547.3549,7.5161,1.7764,4.9317,0,1,0
1543,1543,test,healthy,7.6761,500.0533,490.7573,490.7573,9.296,1.8913,4.9317,0,1,0
1544,1544,test,healthy,7.8063,527.5674,514.8979,514.8979,12.6695,2.2231,4.9317,0,1,0
1545,1545,test,healthy,7.7106,507.2532,512.1946,512.1946,-4.9414,1.4228,4.9317,0,1,0
1546,1546,test,healthy,7.8026,526.7814,541.366,541.366,-14.5846,0.0026,4.9317,0,1,0
1547,1547,test,healthy,7.6254,489.5773,478.9253,478.9253,10.652,0.2047,4.9317,0,1,0
1548,1548,test,healthy,7.168,401.2771,416.6314,416.6314,-15.3543,0.0,4.9317,0,1,0
1549,1549,test,healthy,7.2047,407.9646,401.7736,401.7736,6.191,0.0,4.9317,0,1,0
1550,1550,test,healthy,7.2666,419.3941,414.8102,414.8102,4.5839,0.0,4.9317,0,1,0
1551,1551,test,healthy,7.1142,391.6153,391.2407,391.2407,0.3747,0.0,4.9317,0,1,0
1552,1552,test,healthy,7.1479,397.6606,395.8853,395.8853,1.7753,0.0,4.9317,0,1,0
1553,1553,test,healthy,7.2966,425.0051,428.9091,428.9091,-3.904,0.0,4.9317,0,1,0
1554,1554,test,healthy,8.1171,597.0696,598.2999,598.2999,-1.2303,0.0,4.9317,0,1,0
1555,1555,test,healthy,7.7895,523.9762,511.2045,511.2045,12.7718,0.3383,4.9317,0,1,0
1556,1556,test,healthy,7.7576,517.1662,517.191,517.191,-0.0248,0.0,4.9317,0,1,0
1557,1557,test,healthy,7.4296,450.448,468.9707,468.9707,-18.5228,0.0,4.9317,0,1,0
1558,1558,test,healthy,7.5793,480.1819,478.3118,478.3118,1.8702,0.0,4.9317,0,1,0
1559,1559,test,healthy,7.2256,411.809,398.8643,398.8643,12.9447,0.3495,4.9317,0,1,0
1560,1560,test,healthy,6.9808,368.2315,364.334,364.334,3.8975,0.1174,4.9317,0,1,0
1561,1561,test,healthy,7.2908,423.9209,435.7982,435.7982,-11.8772,0.0,4.9317,0,1,0
1562,1562,test,healthy,7.0678,383.3849,353.2142,353.2142,30.1707,1.4568,4.9317,0,1,0
1563,1563,test,healthy,7.7829,522.5665,522.8466,522.8466,-0.2801,0.9561,4.9317,0,1,0
1564,1564,test,healthy,7.6374,492.0473,480.5171,480.5171,11.5302,1.2147,4.9317,0,1,0
1565,1565,test,healthy,7.3852,441.852,455.1186,455.1186,-13.2666,0.0,4.9317,0,1,0
1566,1566,test,healthy,7.2059,408.1851,395.9086,395.9086,12.2765,0.3065,4.9317,0,1,0
1567,1567,test,healthy,7.4295,450.4314,448.5416,448.5416,1.8898,0.0,4.9317,0,1,0
1568,1568,test,healthy,7.5709,478.494,477.1803,477.1803,1.3136,0.0,4.9317,0,1,0
1569,1569,test,healthy,7.9051,549.0913,538.4421,538.4421,10.6492,0.2019,4.9317,0,1,0
1570,1570,test,healthy,7.51,466.2784,455.3564,455.3564,10.9221,0.4213,4.9317,0,1,0
1571,1571,test,healthy,7.431,450.7268,467.2726,467.2726,-16.5458,0.0,4.9317,0,1,0
1572,1572,test,healthy,7.1939,406.0019,386.1824,386.1824,19.8195,0.7914,4.9317,0,1,0
1573,1573,test,healthy,7.2264,411.9613,398.0669,398.0669,13.8944,1.2019,4.9317,0,1,0
1574,1574,test,healthy,7.3074,427.0485,421.081,421.081,5.9674,1.1028,4.9317,0,1,0
1575,1575,test,healthy,6.8986,354.2805,348.8314,348.8314,5.449,0.9705,4.9317,0,1,0
1576,1576,test,healthy,6.5322,295.9804,294.7254,294.7254,1.255,0.5685,4.9317,0,1,0
1577,1577,test,healthy,6.403,276.9063,279.1189,279.1189,-2.2126,0.0,4.9317,0,1,0
1578,1578,test,healthy,6.3629,271.1533,251.8673,251.8673,19.286,0.7571,4.9317,0,1,0
1579,1579,test,healthy,6.0997,235.0937,225.8235,225.8235,9.2701,0.8703,4.9317,0,1,0
1580,1580,test,healthy,6.3771,273.1738,300.8623,300.8623,-27.6885,0.0,4.9317,0,1,0
1581,1581,test,healthy,6.6357,311.8018,310.3626,310.3626,1.4393,0.0,4.9317,0,1,0
1582,1582,test,healthy,6.4569,284.7778,310.5859,310.5859,-25.8081,0.0,4.9317,0,1,0
1583,1583,test,healthy,6.3921,275.3379,297.0377,297.0377,-21.6997,0.0,4.9317,0,1,0
1584,1584,test,healthy,6.2536,255.8099,244.8538,244.8538,10.9561,0.2216,4.9317,0,1,0
1585,1585,test,healthy,6.1706,244.5058,228.8996,228.8996,15.6061,0.7422,4.9317,0,1,0
1586,1586,test,healthy,6.3649,271.4327,283.282,283.282,-11.8494,0.0,4.9317,0,1,0
1587,1587,test,healthy,6.9103,356.2383,331.1756,331.1756,25.0626,1.1284,4.9317,0,1,0
1588,1588,test,healthy,6.7226,325.4688,321.1657,321.1657,4.3031,0.9224,4.9317,0,1,0
1589,1589,test,healthy,6.4533,284.2385,258.9775,258.9775,25.261,2.0636,4.9317,0,1,0
1590,1590,test,healthy,6.5096,292.5894,290.0599,290.0599,2.5295,1.7435,4.9317,0,1,0
1591,1591,test,healthy,6.7594,331.3664,331.736,331.736,-0.3696,1.2371,4.9317,0,1,0
1592,1592,test,healthy,6.5133,293.1352,231.2067,231.2067,61.9285,4.7353,4.9317,0,1,0
1593,1593,test,healthy,6.922,358.2071,365.414,365.414,-7.2069,3.7894,4.9317,0,1,0
1594,1594,test,healthy,7.2915,424.0516,448.7161,448.7161,-24.6645,1.7213,4.9317,0,1,0
1595,1595,test,healthy,7.242,414.8448,413.1983,413.1983,1.6465,1.3445,4.9317,0,1,0
1596,1596,test,healthy,7.2802,421.9337,390.5195,390.5195,31.4141,2.8812,4.9317,0,1,0
1597,1597,test,healthy,7.0751,384.6747,370.5676,370.5676,14.1071,3.3054,4.9317,0,1,0
1598,1598,test,healthy,7.9839,566.631,549.2057,549.2057,17.4253,3.9428,4.9317,0,1,0
1599,1599,test,healthy,7.5363,471.5168,494.4245,494.4245,-22.9076,1.9877,4.9317,0,1,0
1600,1600,test,healthy,7.7451,514.5196,530.0857,530.0857,-15.566,0.5044,4.9317,0,1,0
1601,1601,test,healthy,7.7267,510.6493,517.5958,517.5958,-6.9465,0.0,4.9317,0,1,0
1602,1602,test,healthy,8.4811,685.5257,716.6858,716.6858,-31.1601,0.0,4.9317,0,1,0
1603,1603,test,healthy,8.5156,694.3129,717.801,717.801,-23.488,0.0,4.9317,0,1,0
1604,1604,test,healthy,8.4284,672.2327,652.7277,652.7277,19.505,0.7712,4.9317,0,1,0
1605,1605,test,healthy,7.9235,553.1468,550.007,550.007,3.1399,0.4904,4.9317,0,1,0
1606,1606,test,healthy,8.2154,620.2003,612.0974,612.0974,8.1029,0.5286,4.9317,0,1,0
1607,1607,test,healthy,8.5907,713.6922,712.6823,712.6823,1.01,0.1109,4.9317,0,1,0
1608,1608,test,healthy,8.1772,611.1439,624.5155,624.5155,-13.3715,0.0,4.9317,0,1,0
1609,1609,test,healthy,7.7292,511.1735,497.3744,497.3744,13.7991,0.4044,4.9317,0,1,0
1610,1610,test,healthy,7.7126,507.6802,517.665,517.665,-9.9847,0.0,4.9317,0,1,0
1611,1611,test,healthy,7.681,501.0661,530.3615,530.3615,-29.2954,0.0,4.9317,0,1,0
1612,1612,test,healthy,7.3231,430.0141,463.3598,463.3598,-33.3456,0.0,4.9317,0,1,0
1613,1613,test,healthy,7.3707,439.0621,462.3525,462.3525,-23.2905,0.0,4.9317,0,1,0
1614,1614,test,healthy,7.4239,449.3484,445.5276,445.5276,3.8208,0.0,4.9317,0,1,0
1615,1615,test,healthy,7.4888,462.0758,477.3449,477.3449,-15.2691,0.0,4.9317,0,1,0
1616,1616,test,healthy,7.7466,514.8323,502.6768,502.6768,12.1555,0.2987,4.9317,0,1,0
1617,1617,test,healthy,7.9453,557.9951,545.6025,545.6025,12.3927,0.6127,4.9317,0,1,0
1618,1618,test,healthy,8.0309,577.2507,572.5139,572.5139,4.7368,0.4346,4.9317,0,1,0
1619,1619,test,healthy,8.576,709.863,698.4063,698.4063,11.4567,0.6884,4.9317,0,1,0
1620,1620,test,healthy,8.5214,695.8,681.9847,681.9847,13.8153,1.0938,4.9317,0,1,0
1621,1621,test,healthy,8.1988,616.2611,575.1911,575.1911,41.07,3.2512,4.9317,0,1,0
1622,1622,test,healthy,7.8105,528.4688,538.673,538.673,-10.2042,2.1126,4.9317,0,1,0
1623,1623,test,healthy,8.222,621.7711,636.6173,636.6173,-14.8462,0.6756,4.9317,0,1,0
1624,1624,test,healthy,8.2878,637.5916,631.4134,631.4134,6.1782,0.5901,4.9317,0,1,0
1625,1625,test,healthy,7.8935,546.5335,540.0208,540.0208,6.5127,0.5261,4.9317,0,1,0
1626,1626,test,healthy,7.4146,447.5394,442.5616,442.5616,4.9778,0.3635,4.9317,0,1,0
1627,1627,test,healthy,7.594,483.1714,514.1928,514.1928,-31.0214,0.0,4.9317,0,1,0
1628,1628,test,healthy,7.9322,555.0861,559.9388,559.9388,-4.8527,0.0,4.9317,0,1,0
1629,1629,test,healthy,7.5983,484.0541,503.2642,503.2642,-19.2101,0.0,4.9317,0,1,0
1630,1630,test,healthy,7.7854,523.1024,530.7913,530.7913,-7.6889,0.0,4.9317,0,1,0
1631,1631,test,healthy,7.6291,490.3467,479.4957,479.4957,10.851,0.2149,4.9317,0,1,0
1632,1632,test,healthy,7.2197,410.7273,397.1277,397.1277,13.5996,0.6064,4.9317,0,1,0
1633,1633,test,healthy,7.4876,461.8358,463.6857,463.6857,-1.8499,0.0049,4.9317,0,1,0
1634,1634,test,healthy,7.6837,501.637,484.3868,484.3868,17.2502,0.6311,4.9317,0,1,0
1635,1635,test,healthy,7.6093,486.2825,478.582,478.582,7.7005,0.6435,4.9317,0,1,0
1636,1636,test,healthy,8.1324,600.6483,611.5234,611.5234,-10.8751,0.0,4.9317,0,1,0
1637,1637,test,healthy,8.0759,587.5559,570.9642,570.9642,16.5917,0.5839,4.9317,0,1,0
1638,1638,test,healthy,7.9644,562.2611,566.76,566.76,-4.4989,0.0,4.9317,0,1,0
1639,1639,test,healthy,7.9869,567.3053,570.4251,570.4251,-3.1198,0.0,4.9317,0,1,0
1640,1640,test,healthy,7.7424,513.9472,492.3351,492.3351,21.6122,0.9066,4.9317,0,1,0
1641,1641,test,healthy,7.5814,480.621,491.6854,491.6854,-11.0644,0.0,4.9317,0,1,0
1642,1642,test,healthy,7.5056,465.4048,476.88,476.88,-11.4752,0.0,4.9317,0,1,0
1643,1643,test,healthy,7.2299,412.5983,426.277,426.277,-13.6787,0.0,4.9317,0,1,0
1644,1644,test,healthy,7.6556,495.8062,489.4491,489.4491,6.3571,0.0,4.9317,0,1,0
1645,1645,test,healthy,7.9885,567.6645,548.5562,548.5562,19.1082,0.7457,4.9317,0,1,0
1646,1646,test,healthy,8.1578,606.5743,632.642,632.642,-26.0677,0.0,4.9317,0,1,0
1647,1647,test,healthy,8.4555,679.0518,676.7001,676.7001,2.3517,0.0,4.9317,0,1,0
1648,1648,test,healthy,8.0157,573.8151,597.1439,597.1439,-23.3288,0.0,4.9317,0,1,0
1649,1649,test,healthy,7.6641,497.5649,490.936,490.936,6.6288,0.0,4.9317,0,1,0
1650,1650,test,healthy,7.2905,423.8754,441.3898,441.3898,-17.5144,0.0,4.9317,0,1,0
1651,1651,test,healthy,7.4047,445.6171,438.0273,438.0273,7.5898,0.0052,4.9317,0,1,0
1652,1652,test,healthy,7.1016,389.3551,392.8218,392.8218,-3.4667,0.0,4.9317,0,1,0
1653,1653,test,healthy,6.721,325.2275,332.5555,332.5555,-7.328,0.0,4.9317,0,1,0
1654,1654,test,healthy,6.553,299.11,306.8034,306.8034,-7.6934,0.0,4.9317,0,1,0
1655,1655,test,healthy,6.3241,265.6412,254.6831,254.6831,10.9581,0.2218,4.9317,0,1,0
1656,1656,test,healthy,6.2607,256.792,238.3445,238.3445,18.4475,0.9249,4.9317,0,1,0
1657,1657,test,healthy,7.2688,419.8198,446.8539,446.8539,-27.0341,0.0,4.9317,0,1,0
1658,1658,test,healthy,7.4475,453.9445,477.7921,477.7921,-23.8476,0.0,4.9317,0,1,0
1659,1659,test,healthy,7.6894,502.8237,494.1694,494.1694,8.6543,0.0737,4.9317,0,1,0
1660,1660,test,healthy,7.6481,494.2474,465.017,465.017,29.2304,1.47,4.9317,0,1,0
1661,1661,test,healthy,7.582,480.738,482.7095,482.7095,-1.9715,0.8606,4.9317,0,1,0
1662,1662,test,healthy,7.1867,404.6756,398.3738,398.3738,6.3018,0.7831,4.9317,0,1,0
1663,1663,test,healthy,7.4476,453.9562,447.9001,447.9001,6.0561,0.6897,4.9317,0,1,0
1664,1664,test,healthy,6.9628,365.1514,344.6892,344.6892,20.4622,1.5224,4.9317,0,1,0
1665,1665,test,healthy,7.3936,443.4682,459.9445,459.9445,-16.4763,0.0,4.9317,0,1,0
1666,1666,test,healthy,7.1563,399.1602,395.137,395.137,4.0232,0.0,4.9317,0,1,0
1667,1667,test,healthy,7.3564,436.3384,436.2527,436.2527,0.0857,0.0,4.9317,0,1,0
1668,1668,test,healthy,7.3138,428.2539,431.3766,431.3766,-3.1227,0.0,4.9317,0,1,0
1669,1669,test,healthy,7.2288,412.3925,418.3787,418.3787,-5.9862,0.0,4.9317,0,1,0
1670,1670,test,healthy,7.9018,548.3568,550.9831,550.9831,-2.6262,0.0,4.9317,0,1,0
1671,1671,test,healthy,7.8023,526.7258,487.0908,487.0908,39.635,2.0652,4.9317,0,1,0
1672,1672,test,healthy,7.6423,493.0679,475.9403,475.9403,17.1276,2.6835,4.9317,0,1,0
1673,1673,test,healthy,7.8666,540.6335,572.4891,572.4891,-31.8555,0.1531,4.9317,0,1,0
1674,1674,test,healthy,8.3457,651.7095,663.1286,663.1286,-11.4191,0.0,4.9317,0,1,0
1675,1675,test,healthy,8.1886,613.8294,621.5047,621.5047,-7.6753,0.0,4.9317,0,1,0
1676,1676,test,healthy,8.369,657.4462,684.0859,684.0859,-26.6397,0.0,4.9317,0,1,0
1677,1677,test,healthy,8.6475,728.5813,732.2943,732.2943,-3.713,0.0,4.9317,0,1,0
1678,1678,test,healthy,8.8147,773.5312,769.3891,769.3891,4.1421,0.0,4.9317,0,1,0
1679,1679,test,healthy,8.6481,728.7286,738.6557,738.6557,-9.9271,0.0,4.9317,0,1,0
1680,1680,test,healthy,8.5829,711.6521,696.1054,696.1054,15.5466,0.5167,4.9317,0,1,0
1681,1681,test,healthy,8.6011,716.4153,682.5768,682.5768,33.8384,2.2093,4.9317,0,1,0
1682,1682,test,healthy,8.9662,815.7877,849.5882,849.5882,-33.8005,0.0,4.9317,0,1,0
1683,1683,test,healthy,9.1359,864.8043,880.9308,880.9308,-16.1266,0.0,4.9317,0,1,0
1684,1684,test,healthy,8.908,799.3832,800.2704,800.2704,-0.8872,0.0,4.9317,0,1,0
1685,1685,test,healthy,8.8845,792.8143,786.701,786.701,6.1132,0.0,4.9317,0,1,0
1686,1686,test,healthy,9.1121,857.8137,861.7793,861.7793,-3.9656,0.0,4.9317,0,1,0
1687,1687,test,healthy,8.7062,744.1754,752.1629,752.1629,-7.9874,0.0,4.9317,0,1,0
1688,1688,test,healthy,8.5691,708.0885,720.5079,720.5079,-12.4194,0.0,4.9317,0,1,0
1689,1689,test,healthy,8.6263,722.9865,722.1009,722.1009,0.8856,0.0,4.9317,0,1,0
1690,1690,test,healthy,8.0586,583.57,569.8529,569.8529,13.717,0.3991,4.9317,0,1,0
1691,1691,test,healthy,7.9812,566.0145,561.4527,561.4527,4.5617,0.2097,4.9317,0,1,0
1692,1692,test,healthy,8.33,647.873,640.1156,640.1156,7.7573,0.2257,4.9317,0,1,0
1693,1693,test,healthy,8.2814,636.0401,601.335,601.335,34.7051,1.974,4.9317,0,1,0
1694,1694,test,healthy,8.4487,677.338,672.7106,672.7106,4.6274,1.7888,4.9317,0,1,0
1695,1695,test,healthy,8.0677,585.6755,585.0546,585.0546,0.6209,1.346,4.9317,0,1,0
1696,1696,test,healthy,7.7819,522.3371,518.3186,518.3186,4.0186,1.1217,4.9317,0,1,0
1697,1697,test,healthy,8.3173,644.7577,644.7593,644.7593,-0.0016,0.639,4.9317,0,1,0
1698,1698,test,healthy,8.6667,733.6447,757.3388,757.3388,-23.694,0.0,4.9317,0,1,0
1699,1699,test,healthy,8.4261,671.6702,633.168,633.168,38.5022,1.9923,4.9317,0,1,0
1700,1700,test,healthy,8.3487,652.4537,666.7532,666.7532,-14.2995,0.5905,4.9317,0,1,0
1701,1701,test,healthy,8.4579,679.6622,688.2999,688.2999,-8.6376,0.0,4.9317,0,1,0
1702,1702,test,healthy,8.391,662.9125,669.9957,669.9957,-7.0833,0.0,4.9317,0,1,0
1703,1703,test,healthy,8.7316,750.9787,736.83,736.83,14.1487,0.4269,4.9317,0,1,0
1704,1704,test,healthy,8.6598,731.834,733.0592,733.0592,-1.2252,0.0,4.9317,0,1,0
1705,1705,test,healthy,8.5091,692.6624,706.521,706.521,-13.8586,0.0,4.9317,0,1,0
1706,1706,test,healthy,8.0155,573.7679,594.6617,594.6617,-20.8938,0.0,4.9317,0,1,0
1707,1707,test,healthy,7.8785,543.2306,532.4104,532.4104,10.8202,0.2129,4.9317,0,1,0
1708,1708,test,healthy,7.7827,522.5254,530.3847,530.3847,-7.8593,0.0,4.9317,0,1,0
1709,1709,test,healthy,8.4602,680.2328,656.6742,656.6742,23.5586,1.0317,4.9317,0,1,0
1710,1710,test,healthy,8.3788,659.88,665.8028,665.8028,-5.9228,0.1684,4.9317,0,1,0
1711,1711,test,healthy,8.2545,629.5627,625.9144,625.9144,3.6483,0.0,4.9317,0,1,0
1712,1712,test,healthy,8.0547,582.6746,586.2483,586.2483,-3.5737,0.0,4.9317,0,1,0
1713,1713,test,healthy,8.186,613.2199,606.8224,606.8224,6.3976,0.0,4.9317,0,1,0
1714,1714,test,healthy,7.7057,506.2255,487.9704,487.9704,18.2551,0.6908,4.9317,0,1,0
1715,1715,test,healthy,7.5109,466.4583,483.8975,483.8975,-17.4392,0.0,4.9317,0,1,0
1716,1716,test,healthy,7.3212,429.6408,420.7191,420.7191,8.9217,0.0909,4.9317,0,1,0
1717,1717,test,healthy,6.8439,345.1551,352.8801,352.8801,-7.725,0.0,4.9317,0,1,0
1718,1718,test,healthy,6.4483,283.5057,320.7979,320.7979,-37.2922,0.0,4.9317,0,1,0
1719,1719,test,healthy,6.962,365.0095,375.8761,375.8761,-10.8666,0.0,4.9317,0,1,0
1720,1720,test,healthy,6.6408,312.5996,302.1798,302.1798,10.4198,0.1872,4.9317,0,1,0
1721,1721,test,healthy,6.6828,319.1702,318.8771,318.8771,0.2931,0.0,4.9317,0,1,0
1722,1722,test,healthy,6.6594,315.493,316.0962,316.0962,-0.6032,0.0,4.9317,0,1,0
1723,1723,test,healthy,7.5423,472.7279,487.0009,487.0009,-14.273,0.0,4.9317,0,1,0
1724,1724,test,healthy,8.123,598.4466,557.2063,557.2063,41.2403,2.1683,4.9317,0,1,0
1725,1725,test,healthy,7.8169,529.857,539.8801,539.8801,-10.0232,1.0414,4.9317,0,1,0
1726,1726,test,healthy,7.9126,550.7325,560.4695,560.4695,-9.737,0.0,4.9317,0,1,0
1727,1727,test,healthy,7.3716,439.25,409.9553,409.9553,29.2947,1.4005,4.9317,0,1,0
1728,1728,test,healthy,6.9515,363.2142,389.9566,389.9566,-26.7424,0.0,4.9317,0,1,0
1729,1729,test,healthy,6.9599,364.6618,368.6678,368.6678,-4.006,0.0,4.9317,0,1,0
1730,1730,test,healthy,6.9267,359.0175,353.5273,353.5273,5.4902,0.0,4.9317,0,1,0
1731,1731,test,healthy,6.8913,353.0484,349.3624,349.3624,3.686,0.0,4.9317,0,1,0
1732,1732,test,healthy,6.906,355.5144,345.4969,345.4969,10.0175,0.1613,4.9317,0,1,0
1733,1733,test,healthy,6.6828,319.1667,321.5422,321.5422,-2.3755,0.0,4.9317,0,1,0
1734,1734,test,healthy,6.2337,253.0656,275.3362,275.3362,-22.2707,0.0,4.9317,0,1,0
1735,1735,test,healthy,6.4884,289.4338,281.4754,281.4754,7.9584,0.0289,4.9317,0,1,0
1736,1736,test,healthy,6.6439,313.0722,316.3851,316.3851,-3.3129,0.0,4.9317,0,1,0
1737,1737,test,healthy,6.8091,339.4391,349.6335,349.6335,-10.1944,0.0,4.9317,0,1,0
1738,1738,test,healthy,7.413,447.2275,436.4888,436.4888,10.7387,0.2077,4.9317,0,1,0
1739,1739,test,healthy,7.7971,525.606,489.37,489.37,36.236,2.0543,4.9317,0,1,0
1740,1740,test,healthy,8.114,596.3516,573.2118,573.2118,23.1398,3.0591,4.9317,0,1,0
1741,1741,test,healthy,7.8563,538.3987,540.1408,540.1408,-1.7421,2.4645,4.9317,0,1,0
1742,1742,test,healthy,8.1696,609.3506,617.1777,617.1777,-7.8271,1.4787,4.9317,0,1,0
1743,1743,test,healthy,8.034,577.9496,566.671,566.671,11.2787,1.7211,4.9317,0,1,0
1744,1744,test,healthy,7.5023,464.7341,416.0664,416.0664,48.6676,4.3669,4.9317,0,1,0
1745,1745,test,healthy,7.5834,481.0228,477.3993,477.3993,3.6235,4.1171,4.9317,0,1,0
1746,1746,test,healthy,6.9957,370.8004,383.313,383.313,-12.5126,2.8302,4.9317,0,1,0
1747,1747,test,healthy,7.2835,422.5639,408.1887,408.1887,14.3752,3.2716,4.9317,0,1,0
1748,1748,test,healthy,7.4329,451.0876,449.214,449.214,1.8737,2.9094,4.9317,0,1,0
1749,1749,test,healthy,7.8426,535.409,492.3892,492.3892,43.0198,5.1921,4.9317,1,1,0
1750,1750,test,healthy,8.2007,616.6986,613.6489,613.6489,3.0496,4.9055,4.9317,0,1,0
1751,1751,test,healthy,8.2272,623.0217,623.2378,623.2378,-0.216,4.409,4.9317,0,1,0
1752,1752,test,healthy,7.9331,555.281,548.2416,548.2416,7.0395,4.3788,4.9317,0,1,0
1753,1753,test,healthy,7.7671,519.1855,516.8657,516.8657,2.3198,4.0453,4.9317,0,1,0
1754,1754,test,healthy,8.0277,576.5208,566.0029,566.0029,10.5179,4.2388,4.9317,0,1,0
1755,1755,test,healthy,8.5754,709.7286,718.0954,718.0954,-8.3668,3.2183,4.9317,0,1,0
1756,1756,test,healthy,9.0459,838.5699,836.3343,836.3343,2.2356,2.8794,4.9317,0,1,0
1757,1757,test,healthy,9.0795,848.3118,870.8487,870.8487,-22.537,0.948,4.9317,0,1,0
1758,1758,test,healthy,8.9101,799.9667,785.7484,785.7484,14.2183,1.3794,4.9317,0,1,0
1759,1759,test,healthy,10.1177,1186.0416,1165.7719,1165.7719,20.2697,2.1997,4.9317,0,1,0
1760,1760,test,healthy,10.389,1286.6453,1314.3951,1314.3951,-27.7498,0.0,4.9317,0,1,0
1761,1761,test,healthy,10.0167,1149.9283,1155.5166,1155.5166,-5.5883,0.0,4.9317,0,1,0
1762,1762,test,healthy,10.084,1173.9058,1181.4113,1181.4113,-7.5056,0.0,4.9317,0,1,0
1763,1763,test,healthy,10.5484,1348.2919,1328.529,1328.529,19.763,0.7877,4.9317,0,1,0
1764,1764,test,healthy,10.0344,1156.1934,1165.682,1165.682,-9.4886,0.0,4.9317,0,1,0
1765,1765,test,healthy,10.3899,1287.0011,1278.2858,1278.2858,8.7153,0.0776,4.9317,0,1,0
1766,1766,test,healthy,9.9506,1126.7015,1134.2056,1134.2056,-7.5041,0.0,4.9317,0,1,0
1767,1767,test,healthy,10.3898,1286.9566,1277.5433,1277.5433,9.4133,0.1225,4.9317,0,1,0
1768,1768,test,healthy,9.8367,1087.3559,1071.7828,1071.7828,15.5731,0.6409,4.9317,0,1,0
1769,1769,test,healthy,9.6731,1032.437,1030.4977,1030.4977,1.9393,0.2829,4.9317,0,1,0
1770,1770,test,healthy,9.6494,1024.6629,1018.7672,1018.7672,5.8957,0.1792,4.9317,0,1,0
1771,1771,test,healthy,9.7738,1066.038,1070.027,1070.027,-3.989,0.0,4.9317,0,1,0
1772,1772,test,healthy,9.3122,917.7342,892.6847,892.6847,25.0495,1.1276,4.9317,0,1,0
1773,1773,test,healthy,9.2408,896.063,922.0455,922.0455,-25.9825,0.0,4.9317,0,1,0
1774,1774,test,healthy,9.0519,840.3243,820.5994,820.5994,19.7249,0.7853,4.9317,0,1,0
1775,1775,test,healthy,9.0955,852.9732,842.4834,842.4834,10.4898,0.977,4.9317,0,1,0
1776,1776,test,healthy,9.3117,917.5828,881.1579,881.1579,36.4249,2.8358,4.9317,0,1,0
1777,1777,test,healthy,9.3474,928.5216,954.4187,954.4187,-25.8971,0.6884,4.9317,0,1,0
1778,1778,test,healthy,9.4389,957.0246,961.3067,961.3067,-4.2821,0.0,4.9317,0,1,0
1779,1779,test,healthy,9.0778,847.8262,840.2462,840.2462,7.58,0.0046,4.9317,0,1,0
1780,1780,test,healthy,8.6689,734.2275,733.7551,733.7551,0.4725,0.0,4.9317,0,1,0
1781,1781,test,healthy,8.3388,650.017,629.4531,629.4531,20.5639,0.8392,4.9317,0,1,0
1782,1782,test,healthy,8.4674,682.0636,697.8306,697.8306,-15.7671,0.0,4.9317,0,1,0
1783,1783,test,healthy,8.5395,700.4529,683.956,683.956,16.4969,0.5778,4.9317,0,1,0
1784,1784,test,healthy,8.0294,576.9218,590.9078,590.9078,-13.986,0.0,4.9317,0,1,0
1785,1785,test,healthy,8.02,574.7862,592.4895,592.4895,-17.7034,0.0,4.9317,0,1,0
1786,1786,test,healthy,7.9106,550.2877,549.1534,549.1534,1.1343,0.0,4.9317,0,1,0
1787,1787,test,healthy,8.5163,694.4977,706.9944,706.9944,-12.4967,0.0,4.9317,0,1,0
1788,1788,test,healthy,8.1973,615.8911,609.137,609.137,6.7541,0.0,4.9317,0,1,0
1789,1789,test,healthy,8.1909,614.3928,593.1224,593.1224,21.2704,0.8846,4.9317,0,1,0
1790,1790,test,healthy,8.4253,671.4615,683.6878,683.6878,-12.2263,0.0,4.9317,0,1,0
1791,1791,test,healthy,8.3724,658.2844,666.7392,666.7392,-8.4548,0.0,4.9317,0,1,0
1792,1792,test,healthy,8.6147,719.9551,726.6689,726.6689,-6.7138,0.0,4.9317,0,1,0
1793,1793,test,healthy,8.6609,732.1244,688.7313,688.7313,43.393,2.3067,4.9317,0,1,0
1794,1794,test,healthy,8.6947,741.088,738.8628,738.8628,2.2252,1.9671,4.9317,0,1,0
1795,1795,test,healthy,8.655,730.5661,732.133,732.133,-1.5669,1.3838,4.9317,0,1,0
1796,1796,test,healthy,8.7114,745.5572,737.8352,737.8352,7.722,1.3975,4.9317,0,1,0
1797,1797,test,healthy,8.9752,818.3351,841.094,841.094,-22.7589,0.0,4.9317,0,1,0
1798,1798,test,healthy,8.5654,707.127,691.7183,691.7183,15.4087,0.5078,4.9317,0,1,0
1799,1799,test,healthy,8.4533,678.5006,643.8356,643.8356,34.6649,2.2535,4.9317,0,1,0
1800,1800,test,healthy,8.4875,687.1366,661.8563,661.8563,25.2803,3.3959,4.9317,0,1,0
1801,1801,test,healthy,8.2986,640.2005,634.9095,634.9095,5.291,3.2534,4.9317,0,1,0
1802,1802,test,healthy,8.7279,749.9814,746.9479,746.9479,3.0335,2.9657,4.9317,0,1,0
1803,1803,test,healthy,8.825,776.3509,757.0092,757.0092,19.3417,3.7264,4.9317,0,1,0
1804,1804,test,healthy,8.8504,783.3677,802.7972,802.7972,-19.4295,1.9948,4.9317,0,1,0
1805,1805,test,healthy,8.7572,757.8668,778.6124,778.6124,-20.7456,0.1786,4.9317,0,1,0
1806,1806,test,healthy,8.3332,648.642,652.9635,652.9635,-4.3214,0.0,4.9317,0,1,0
1807,1807,test,healthy,8.3142,644.0036,634.8536,634.8536,9.15,0.1055,4.9317,0,1,0
1808,1808,test,healthy,8.3306,648.0061,634.9945,634.9945,13.0116,0.4593,4.9317,0,1,0
1809,1809,test,healthy,8.1771,611.1233,595.8101,595.8101,15.3132,0.961,4.9317,0,1,0
1810,1810,test,healthy,7.8874,545.1939,540.8128,540.8128,4.381,0.76,4.9317,0,1,0
1811,1811,test,healthy,8.0257,576.0723,566.0606,566.0606,10.0118,0.9209,4.9317,0,1,0
1812,1812,test,healthy,7.8317,533.0429,531.6247,531.6247,1.4182,0.5294,4.9317,0,1,0
1813,1813,test,healthy,7.9302,554.6283,546.2236,546.2236,8.4047,0.5871,4.9317,0,1,0
1814,1814,test,healthy,8.7359,752.1343,744.4274,744.4274,7.7069,0.5998,4.9317,0,1,0
1815,1815,test,healthy,9.1993,883.5974,909.8386,909.8386,-26.2412,0.0,4.9317,0,1,0
1816,1816,test,healthy,9.7076,1043.8787,1041.5403,1041.5403,2.3385,0.0,4.9317,0,1,0
1817,1817,test,healthy,9.6274,1017.4423,1023.5921,1023.5921,-6.1498,0.0,4.9317,0,1,0
1818,1818,test,healthy,9.7404,1054.8209,1062.503,1062.503,-7.682,0.0,4.9317,0,1,0
1819,1819,test,healthy,9.5073,978.6488,975.0223,975.0223,3.6265,0.0,4.9317,0,1,0
1820,1820,test,healthy,9.1456,867.6703,863.8801,863.8801,3.7902,0.0,4.9317,0,1,0
1821,1821,test,healthy,9.0564,841.6143,824.7851,824.7851,16.8292,0.5992,4.9317,0,1,0
1822,1822,test,healthy,8.7362,752.2027,736.4143,736.4143,15.7884,1.1314,4.9317,0,1,0
1823,1823,test,healthy,8.8238,776.0271,805.8601,805.8601,-29.833,0.0,4.9317,0,1,0
1824,1824,test,healthy,9.0472,838.9485,835.3689,835.3689,3.5796,0.0,4.9317,0,1,0
1825,1825,test,healthy,8.6398,726.5349,733.102,733.102,-6.567,0.0,4.9317,0,1,0
1826,1826,test,healthy,8.5006,690.4849,709.0553,709.0553,-18.5704,0.0,4.9317,0,1,0
1827,1827,test,healthy,8.7099,745.1559,748.4463,748.4463,-3.2904,0.0,4.9317,0,1,0
1828,1828,test,healthy,8.7424,753.8743,764.2237,764.2237,-10.3494,0.0,4.9317,0,1,0
1829,1829,test,healthy,8.2956,639.4915,631.3297,631.3297,8.1618,0.042,4.9317,0,1,0
1830,1830,test,healthy,8.8355,779.2477,772.1851,772.1851,7.0627,0.0134,4.9317,0,1,0
1831,1831,test,healthy,8.4151,668.9105,631.5637,631.5637,37.3468,1.9314,4.9317,0,1,0
1832,1832,test,healthy,8.8024,770.1645,802.7498,802.7498,-32.5853,0.0,4.9317,0,1,0
1833,1833,test,healthy,8.3584,654.8333,664.3967,664.3967,-9.5634,0.0,4.9317,0,1,0
1834,1834,test,healthy,8.2596,630.7767,636.714,636.714,-5.9373,0.0,4.9317,0,1,0
1835,1835,test,healthy,8.6385,726.2012,719.1747,719.1747,7.0265,0.0,4.9317,0,1,0
1836,1836,test,healthy,8.765,759.9974,768.8104,768.8104,-8.8129,0.0,4.9317,0,1,0
1837,1837,test,healthy,8.7589,758.3384,722.9842,722.9842,35.3542,1.79,4.9317,0,1,0
1838,1838,test,healthy,8.5705,708.4536,743.4388,743.4388,-34.9852,0.0,4.9317,0,1,0
1839,1839,test,healthy,8.2349,624.8621,624.4986,624.4986,0.3635,0.0,4.9317,0,1,0
1840,1840,test,healthy,7.873,542.0328,523.6005,523.6005,18.4322,0.7022,4.9317,0,1,0
1841,1841,test,healthy,8.1292,599.8823,590.6757,590.6757,9.2066,0.8114,4.9317,0,1,0
1842,1842,test,healthy,8.01,572.5021,570.4196,570.4196,2.0824,0.4626,4.9317,0,1,0
1843,1843,test,healthy,7.7342,512.2291,502.6119,502.6119,9.6171,0.5982,4.9317,0,1,0
1844,1844,test,healthy,8.0423,579.8423,567.796,567.796,12.0462,0.8899,4.9317,0,1,0
1845,1845,test,healthy,7.7305,511.4402,549.5883,549.5883,-38.1481,0.0,4.9317,0,1,0
1846,1846,test,healthy,7.9698,563.4519,546.8403,546.8403,16.6116,0.5852,4.9317,0,1,0
1847,1847,test,healthy,7.8536,537.7935,505.7128,505.7128,32.0806,2.1647,4.9317,0,1,0
1848,1848,test,healthy,7.8258,531.7772,528.3967,528.3967,3.3805,1.8994,4.9317,0,1,0
1849,1849,test,healthy,7.7692,519.6377,525.709,525.709,-6.0713,1.0265,4.9317,0,1,0
1850,1850,test,healthy,7.4351,451.5269,468.5937,468.5937,-17.0668,0.0,4.9317,0,1,0
1851,1851,test,healthy,7.8526,537.585,536.1807,536.1807,1.4044,0.0,4.9317,0,1,0
1852,1852,test,healthy,8.0595,583.7961,601.1059,601.1059,-17.3098,0.0,4.9317,0,1,0
1853,1853,test,healthy,7.5509,474.4538,455.8262,455.8262,18.6276,0.7148,4.9317,0,1,0
1854,1854,test,healthy,7.4372,451.9338,461.9318,461.9318,-9.998,0.0,4.9317,0,1,0
1855,1855,test,healthy,7.0746,384.5709,395.349,395.349,-10.7781,0.0,4.9317,0,1,0
1856,1856,test,healthy,7.3823,441.2996,440.1948,440.1948,1.1048,0.0,4.9317,0,1,0
1857,1857,test,healthy,7.5601,476.3075,478.839,478.839,-2.5315,0.0,4.9317,0,1,0
1858,1858,test,healthy,7.4843,461.1705,469.2612,469.2612,-8.0907,0.0,4.9317,0,1,0
1859,1859,test,healthy,7.2467,415.7062,401.167,401.167,14.5392,0.452,4.9317,0,1,0
1860,1860,test,healthy,7.2571,417.628,402.7947,402.7947,14.8333,0.9228,4.9317,0,1,0
1861,1861,test,healthy,7.8355,533.879,520.3392,520.3392,13.5397,1.3105,4.9317,0,1,0
1862,1862,test,healthy,7.857,538.5375,529.7928,529.7928,8.7447,1.39,4.9317,0,1,0
1863,1863,test,healthy,7.5976,483.9027,484.5944,484.5944,-0.6917,0.8629,4.9317,0,1,0
1864,1864,test,healthy,7.2455,415.4795,395.0885,395.0885,20.3911,1.691,4.9317,0,1,0
1865,1865,test,healthy,7.7846,522.9318,511.4018,511.4018,11.53,1.9495,4.9317,0,1,0
1866,1866,test,healthy,7.8586,538.8896,533.8968,533.8968,4.9927,1.7878,4.9317,0,1,0
1867,1867,test,healthy,7.4497,454.3703,454.8009,454.8009,-0.4307,1.2775,4.9317,0,1,0
1868,1868,test,healthy,7.254,417.0576,427.7662,427.7662,-10.7086,0.1065,4.9317,0,1,0
1869,1869,test,healthy,7.1741,402.3871,415.181,415.181,-12.7939,0.0,4.9317,0,1,0
1870,1870,test,healthy,7.5642,477.1245,466.0642,466.0642,11.0603,0.2283,4.9317,0,1,0
1871,1871,test,healthy,7.5633,476.9515,469.1813,469.1813,7.7703,0.2452,4.9317,0,1,0
1872,1872,test,healthy,7.6305,490.6345,513.1711,513.1711,-22.5366,0.0,4.9317,0,1,0
1873,1873,test,healthy,7.618,488.0605,458.1656,458.1656,29.8949,1.439,4.9317,0,1,0
1874,1874,test,healthy,7.6134,487.1179,482.6758,482.6758,4.4421,1.2419,4.9317,0,1,0
1875,1875,test,healthy,8.1199,597.7175,584.8063,584.8063,12.9112,1.5892,4.9317,0,1,0
1876,1876,test,healthy,7.7989,525.9805,518.1044,518.1044,7.8761,1.6129,4.9317,0,1,0
1877,1877,test,healthy,7.8273,532.0977,503.8752,503.8752,28.2225,2.9444,4.9317,0,1,0
1878,1878,test,healthy,8.1298,600.0324,598.6376,598.6376,1.3948,2.5514,4.9317,0,1,0
1879,1879,test,healthy,7.9799,565.7275,595.5687,595.5687,-29.8412,0.1506,4.9317,0,1,0
1880,1880,test,healthy,8.1065,594.6188,606.3534,606.3534,-11.7346,0.0,4.9317,0,1,0
1881,1881,test,healthy,8.4918,688.2532,695.9823,695.9823,-7.7291,0.0,4.9317,0,1,0
1882,1882,test,healthy,8.342,650.7966,615.5708,615.5708,35.2258,1.7817,4.9317,0,1,0
1883,1883,test,healthy,9.0992,854.0471,840.9235,840.9235,13.1236,2.1427,4.9317,0,1,0
1884,1884,test,healthy,8.5828,711.6483,702.7576,702.7576,8.8907,2.2315,4.9317,0,1,0
1885,1885,test,healthy,8.4361,674.1628,681.1057,681.1057,-6.943,1.3026,4.9317,0,1,0
1886,1886,test,healthy,8.5906,713.6767,692.4845,692.4845,21.1922,2.1822,4.9317,0,1,0
1887,1887,test,healthy,8.0871,590.1395,583.8638,583.8638,6.2757,2.103,4.9317,0,1,0
1888,1888,test,healthy,7.9705,563.6153,545.0959,545.0959,18.5193,2.8108,4.9317,0,1,0
1889,1889,test,healthy,8.8198,774.9482,790.8732,790.8732,-15.925,1.3045,4.9317,0,1,0
1890,1890,test,healthy,8.5242,696.5079,675.3776,675.3776,21.1303,2.1801,4.9317,0,1,0
1891,1891,test,healthy,9.0754,847.1245,850.9282,850.9282,-3.8037,1.453,4.9317,0,1,0
1892,1892,test,healthy,9.1648,873.354,856.4098,856.4098,16.9442,2.0595,4.9317,0,1,0
1893,1893,test,healthy,8.9718,817.3787,827.8345,827.8345,-10.4558,0.9048,4.9317,0,1,0
1894,1894,test,healthy,8.7182,747.3812,751.6652,751.6652,-4.284,0.1467,4.9317,0,1,0
1895,1895,test,healthy,8.1772,611.1567,617.5041,617.5041,-6.3474,0.0,4.9317,0,1,0
1896,1896,test,healthy,7.846,536.1423,549.0295,549.0295,-12.8872,0.0,4.9317,0,1,0
1897,1897,test,healthy,8.1633,607.8678,608.5178,608.5178,-0.6499,0.0,4.9317,0,1,0
1898,1898,test,healthy,8.0679,585.7059,568.5604,568.5604,17.1455,0.6195,4.9317,0,1,0
1899,1899,test,healthy,8.5096,692.7882,697.0569,697.0569,-4.2686,0.0,4.9317,0,1,0
1900,1900,test,healthy,8.2558,629.8621,645.5324,645.5324,-15.6703,0.0,4.9317,0,1,0
1901,1901,test,healthy,8.2597,630.8088,598.4852,598.4852,32.3236,1.5952,4.9317,0,1,0
1902,1902,test,healthy,8.0687,585.8975,578.6952,578.6952,7.2024,1.5755,4.9317,0,1,0
1903,1903,test,healthy,8.6045,717.277,721.7745,721.7745,-4.4974,0.8038,4.9317,0,1,0
1904,1904,test,healthy,8.5208,695.6426,691.7818,691.7818,3.8608,0.5693,4.9317,0,1,0
1905,1905,test,healthy,8.4949,689.0244,697.6141,697.6141,-8.5897,0.0,4.9317,0,1,0
1906,1906,test,healthy,9.0924,852.0652,848.2271,848.2271,3.8381,0.0,4.9317,0,1,0
1907,1907,test,healthy,8.8293,777.5465,770.0663,770.0663,7.4802,0.0,4.9317,0,1,0
1908,1908,test,healthy,8.2263,622.7929,636.7509,636.7509,-13.9579,0.0,4.9317,0,1,0
1909,1909,test,healthy,7.957,560.5985,578.7683,578.7683,-18.1698,0.0,4.9317,0,1,0
1910,1910,test,healthy,7.4586,456.1226,431.0364,431.0364,25.0862,1.1299,4.9317,0,1,0
1911,1911,test,healthy,7.9626,561.8499,583.9814,583.9814,-22.1315,0.0,4.9317,0,1,0
1912,1912,test,healthy,7.8069,527.7112,543.592,543.592,-15.8808,0.0,4.9317,0,1,0
1913,1913,test,healthy,7.7115,507.4435,513.0847,513.0847,-5.6412,0.0,4.9317,0,1,0
1914,1914,test,healthy,7.7364,512.6747,502.9355,502.9355,9.7392,0.1434,4.9317,0,1,0
1915,1915,test,healthy,7.4554,455.4899,448.7625,448.7625,6.7274,0.0932,4.9317,0,1,0
1916,1916,test,healthy,7.5367,471.6013,505.2597,505.2597,-33.6584,0.0,4.9317,0,1,0
1917,1917,test,healthy,8.0582,583.4847,582.5548,582.5548,0.9299,0.0,4.9317,0,1,0
1918,1918,test,healthy,7.8999,547.9284,530.6575,530.6575,17.2709,0.6276,4.9317,0,1,0
1919,1919,test,healthy,7.5563,475.5439,470.8544,470.8544,4.6894,0.4464,4.9317,0,1,0
1920,1920,test,healthy,7.6695,498.6791,503.9796,503.9796,-5.3005,0.0,4.9317,0,1,0
1921,1921,test,healthy,7.5466,473.5912,490.4428,490.4428,-16.8516,0.0,4.9317,0,1,0
1922,1922,test,healthy,7.9374,556.232,550.3008,550.3008,5.9312,0.0,4.9317,0,1,0
1923,1923,test,healthy,7.4121,447.0496,407.6354,407.6354,39.4142,2.051,4.9317,0,1,0
1924,1924,test,healthy,6.9257,358.8342,332.7123,332.7123,26.1219,3.2475,4.9317,0,1,0
1925,1925,test,healthy,7.8432,535.5483,532.7835,532.7835,2.7648,2.9425,4.9317,0,1,0
1926,1926,test,healthy,7.6944,503.8577,475.1495,475.1495,28.7082,4.3053,4.9317,0,1,0
1927,1927,test,healthy,7.2744,420.8475,408.8607,408.8607,11.9868,4.5932,4.9317,0,1,0
1928,1928,test,healthy,7.2802,421.9361,420.3053,420.3053,1.6308,4.2154,4.9317,0,1,0
1929,1929,test,healthy,7.841,535.0699,545.2762,545.2762,-10.2063,3.0767,4.9317,0,1,0
1930,1930,test,healthy,7.6186,488.1944,473.2802,473.2802,14.9142,3.5527,4.9317,0,1,0
1931,1931,test,healthy,7.6078,485.982,487.7208,487.7208,-1.7388,2.9583,4.9317,0,1,0
1932,1932,test,healthy,7.7452,514.5526,485.2159,485.2159,29.3366,4.3615,4.9317,0,1,0
1933,1933,test,healthy,8.3395,650.1853,669.1738,669.1738,-18.9886,2.6582,4.9317,0,1,0
1934,1934,test,healthy,8.5555,704.5651,691.4165,691.4165,13.1486,3.0208,4.9317,0,1,0
1935,1935,test,healthy,8.1946,615.2554,644.9783,644.9783,-29.7229,0.6275,4.9317,0,1,0
1936,1936,test,healthy,8.1642,608.0804,600.95,600.95,7.1304,0.6032,4.9317,0,1,0
1937,1937,test,healthy,8.0826,589.0966,585.7335,585.7335,3.3631,0.3368,4.9317,0,1,0
1938,1938,test,healthy,7.9148,551.2269,531.3829,531.3829,19.844,1.1297,4.9317,0,1,0
1939,1939,test,healthy,7.9891,567.7976,544.4869,544.4869,23.3107,2.1455,4.9317,0,1,0
1940,1940,test,healthy,7.727,510.7053,532.1404,532.1404,-21.4351,0.285,4.9317,0,1,0
1941,1941,test,healthy,7.5183,467.9229,447.0866,447.0866,20.8363,1.1417,4.9317,0,1,0
1942,1942,test,healthy,8.3439,651.2616,642.23,642.23,9.0317,1.2397,4.9317,0,1,0
1943,1943,test,healthy,8.1576,606.5355,616.8692,616.8692,-10.3336,0.0928,4.9317,0,1,0
1944,1944,test,healthy,8.8735,789.7552,796.2995,796.2995,-6.5443,0.0,4.9317,0,1,0
1945,1945,test,healthy,8.7583,758.1796,767.8491,767.8491,-9.6695,0.0,4.9317,0,1,0
1946,1946,test,healthy,8.2587,630.5694,640.4723,640.4723,-9.9029,0.0,4.9317,0,1,0
1947,1947,test,healthy,7.9103,550.2223,542.1483,542.1483,8.074,0.0364,4.9317,0,1,0
1948,1948,test,healthy,8.0637,584.7454,586.5233,586.5233,-1.7778,0.0,4.9317,0,1,0
1949,1949,test,healthy,7.6087,486.1703,510.4555,510.4555,-24.2852,0.0,4.9317,0,1,0
1950,1950,test,healthy,7.9531,559.7169,584.9724,584.9724,-25.2554,0.0,4.9317,0,1,0
1951,1951,test,healthy,7.7447,514.4292,485.8032,485.8032,28.6261,1.3575,4.9317,0,1,0
1952,1952,test,healthy,7.4979,463.8619,460.4772,460.4772,3.3847,1.0924,4.9317,0,1,0
1953,1953,test,healthy,8.193,614.8865,645.6191,645.6191,-30.7325,0.0,4.9317,0,1,0
1954,1954,test,healthy,8.3748,658.8788,677.782,677.782,-18.9032,0.0,4.9317,0,1,0
1955,1955,test,healthy,8.2724,633.8664,604.8646,604.8646,29.0018,1.3816,4.9317,0,1,0
1956,1956,test,healthy,7.6551,495.6945,513.4829,513.4829,-17.7884,0.0,4.9317,0,1,0
1957,1957,test,healthy,8.0082,572.0995,562.9484,562.9484,9.1511,0.1056,4.9317,0,1,0
1958,1958,test,healthy,8.0005,570.372,585.1485,585.1485,-14.7765,0.0,4.9317,0,1,0
1959,1959,test,healthy,7.5996,484.313,468.3379,468.3379,15.9751,0.5443,4.9317,0,1,0
1960,1960,test,healthy,7.9465,558.2539,552.9928,552.9928,5.2612,0.3998,4.9317,0,1,0
1961,1961,test,healthy,7.617,487.8652,478.6107,478.6107,9.2545,0.5121,4.9317,0,1,0
1962,1962,test,healthy,7.3998,444.6755,446.2179,446.2179,-1.5424,0.0,4.9317,0,1,0
1963,1963,test,healthy,7.1521,398.4043,393.461,393.461,4.9434,0.0,4.9317,0,1,0
1964,1964,test,healthy,7.3253,430.425,404.559,404.559,25.866,1.1801,4.9317,0,1,0
1965,1965,test,healthy,7.2505,416.4024,362.1385,362.1385,54.264,4.1856,4.9317,0,1,0
1966,1966,test,healthy,7.6667,498.0997,490.715,490.715,7.3848,4.1776,4.9317,0,1,0
1967,1967,test,healthy,7.8641,540.098,572.1828,572.1828,-32.0849,1.6325,4.9317,0,1,0
1968,1968,test,healthy,7.566,477.4874,500.1938,500.1938,-22.7064,0.0,4.9317,0,1,0
1969,1969,test,healthy,8.0235,575.5725,560.8137,560.8137,14.7588,0.4661,4.9317,0,1,0
1970,1970,test,healthy,7.9446,557.8281,536.4503,536.4503,21.3778,1.3576,4.9317,0,1,0
1971,1971,test,healthy,8.4409,675.38,693.4061,693.4061,-18.026,0.0,4.9317,0,1,0
1972,1972,test,healthy,8.0992,592.9262,585.6667,585.6667,7.2595,0.0,4.9317,0,1,0
1973,1973,test,healthy,7.9308,554.7749,569.0683,569.0683,-14.2934,0.0,4.9317,0,1,0
1974,1974,test,healthy,8.3409,650.5249,678.7348,678.7348,-28.2099,0.0,4.9317,0,1,0
1975,1975,test,healthy,7.9282,554.1898,551.5648,551.5648,2.625,0.0,4.9317,0,1,0
1976,1976,test,healthy,7.7653,518.8083,508.0959,508.0959,10.7124,0.206,4.9317,0,1,0
1977,1977,test,healthy,7.6217,488.8268,484.5147,484.5147,4.312,0.0005,4.9317,0,1,0
1978,1978,test,healthy,8.1644,608.1391,597.0039,597.0039,11.1353,0.2337,4.9317,0,1,0
1979,1979,test,healthy,7.8255,531.7145,559.8425,559.8425,-28.128,0.0,4.9317,0,1,0
1980,1980,test,healthy,7.6302,490.5764,514.584,514.584,-24.0076,0.0,4.9317,0,1,0
1981,1981,test,healthy,7.7239,510.0591,525.1469,525.1469,-15.0877,0.0,4.9317,0,1,0
1982,1982,test,healthy,8.2607,631.0439,649.395,649.395,-18.3511,0.0,4.9317,0,1,0
1983,1983,test,healthy,7.9659,562.5776,583.33,583.33,-20.7524,0.0,4.9317,0,1,0
1984,1984,test,healthy,8.214,619.8691,630.9349,630.9349,-11.0658,0.0,4.9317,0,1,0
1985,1985,test,healthy,7.9077,549.6528,562.3887,562.3887,-12.7359,0.0,4.9317,0,1,0
1986,1986,test,healthy,7.8027,526.8015,518.7545,518.7545,8.0471,0.0346,4.9317,0,1,0
1987,1987,test,healthy,7.8951,546.8722,581.5845,581.5845,-34.7123,0.0,4.9317,0,1,0
1988,1988,test,healthy,7.908,549.7142,542.5616,542.5616,7.1526,0.0,4.9317,0,1,0
1989,1989,test,healthy,8.0855,589.7704,566.675,566.675,23.0954,1.002,4.9317,0,1,0
1990,1990,test,healthy,8.0308,577.2253,553.9599,553.9599,23.2654,2.0149,4.9317,0,1,0
1991,1991,test,healthy,7.6407,492.7282,502.4757,502.4757,-9.7475,0.9056,4.9317,0,1,0
1992,1992,test,healthy,7.5747,479.2509,466.147,466.147,13.1038,1.2653,4.9317,0,1,0
1993,1993,test,healthy,7.6695,498.6915,523.7323,523.7323,-25.0407,0.0,4.9317,0,1,0
1994,1994,test,healthy,7.493,462.9018,441.1166,441.1166,21.7852,0.9177,4.9317,0,1,0
1995,1995,test,healthy,7.0111,373.4653,361.4233,361.4233,12.042,1.2092,4.9317,0,1,0
1996,1996,test,healthy,7.3868,442.1712,443.0771,443.0771,-0.9059,0.6683,4.9317,0,1,0
1997,1997,test,healthy,7.344,433.968,445.8203,445.8203,-11.8523,0.0,4.9317,0,1,0
1998,1998,test,healthy,7.0041,372.2594,349.4997,349.4997,22.7597,0.9804,4.9317,0,1,0
1999,1999,test,healthy,6.9979,371.1902,380.7375,380.7375,-9.5473,0.0,4.9317,0,1,0
2000,2000,test,healthy,7.303,426.2194,432.2452,432.2452,-6.0258,0.0,4.9317,0,1,0
2001,2001,test,healthy,7.652,495.067,487.8222,487.8222,7.2448,0.0,4.9317,0,1,0
2002,2002,test,healthy,7.4648,457.3284,477.9319,477.9319,-20.6035,0.0,4.9317,0,1,0
2003,2003,test,healthy,7.4051,445.6911,453.1753,453.1753,-7.4842,0.0,4.9317,0,1,0
2004,2004,test,healthy,7.962,561.7202,570.9431,570.9431,-9.2229,0.0,4.9317,0,1,0
2005,2005,test,healthy,8.4041,666.1558,677.0931,677.0931,-10.9373,0.0,4.9317,0,1,0
2006,2006,test,healthy,8.5145,694.026,681.0465,681.0465,12.9795,0.3517,4.9317,0,1,0
2007,2007,test,healthy,8.3891,662.4306,659.8513,659.8513,2.5793,0.0349,4.9317,0,1,0
2008,2008,test,healthy,8.3709,657.9182,639.4157,639.4157,18.5026,0.7416,4.9317,0,1,0
2009,2009,test,healthy,8.4981,689.8358,692.2362,692.2362,-2.4004,0.1046,4.9317,0,1,0
2010,2010,test,healthy,8.6717,734.9808,723.3676,723.3676,11.6133,0.3685,4.9317,0,1,0
2011,2011,test,healthy,8.5006,690.4839,697.268,697.268,-6.7841,0.0,4.9317,0,1,0
2012,2012,test,healthy,8.1733,610.2366,628.3817,628.3817,-18.1451,0.0,4.9317,0,1,0
2013,2013,test,healthy,8.2326,624.3055,641.1617,641.1617,-16.8561,0.0,4.9317,0,1,0
2014,2014,test,healthy,8.2089,618.6512,609.6185,609.6185,9.0327,0.098,4.9317,0,1,0
2015,2015,test,healthy,7.9836,566.5667,575.3317,575.3317,-8.765,0.0,4.9317,0,1,0
2016,2016,test,healthy,8.0677,585.6546,572.8941,572.8941,12.7605,0.3376,4.9317,0,1,0
2017,2017,test,healthy,7.7867,523.3736,517.3398,517.3398,6.0339,0.2428,4.9317,0,1,0
2018,2018,test,healthy,8.9678,816.2159,811.8666,811.8666,4.3494,0.0398,4.9317,0,1,0
2019,2019,test,healthy,9.0816,848.909,842.3253,842.3253,6.5837,0.0,4.9317,0,1,0
2020,2020,test,healthy,8.8891,794.0962,784.3237,784.3237,9.7725,0.1455,4.9317,0,1,0
2021,2021,test,healthy,9.2387,895.4144,894.33,894.33,1.0845,0.0,4.9317,0,1,0
2022,2022,test,healthy,9.788,1070.8184,1055.165,1055.165,15.6534,0.5236,4.9317,0,1,0
2023,2023,test,healthy,9.5048,977.8605,991.3845,991.3845,-13.524,0.0,4.9317,0,1,0
2024,2024,test,healthy,9.2918,911.5007,916.5135,916.5135,-5.0128,0.0,4.9317,0,1,0
2025,2025,test,healthy,9.0199,831.1056,833.3915,833.3915,-2.2859,0.0,4.9317,0,1,0
2026,2026,test,healthy,8.59,713.5,735.432,735.432,-21.932,0.0,4.9317,0,1,0
2027,2027,test,healthy,8.6691,734.2921,733.2649,733.2649,1.0272,0.0,4.9317,0,1,0
2028,2028,test,healthy,8.2008,616.7324,680.741,680.741,-64.0085,0.0,4.9317,0,1,0
2029,2029,test,healthy,7.8254,531.6848,509.8694,509.8694,21.8154,0.9197,4.9317,0,1,0
2030,2030,test,healthy,7.3581,436.6591,418.4001,418.4001,18.259,1.6107,4.9317,0,1,0
2031,2031,test,healthy,7.5543,475.1463,526.5958,526.5958,-51.4495,0.0,4.9317,0,1,0
2032,2032,test,healthy,8.1436,603.2657,630.5055,630.5055,-27.2398,0.0,4.9317,0,1,0
2033,2033,test,healthy,7.8521,537.4693,561.0679,561.0679,-23.5985,0.0,4.9317,0,1,0
2034,2034,test,healthy,8.1491,604.5451,592.2436,592.2436,12.3014,0.3081,4.9317,0,1,0
2035,2035,test,healthy,8.7128,745.9364,750.7913,750.7913,-4.8549,0.0,4.9317,0,1,0
2036,2036,test,healthy,8.4257,671.5496,693.0249,693.0249,-21.4752,0.0,4.9317,0,1,0
2037,2037,test,healthy,8.1843,612.8158,634.33,634.33,-21.5143,0.0,4.9317,0,1,0
2038,2038,test,healthy,7.9845,566.7521,583.8526,583.8526,-17.1006,0.0,4.9317,0,1,0
2039,2039,test,healthy,8.4176,669.5317,643.8557,643.8557,25.6761,1.1678,4.9317,0,1,0
2040,2040,test,healthy,8.1619,607.5544,583.6448,583.6448,23.9096,2.2221,4.9317,0,1,0
2041,2041,test,healthy,8.3637,656.1352,662.5454,662.5454,-6.4102,1.3275,4.9317,0,1,0
2042,2042,test,healthy,8.296,639.585,630.1161,630.1161,9.4689,1.4535,4.9317,0,1,0
2043,2043,test,healthy,8.0826,589.0944,598.6714,598.6714,-9.577,0.3552,4.9317,0,1,0
2044,2044,test,healthy,8.1727,610.093,632.7396,632.7396,-22.6467,0.0,4.9317,0,1,0
2045,2045,test,healthy,8.2488,628.1958,631.0325,631.0325,-2.8367,0.0,4.9317,0,1,0
2046,2046,test,healthy,7.8966,547.2005,539.6623,539.6623,7.5382,0.0019,4.9317,0,1,0
2047,2047,test,healthy,7.734,512.1844,494.0756,494.0756,18.1089,0.6833,4.9317,0,1,0
2048,2048,test,healthy,7.424,449.3647,455.9528,455.9528,-6.5881,0.0,4.9317,0,1,0
2049,2049,test,healthy,8.0734,586.9715,574.2797,574.2797,12.6918,0.3332,4.9317,0,1,0
2050,2050,test,healthy,7.7894,523.9603,522.9452,522.9452,1.0151,0.0,4.9317,0,1,0
2051,2051,test,healthy,8.0978,592.6125,577.7101,577.7101,14.9024,0.4753,4.9317,0,1,0
2052,2052,test,healthy,8.2153,620.1658,617.3796,617.3796,2.7862,0.1718,4.9317,0,1,0
2053,2053,test,healthy,8.0311,577.3043,552.2394,552.2394,25.0649,1.3003,4.9317,0,1,0
2054,2054,test,healthy,7.7395,513.3476,485.0004,485.0004,28.3472,2.6399,4.9317,0,1,0
2055,2055,test,healthy,7.6021,484.8164,485.0513,485.0513,-0.2349,2.1421,4.9317,0,1,0
2056,2056,test,healthy,7.588,481.9594,487.7921,487.7921,-5.8327,1.2846,4.9317,0,1,0
2057,2057,test,healthy,7.5487,474.017,471.6938,471.6938,2.3231,0.9513,4.9317,0,1,0
2058,2058,test,healthy,7.4561,455.6346,467.4016,467.4016,-11.767,0.0,4.9317,0,1,0
2059,2059,test,healthy,7.7555,516.7292,510.3715,510.3715,6.3577,0.0,4.9317,0,1,0
2060,2060,test,healthy,7.8518,537.418,540.9306,540.9306,-3.5127,0.0,4.9317,0,1,0
2061,2061,test,healthy,7.8835,544.3334,549.3881,549.3881,-5.0547,0.0,4.9317,0,1,0
2062,2062,test,healthy,8.3293,647.6949,663.3365,663.3365,-15.6416,0.0,4.9317,0,1,0
2063,2063,test,healthy,8.3235,646.2814,635.2035,635.2035,11.0779,0.2295,4.9317,0,1,0
2064,2064,test,healthy,8.0952,592.0051,592.6085,592.6085,-0.6034,0.0,4.9317,0,1,0
2065,2065,test,healthy,9.0269,833.0964,818.673,818.673,14.4234,0.4445,4.9317,0,1,0
2066,2066,test,healthy,9.053,840.6365,822.8132,822.8132,17.8233,1.1076,4.9317,0,1,0
2067,2067,test,healthy,8.5197,695.3525,666.4564,666.4564,28.8961,2.4824,4.9317,0,1,0
2068,2068,test,healthy,8.065,585.0427,606.774,606.774,-21.7313,0.6029,4.9317,0,1,0
2069,2069,test,healthy,8.4571,679.4596,670.2111,670.2111,9.2485,0.7147,4.9317,0,1,0
2070,2070,test,healthy,8.0029,570.9113,603.7723,603.7723,-32.861,0.0,4.9317,0,1,0
2071,2071,test,healthy,7.5736,479.0419,463.3729,463.3729,15.669,0.5246,4.9317,0,1,0
2072,2072,test,healthy,7.4561,455.6266,460.4644,460.4644,-4.8378,0.0,4.9317,0,1,0
2073,2073,test,healthy,7.7561,516.862,546.6552,546.6552,-29.7931,0.0,4.9317,0,1,0
2074,2074,test,healthy,7.7634,518.4119,528.2274,528.2274,-9.8155,0.0,4.9317,0,1,0
2075,2075,test,healthy,8.1393,602.2545,609.2897,609.2897,-7.0352,0.0,4.9317,0,1,0
2076,2076,test,healthy,8.0458,580.651,592.1522,592.1522,-11.5012,0.0,4.9317,0,1,0
2077,2077,test,healthy,8.4964,689.4116,695.1672,695.1672,-5.7556,0.0,4.9317,0,1,0
2078,2078,test,healthy,8.5136,693.7906,686.9838,686.9838,6.8068,0.0,4.9317,0,1,0
2079,2079,test,healthy,8.8399,780.4717,772.6632,772.6632,7.8085,0.0193,4.9317,0,1,0
2080,2080,test,healthy,8.5811,711.2049,700.6359,700.6359,10.569,0.216,4.9317,0,1,0
2081,2081,test,healthy,8.6329,724.7405,708.1469,708.1469,16.5936,0.8001,4.9317,0,1,0
2082,2082,test,healthy,8.2338,624.5978,653.708,653.708,-29.1101,0.0,4.9317,0,1,0
2083,2083,test,healthy,7.8886,545.4488,521.3878,521.3878,24.061,1.064,4.9317,0,1,0
2084,2084,test,healthy,8.2389,625.8119,628.235,628.235,-2.4231,0.4256,4.9317,0,1,0
2085,2085,test,healthy,7.983,566.4189,568.6569,568.6569,-2.238,0.0,4.9317,0,1,0
2086,2086,test,healthy,7.7436,514.1967,480.9402,480.9402,33.2564,1.6551,4.9317,0,1,0
2087,2087,test,healthy,7.9475,558.478,569.0346,569.0346,-10.5566,0.4939,4.9317,0,1,0
2088,2088,test,healthy,7.6263,489.7793,509.6407,509.6407,-19.8614,0.0,4.9317,0,1,0
2089,2089,test,healthy,8.2235,622.1306,640.2756,640.2756,-18.145,0.0,4.9317,0,1,0
2090,2090,test,healthy,8.3341,648.8757,665.898,665.898,-17.0222,0.0,4.9317,0,1,0
2091,2091,test,healthy,8.1059,594.4746,602.4025,602.4025,-7.9279,0.0,4.9317,0,1,0
2092,2092,test,healthy,7.7921,524.5224,517.5083,517.5083,7.0142,0.0,4.9317,0,1,0
2093,2093,test,healthy,7.3392,433.0661,434.9084,434.9084,-1.8423,0.0,4.9317,0,1,0
2094,2094,test,healthy,7.3017,425.9712,435.7061,435.7061,-9.7349,0.0,4.9317,0,1,0
2095,2095,test,healthy,7.1211,392.842,386.5948,386.5948,6.2472,0.0,4.9317,0,1,0
2096,2096,test,healthy,6.7155,324.339,321.8544,321.8544,2.4846,0.0,4.9317,0,1,0
2097,2097,test,healthy,6.3655,271.5243,277.8609,277.8609,-6.3366,0.0,4.9317,0,1,0
2098,2098,test,healthy,6.6179,309.0408,330.9971,330.9971,-21.9563,0.0,4.9317,0,1,0
2099,2099,test,healthy,6.7398,328.2225,331.1313,331.1313,-2.9089,0.0,4.9317,0,1,0
2100,2100,test,healthy,6.5671,301.2619,309.7303,309.7303,-8.4684,0.0,4.9317,0,1,0
2101,2101,test,healthy,6.6221,309.6938,326.2295,326.2295,-16.5358,0.0,4.9317,0,1,0
2102,2102,test,healthy,7.2346,413.4659,409.8797,409.8797,3.5863,0.0,4.9317,0,1,0
2103,2103,test,healthy,6.8779,350.8044,349.1969,349.1969,1.6074,0.0,4.9317,0,1,0
2104,2104,test,healthy,7.0286,376.5102,361.7768,361.7768,14.7334,0.4644,4.9317,0,1,0
2105,2105,test,healthy,7.4457,453.5896,451.8203,451.8203,1.7693,0.0955,4.9317,0,1,0
2106,2106,test,healthy,7.6043,485.2599,491.0262,491.0262,-5.7663,0.0,4.9317,0,1,0
2107,2107,test,healthy,8.3591,655.0064,668.9105,668.9105,-13.9042,0.0,4.9317,0,1,0
2108,2108,test,healthy,7.9067,549.4388,561.814,561.814,-12.3752,0.0,4.9317,0,1,0
2109,2109,test,healthy,8.2842,636.7238,614.089,614.089,22.6348,0.9724,4.9317,0,1,0
2110,2110,test,healthy,9.6704,1031.5728,1032.7253,1032.7253,-1.1525,0.4156,4.9317,0,1,0
2111,2111,test,healthy,9.0462,838.6758,830.9073,830.9073,7.7685,0.4324,4.9317,0,1,0
2112,2112,test,healthy,9.1041,855.4884,841.1265,841.1265,14.3618,0.8729,4.9317,0,1,0
2113,2113,test,healthy,8.8708,788.9965,741.9411,741.9411,47.0554,3.415,4.9317,0,1,0
2114,2114,test,healthy,8.8814,791.9679,783.6887,783.6887,8.2792,3.4646,4.9317,0,1,0
2115,2115,test,healthy,8.9195,802.5926,806.2577,806.2577,-3.6651,2.7464,4.9317,0,1,0
2116,2116,test,healthy,8.4071,666.9087,650.9608,650.9608,15.9478,3.2889,4.9317,0,1,0
2117,2117,test,healthy,8.1368,601.6683,620.2339,620.2339,-18.5656,1.6128,4.9317,0,1,0
2118,2118,test,healthy,8.2377,625.5346,608.1186,608.1186,17.416,2.2497,4.9317,0,1,0
2119,2119,test,healthy,7.8927,546.3604,554.1936,554.1936,-7.8332,1.2635,4.9317,0,1,0
2120,2120,test,healthy,7.6289,490.2946,502.0996,502.0996,-11.805,0.022,4.9317,0,1,0
2121,2121,test,healthy,7.2907,423.9014,439.5975,439.5975,-15.6961,0.0,4.9317,0,1,0
2122,2122,test,healthy,7.3763,440.1454,447.5232,447.5232,-7.3778,0.0,4.9317,0,1,0
2123,2123,test,healthy,7.4492,454.2666,467.4778,467.4778,-13.2112,0.0,4.9317,0,1,0
2124,2124,test,healthy,7.086,386.6006,391.1167,391.1167,-4.5161,0.0,4.9317,0,1,0
2125,2125,test,healthy,7.1515,398.3082,400.9692,400.9692,-2.661,0.0,4.9317,0,1,0
2126,2126,test,healthy,7.3039,426.3898,435.9668,435.9668,-9.577,0.0,4.9317,0,1,0
2127,2127,test,healthy,7.2183,410.4719,413.9319,413.9319,-3.46,0.0,4.9317,0,1,0
2128,2128,test,healthy,7.0732,384.3365,370.9787,370.9787,13.3578,0.376,4.9317,0,1,0
2129,2129,test,healthy,7.0896,387.237,404.9249,404.9249,-17.6879,0.0,4.9317,0,1,0
2130,2130,test,healthy,7.6793,500.7228,511.2723,511.2723,-10.5495,0.0,4.9317,0,1,0
2131,2131,test,healthy,7.136,395.5144,387.297,387.297,8.2174,0.0456,4.9317,0,1,0
2132,2132,test,healthy,7.5055,465.3834,486.4818,486.4818,-21.0984,0.0,4.9317,0,1,0
2133,2133,test,healthy,7.4328,451.0742,424.5817,424.5817,26.4925,1.2203,4.9317,0,1,0
2134,2134,test,healthy,7.5987,484.1365,507.9909,507.9909,-23.8545,0.0,4.9317,0,1,0
2135,2135,test,healthy,8.2352,624.917,615.3807,615.3807,9.5363,0.1304,4.9317,0,1,0
2136,2136,test,healthy,8.4449,676.3866,668.1774,668.1774,8.2093,0.1754,4.9317,0,1,0
2137,2137,test,healthy,8.4483,677.2374,674.3816,674.3816,2.8558,0.0,4.9317,0,1,0
2138,2138,test,healthy,9.0372,836.0728,834.3246,834.3246,1.7482,0.0,4.9317,0,1,0
2139,2139,test,healthy,9.4189,950.7502,936.7484,936.7484,14.0017,0.4174,4.9317,0,1,0
2140,2140,test,healthy,9.2504,898.9502,881.6974,881.6974,17.2528,1.0438,4.9317,0,1,0
2141,2141,test,healthy,9.1962,882.688,888.5808,888.5808,-5.8929,0.1824,4.9317,0,1,0
2142,2142,test,healthy,9.6891,1037.7343,1034.667,1034.667,3.0673,0.0,4.9317,0,1,0
2143,2143,test,healthy,9.6877,1037.2785,1044.3668,1044.3668,-7.0883,0.0,4.9317,0,1,0
2144,2144,test,healthy,9.7919,1072.1347,1079.6506,1079.6506,-7.5158,0.0,4.9317,0,1,0
2145,2145,test,healthy,9.2908,911.1967,928.9147,928.9147,-17.718,0.0,4.9317,0,1,0
2146,2146,test,healthy,8.7476,755.2801,772.388,772.388,-17.1078,0.0,4.9317,0,1,0
2147,2147,test,healthy,8.3089,642.703,606.9424,606.9424,35.7606,1.8161,4.9317,0,1,0
2148,2148,test,healthy,7.883,544.2274,512.3214,512.3214,31.906,3.3844,4.9317,0,1,0
2149,2149,test,healthy,7.8706,541.5137,541.5041,541.5041,0.0096,2.9024,4.9317,0,1,0
2150,2150,test,healthy,8.1221,598.2297,582.3488,582.3488,15.8808,3.4406,4.9317,0,1,0
2151,2151,test,healthy,7.9609,561.4625,554.7042,554.7042,6.7583,3.3924,4.9317,0,1,0
2152,2152,test,healthy,8.2055,617.8408,636.0924,636.0924,-18.2517,1.7365,4.9317,0,1,0
2153,2153,test,healthy,7.7537,516.3372,526.8001,526.8001,-10.4629,0.5813,4.9317,0,1,0
2154,2154,test,healthy,8.0205,574.8991,582.3156,582.3156,-7.4165,0.0,4.9317,0,1,0
2155,2155,test,healthy,7.9078,549.6796,547.3651,547.3651,2.3145,0.0,4.9317,0,1,0
2156,2156,test,healthy,7.7768,521.2671,542.556,542.556,-21.2889,0.0,4.9317,0,1,0
2157,2157,test,healthy,8.2486,628.1254,620.9188,620.9188,7.2066,0.0,4.9317,0,1,0
2158,2158,test,healthy,7.9913,568.2968,536.7119,536.7119,31.5849,1.5477,4.9317,0,1,0
2159,2159,test,healthy,7.97,563.5167,552.0249,552.0249,11.4918,1.8037,4.9317,0,1,0
2160,2160,test,healthy,7.7653,518.8028,527.2997,527.2997,-8.4969,0.7749,4.9317,0,1,0
2161,2161,test,healthy,7.7075,506.6135,486.8309,486.8309,19.7826,1.5639,4.9317,0,1,0
2162,2162,test,healthy,7.4495,454.34,467.5638,467.5638,-13.2237,0.2312,4.9317,0,1,0
2163,2163,test,healthy,7.9222,552.8595,556.5664,556.5664,-3.707,0.0,4.9317,0,1,0
2164,2164,test,healthy,8.1734,610.2416,594.2367,594.2367,16.0049,0.5462,4.9317,0,1,0
2165,2165,test,healthy,7.9664,562.7065,562.825,562.825,-0.1185,0.0559,4.9317,0,1,0
2166,2166,test,healthy,8.4396,675.0417,677.7313,677.7313,-2.6896,0.0,4.9317,0,1,0
2167,2167,test,healthy,8.4515,678.0277,666.4821,666.4821,11.5456,0.2595,4.9317,0,1,0
2168,2168,test,healthy,8.196,615.5817,607.3853,607.3853,8.1964,0.3038,4.9317,0,1,0
2169,2169,test,healthy,8.5509,703.381,704.8613,704.8613,-1.4804,0.0,4.9317,0,1,0
2170,2170,test,healthy,8.5536,704.0656,710.1571,710.1571,-6.0914,0.0,4.9317,0,1,0
2171,2171,test,healthy,8.2992,640.3624,646.0824,646.0824,-5.72,0.0,4.9317,0,1,0
2172,2172,test,healthy,8.5403,700.6496,702.4629,702.4629,-1.8133,0.0,4.9317,0,1,0
2173,2173,test,healthy,8.6374,725.9135,722.2519,722.2519,3.6616,0.0,4.9317,0,1,0
2174,2174,test,healthy,8.5323,698.5807,703.7828,703.7828,-5.2021,0.0,4.9317,0,1,0
2175,2175,test,healthy,8.137,601.7239,612.1658,612.1658,-10.4419,0.0,4.9317,0,1,0
2176,2176,test,healthy,8.068,585.7438,562.6934,562.6934,23.0504,0.9991,4.9317,0,1,0
2177,2177,test,healthy,7.7112,507.3787,513.4201,513.4201,-6.0414,0.1281,4.9317,0,1,0
2178,2178,test,healthy,7.7127,507.6875,538.0113,538.0113,-30.3239,0.0,4.9317,0,1,0
2179,2179,test,healthy,8.166,608.5193,609.5854,609.5854,-1.0661,0.0,4.9317,0,1,0
2180,2180,test,healthy,7.753,516.2022,506.085,506.085,10.1171,0.1677,4.9317,0,1,0
2181,2181,test,healthy,7.7877,523.5974,526.5151,526.5151,-2.9177,0.0,4.9317,0,1,0
2182,2182,test,healthy,8.1876,613.6128,614.7784,614.7784,-1.1655,0.0,4.9317,0,1,0
2183,2183,test,healthy,8.0755,587.4657,604.4611,604.4611,-16.9955,0.0,4.9317,0,1,0
2184,2184,test,healthy,8.0839,589.3989,568.9636,568.9636,20.4353,0.831,4.9317,0,1,0
2185,2185,test,healthy,9.1983,883.3024,937.7763,937.7763,-54.4739,0.0,4.9317,0,1,0
2186,2186,test,healthy,9.249,898.5215,911.2044,911.2044,-12.6828,0.0,4.9317,0,1,0
2187,2187,test,healthy,9.5397,989.0279,996.8428,996.8428,-7.8149,0.0,4.9317,0,1,0
2188,2188,test,healthy,9.4681,966.2129,974.7286,974.7286,-8.5157,0.0,4.9317,0,1,0
2189,2189,test,healthy,9.4783,969.4442,946.1605,946.1605,23.2837,1.0141,4.9317,0,1,0
2190,2190,test,healthy,8.8897,794.2588,780.1395,780.1395,14.1193,1.439,4.9317,0,1,0
2191,2191,test,healthy,9.441,957.6717,930.4677,930.4677,27.2039,2.7051,4.9317,0,1,0
2192,2192,test,healthy,9.4783,969.4501,974.9263,974.9263,-5.4763,1.8704,4.9317,0,1,0
2193,2193,test,healthy,10.0881,1175.3983,1169.8169,1169.8169,5.5813,1.7466,4.9317,0,1,0
2194,2194,test,healthy,9.9891,1140.2085,1103.1445,1103.1445,37.064,3.6464,4.9317,0,1,0
2195,2195,test,healthy,9.9253,1117.8729,1158.201,1158.201,-40.3281,0.5715,4.9317,0,1,0
2196,2196,test,healthy,9.8982,1108.4731,1117.3196,1117.3196,-8.8465,0.0,4.9317,0,1,0
2197,2197,test,healthy,10.0377,1157.3745,1210.9441,1210.9441,-53.5696,0.0,4.9317,0,1,0
2198,2198,test,healthy,10.01,1147.5634,1145.8653,1145.8653,1.6981,0.0,4.9317,0,1,0
2199,2199,test,healthy,9.5154,981.2446,994.5661,994.5661,-13.3215,0.0,4.9317,0,1,0
2200,2200,test,healthy,8.9834,820.6728,820.3092,820.3092,0.3636,0.0,4.9317,0,1,0
2201,2201,test,healthy,8.8412,780.816,777.5837,777.5837,3.2323,0.0,4.9317,0,1,0
2202,2202,test,healthy,8.6694,734.3593,752.1627,752.1627,-17.8034,0.0,4.9317,0,1,0
2203,2203,test,healthy,8.8272,776.9649,815.2455,815.2455,-38.2806,0.0,4.9317,0,1,0
2204,2204,test,healthy,8.2815,636.0651,625.1144,625.1144,10.9507,0.2213,4.9317,0,1,0
2205,2205,test,healthy,9.0237,832.1739,849.1383,849.1383,-16.9644,0.0,4.9317,0,1,0
2206,2206,test,healthy,8.8964,796.1342,808.6425,808.6425,-12.5083,0.0,4.9317,0,1,0
2207,2207,test,healthy,8.7612,758.9587,759.845,759.845,-0.8863,0.0,4.9317,0,1,0
2208,2208,test,healthy,8.6521,729.784,704.9903,704.9903,24.7937,1.1111,4.9317,0,1,0
2209,2209,test,healthy,8.155,605.9277,618.6415,618.6415,-12.7138,0.0,4.9317,0,1,0
2210,2210,test,healthy,8.0216,575.1458,588.3073,588.3073,-13.1615,0.0,4.9317,0,1,0
2211,2211,test,healthy,8.436,674.145,674.4607,674.4607,-0.3157,0.0,4.9317,0,1,0
2212,2212,test,healthy,8.8353,779.2061,754.1062,754.1062,25.0999,1.1308,4.9317,0,1,0
2213,2213,test,healthy,8.6486,728.8672,740.008,740.008,-11.1408,0.0,4.9317,0,1,0
2214,2214,test,healthy,9.4136,949.0791,944.2327,944.2327,4.8464,0.0,4.9317,0,1,0
2215,2215,test,healthy,9.3641,933.7032,942.7209,942.7209,-9.0177,0.0,4.9317,0,1,0
2216,2216,test,healthy,8.9749,818.2514,827.8771,827.8771,-9.6257,0.0,4.9317,0,1,0
2217,2217,test,healthy,8.8868,793.4511,790.7324,790.7324,2.7187,0.0,4.9317,0,1,0
2218,2218,test,healthy,8.2298,623.6338,612.5543,612.5543,11.0795,0.2296,4.9317,0,1,0
2219,2219,test,healthy,8.1986,616.2174,620.2351,620.2351,-4.0177,0.0,4.9317,0,1,0
2220,2220,test,healthy,8.29,638.126,638.9682,638.9682,-0.8421,0.0,4.9317,0,1,0
2221,2221,test,healthy,8.7474,755.2278,752.5532,752.5532,2.6747,0.0,4.9317,0,1,0
2222,2222,test,healthy,8.6907,740.0197,752.6735,752.6735,-12.6539,0.0,4.9317,0,1,0
2223,2223,test,healthy,8.6665,733.5939,722.2357,722.2357,11.3582,0.2475,4.9317,0,1,0
2224,2224,test,healthy,8.3886,662.3043,662.3949,662.3949,-0.0906,0.0,4.9317,0,1,0
2225,2225,test,healthy,8.2455,627.3846,640.5234,640.5234,-13.1388,0.0,4.9317,0,1,0
2226,2226,test,healthy,7.8536,537.807,481.3655,481.3655,56.4415,3.1455,4.9317,0,1,0
2227,2227,test,healthy,7.8465,536.2565,537.8525,537.8525,-1.5961,2.5603,4.9317,0,1,0
2228,2228,test,healthy,7.8885,545.4284,539.3071,539.3071,6.1213,2.4711,4.9317,0,1,0
2229,2229,test,healthy,8.3366,649.4837,632.5629,632.5629,16.9208,3.0761,4.9317,0,1,0
2230,2230,test,healthy,8.0599,583.8752,591.6937,591.6937,-7.8186,2.0909,4.9317,0,1,0
2231,2231,test,healthy,8.1812,612.092,596.5693,596.5693,15.5228,2.6061,4.9317,0,1,0
2232,2232,test,healthy,8.1575,606.5065,595.7351,595.7351,10.7714,2.8159,4.9317,0,1,0
2233,2233,test,healthy,7.968,563.0665,584.5729,584.5729,-21.5065,0.9507,4.9317,0,1,0
2234,2234,test,healthy,7.8904,545.8555,530.4326,530.4326,15.4229,1.4595,4.9317,0,1,0
2235,2235,test,healthy,8.1959,615.5784,613.0391,613.0391,2.5393,1.1401,4.9317,0,1,0
2236,2236,test,healthy,7.9975,569.6994,586.0882,586.0882,-16.3888,0.0,4.9317,0,1,0
2237,2237,test,healthy,8.3492,652.5765,632.8015,632.8015,19.775,0.7885,4.9317,0,1,0
2238,2238,test,healthy,7.9032,548.6639,548.068,548.068,0.5959,0.3442,4.9317,0,1,0
2239,2239,test,healthy,7.315,428.4707,428.4733,428.4733,-0.0026,0.0,4.9317,0,1,0
2240,2240,test,healthy,6.8162,340.6073,332.421,332.421,8.1863,0.0436,4.9317,0,1,0
2241,2241,test,healthy,6.8866,352.2663,337.2566,337.2566,15.0097,0.5258,4.9317,0,1,0
2242,2242,test,healthy,7.0682,383.4417,356.2615,356.2615,27.1802,1.7903,4.9317,0,1,0
2243,2243,test,healthy,7.0465,379.6398,404.6235,404.6235,-24.9837,0.0,4.9317,0,1,0
2244,2244,test,healthy,6.8556,347.1065,339.3954,339.3954,7.711,0.013,4.9317,0,1,0
2245,2245,test,healthy,7.1877,404.8654,396.5872,396.5872,8.2783,0.0625,4.9317,0,1,0
2246,2246,test,healthy,7.0954,388.2604,380.8418,380.8418,7.4186,0.0568,4.9317,0,1,0
2247,2247,test,healthy,7.2757,421.1071,419.4232,419.4232,1.684,0.0,4.9317,0,1,0
2248,2248,test,healthy,7.4037,445.4231,436.669,436.669,8.7541,0.0801,4.9317,0,1,0
2249,2249,test,healthy,7.9923,568.5215,533.6612,533.6612,34.8604,1.8383,4.9317,0,1,0
2250,2250,test,healthy,7.7613,517.951,524.4375,524.4375,-6.4864,0.9387,4.9317,0,1,0
2251,2251,test,healthy,7.89,545.7501,532.6932,532.6932,13.057,1.2954,4.9317,0,1,0
2252,2252,test,healthy,7.8082,527.9789,558.6339,558.6339,-30.655,0.0,4.9317,0,1,0
2253,2253,test,healthy,7.7552,516.6732,505.0578,505.0578,11.6154,0.264,4.9317,0,1,0
2254,2254,test,healthy,7.4068,446.0182,458.0863,458.0863,-12.0681,0.0,4.9317,0,1,0
2255,2255,test,healthy,7.2175,410.3162,414.3358,414.3358,-4.0196,0.0,4.9317,0,1,0
2256,2256,test,healthy,7.0345,377.5351,399.1904,399.1904,-21.6553,0.0,4.9317,0,1,0
2257,2257,test,healthy,6.6611,315.7533,332.3637,332.3637,-16.6104,0.0,4.9317,0,1,0
2258,2258,test,healthy,6.426,280.2534,265.2578,265.2578,14.9956,0.4813,4.9317,0,1,0
2259,2259,test,healthy,6.9071,355.7014,337.0771,337.0771,18.6243,1.1958,4.9317,0,1,0
2260,2260,test,healthy,6.6253,310.1854,308.7233,308.7233,1.4621,0.8072,4.9317,0,1,0
2261,2261,test,healthy,6.3551,270.0417,238.845,238.845,31.1966,2.3299,4.9317,0,1,0
2262,2262,test,healthy,6.7767,334.1732,335.9031,335.9031,-1.73,1.7361,4.9317,0,1,0
2263,2263,test,healthy,7.0475,379.8139,366.4511,366.4511,13.3627,2.1124,4.9317,0,1,0
2264,2264,test,healthy,6.8572,347.3698,352.994,352.994,-5.6242,1.2682,4.9317,0,1,0
2265,2265,test,healthy,6.5592,300.0622,296.6051,296.6051,3.4572,1.0078,4.9317,0,1,0
2266,2266,test,healthy,7.2273,412.1173,426.2509,426.2509,-14.1335,0.0,4.9317,0,1,0
2267,2267,test,healthy,7.0165,374.405,368.7833,368.7833,5.6218,0.0,4.9317,0,1,0
2268,2268,test,healthy,6.7221,325.4014,341.4429,341.4429,-16.0415,0.0,4.9317,0,1,0
2269,2269,test,healthy,6.8291,342.724,353.1174,353.1174,-10.3934,0.0,4.9317,0,1,0
2270,2270,test,healthy,7.1584,399.5402,407.0661,407.0661,-7.5259,0.0,4.9317,0,1,0
2271,2271,test,healthy,7.4345,451.4041,435.0313,435.0313,16.3728,0.5698,4.9317,0,1,0
2272,2272,test,healthy,7.7023,505.5169,488.1202,488.1202,17.3966,1.2055,4.9317,0,1,0
2273,2273,test,healthy,7.3745,439.7992,456.785,456.785,-16.9858,0.0,4.9317,0,1,0
2274,2274,test,healthy,7.1643,400.6136,390.8243,390.8243,9.7892,0.1466,4.9317,0,1,0
2275,2275,test,healthy,7.4287,450.2718,493.869,493.869,-43.5972,0.0,4.9317,0,1,0
2276,2276,test,healthy,7.2257,411.824,389.0773,389.0773,22.7467,0.9795,4.9317,0,1,0
2277,2277,test,healthy,6.9706,366.4781,360.3649,360.3649,6.1132,0.8899,4.9317,0,1,0
2278,2278,test,healthy,7.2448,415.3489,467.996,467.996,-52.6471,0.0,4.9317,0,1,0
2279,2279,test,healthy,6.9025,354.9218,335.8724,335.8724,19.0494,0.7419,4.9317,0,1,0
2280,2280,test,healthy,6.8527,346.6243,343.592,343.592,3.0323,0.4542,4.9317,0,1,0
2281,2281,test,healthy,7.4965,463.5992,459.8168,459.8168,3.7824,0.2147,4.9317,0,1,0
2282,2282,test,healthy,7.588,481.9494,491.5278,491.5278,-9.5784,0.0,4.9317,0,1,0
2283,2283,test,healthy,7.729,511.119,506.5236,506.5236,4.5954,0.0,4.9317,0,1,0
2284,2284,test,healthy,8.0301,577.0624,581.7386,581.7386,-4.6761,0.0,4.9317,0,1,0
2285,2285,test,healthy,7.8797,543.5002,528.635,528.635,14.8652,0.4729,4.9317,0,1,0
2286,2286,test,healthy,7.9139,551.0229,552.9894,552.9894,-1.9664,0.0,4.9317,0,1,0
2287,2287,test,healthy,7.4457,453.5804,473.6046,473.6046,-20.0242,0.0,4.9317,0,1,0
2288,2288,test,healthy,7.4935,462.9904,442.7854,442.7854,20.205,0.8162,4.9317,0,1,0
2289,2289,test,healthy,7.4348,451.4609,471.9323,471.9323,-20.4714,0.0,4.9317,0,1,0
2290,2290,test,healthy,7.0726,384.2188,370.9335,370.9335,13.2853,0.3714,4.9317,0,1,0
2291,2291,test,healthy,8.1297,600.0022,624.9264,624.9264,-24.9242,0.0,4.9317,0,1,0
2292,2292,test,healthy,8.2553,629.7467,610.1775,610.1775,19.5692,0.7753,4.9317,0,1,0
2293,2293,test,healthy,7.8225,531.0581,530.5533,530.5533,0.5048,0.3251,4.9317,0,1,0
2294,2294,test,healthy,7.6655,497.8428,499.5283,499.5283,-1.6855,0.0,4.9317,0,1,0
2295,2295,test,healthy,7.3546,435.9933,438.0335,438.0335,-2.0402,0.0,4.9317,0,1,0
2296,2296,test,healthy,7.9508,559.2173,563.4946,563.4946,-4.2773,0.0,4.9317,0,1,0
2297,2297,test,healthy,7.663,497.3382,527.9035,527.9035,-30.5653,0.0,4.9317,0,1,0
2298,2298,test,healthy,7.8864,544.9707,524.4978,524.4978,20.4728,0.8334,4.9317,0,1,0
2299,2299,test,healthy,8.0285,576.7148,573.7566,573.7566,2.9582,0.5409,4.9317,0,1,0
2300,2300,test,healthy,8.1189,597.5051,623.5309,623.5309,-26.0258,0.0,4.9317,0,1,0
2301,2301,test,healthy,8.0457,580.625,569.6316,569.6316,10.9934,0.224,4.9317,0,1,0
2302,2302,test,healthy,7.6963,504.2615,507.3495,507.3495,-3.088,0.0,4.9317,0,1,0
2303,2303,test,healthy,7.5418,472.6271,477.6939,477.6939,-5.0669,0.0,4.9317,0,1,0
2304,2304,test,healthy,7.374,439.702,430.1434,430.1434,9.5586,0.1318,4.9317,0,1,0
2305,2305,test,healthy,7.6585,496.4112,498.7647,498.7647,-2.3535,0.0,4.9317,0,1,0
2306,2306,test,healthy,7.4757,459.4887,457.7932,457.7932,1.6955,0.0,4.9317,0,1,0
2307,2307,test,healthy,7.5891,482.1779,481.676,481.676,0.5019,0.0,4.9317,0,1,0
2308,2308,test,healthy,7.2904,423.8555,435.975,435.975,-12.1196,0.0,4.9317,0,1,0
2309,2309,test,healthy,7.2136,409.6014,386.5797,386.5797,23.0216,0.9972,4.9317,0,1,0
2310,2310,test,healthy,7.5905,482.4583,454.0535,454.0535,28.4047,2.3405,4.9317,0,1,0
2311,2311,test,healthy,7.6798,500.8122,490.6598,490.6598,10.1523,2.5104,4.9317,0,1,0
2312,2312,test,healthy,7.5257,469.4111,499.9896,499.9896,-30.5785,0.0622,4.9317,0,1,0
2313,2313,test,healthy,7.3985,444.4224,449.6171,449.6171,-5.1947,0.0,4.9317,0,1,0
2314,2314,test,healthy,7.6868,502.2869,488.9008,488.9008,13.3861,0.3778,4.9317,0,1,0
2315,2315,test,healthy,7.976,564.8533,523.1363,523.1363,41.7171,2.5768,4.9317,0,1,0
2316,2316,test,healthy,7.7329,511.9377,508.1349,508.1349,3.8028,2.3386,4.9317,0,1,0
2317,2317,test,healthy,8.2288,623.3927,655.5001,655.5001,-32.1073,0.0,4.9317,0,1,0
2318,2318,test,healthy,8.1514,605.0718,601.3895,601.3895,3.6822,0.0,4.9317,0,1,0
2319,2319,test,healthy,7.8585,538.8674,523.8467,523.8467,15.0208,0.4829,4.9317,0,1,0
2320,2320,test,healthy,8.138,601.9507,573.5995,573.5995,28.3512,1.8227,4.9317,0,1,0
2321,2321,test,healthy,8.8722,789.4003,791.2258,791.2258,-1.8255,1.2227,4.9317,0,1,0
2322,2322,test,healthy,8.2961,639.608,622.161,622.161,17.4469,1.8616,4.9317,0,1,0
2323,2323,test,healthy,7.9529,559.6747,549.8996,549.8996,9.7751,2.0073,4.9317,0,1,0
2324,2324,test,healthy,7.7346,512.2983,482.4402,482.4402,29.858,3.444,4.9317,0,1,0
2325,2325,test,healthy,7.5057,465.4107,490.3493,490.3493,-24.9386,1.3583,4.9317,0,1,0
2326,2326,test,healthy,7.2379,414.0705,431.7777,431.7777,-17.7072,0.0,4.9317,0,1,0
2327,2327,test,healthy,7.2793,421.7772,406.2515,406.2515,15.5257,0.5154,4.9317,0,1,0
2328,2328,test,healthy,6.9149,357.0078,356.2838,356.2838,0.724,0.0793,4.9317,0,1,0
2329,2329,test,healthy,6.5121,292.9579,307.531,307.531,-14.5731,0.0,4.9317,0,1,0
2330,2330,test,healthy,6.4164,278.8518,296.8845,296.8845,-18.0327,0.0,4.9317,0,1,0
2331,2331,test,healthy,6.3047,262.909,285.1959,285.1959,-22.2868,0.0,4.9317,0,1,0
2332,2332,test,healthy,7.0374,378.0465,379.0614,379.0614,-1.0149,0.0,4.9317,0,1,0
2333,2333,test,healthy,7.4192,448.4167,413.8117,413.8117,34.605,1.7418,4.9317,0,1,0
2334,2334,test,healthy,7.3812,441.092,446.473,446.473,-5.3811,0.9133,4.9317,0,1,0
2335,2335,test,healthy,7.1463,397.3725,380.2185,380.2185,17.154,1.5333,4.9317,0,1,0
2336,2336,test,healthy,7.8951,546.8912,563.9722,563.9722,-17.0809,0.0,4.9317,0,1,0
2337,2337,test,healthy,7.506,465.4713,485.2391,485.2391,-19.7677,0.0,4.9317,0,1,0
2338,2338,test,healthy,7.1296,394.3705,426.5517,426.5517,-32.1812,0.0,4.9317,0,1,0
2339,2339,test,healthy,7.8465,536.2716,549.6194,549.6194,-13.3478,0.0,4.9317,0,1,0
2340,2340,test,healthy,7.6295,490.4248,469.7266,469.7266,20.6982,0.8479,4.9317,0,1,0
2341,2341,test,healthy,7.4395,452.3721,444.4614,444.4614,7.9108,0.8737,4.9317,0,1,0
2342,2342,test,healthy,7.6368,491.9267,512.1783,512.1783,-20.2516,0.0,4.9317,0,1,0
2343,2343,test,healthy,7.5697,478.2509,434.7714,434.7714,43.4794,2.3123,4.9317,0,1,0
2344,2344,test,healthy,7.9078,549.685,573.4768,573.4768,-23.7917,0.3003,4.9317,0,1,0
2345,2345,test,healthy,7.9393,556.6545,564.4198,564.4198,-7.7653,0.0,4.9317,0,1,0
2346,2346,test,healthy,7.5355,471.3648,491.8792,491.8792,-20.5144,0.0,4.9317,0,1,0
2347,2347,test,healthy,7.6052,485.4623,462.6002,462.6002,22.8622,0.987,4.9317,0,1,0
2348,2348,test,healthy,7.6029,484.9911,462.7034,462.7034,22.2877,1.937,4.9317,0,1,0
2349,2349,test,healthy,7.7557,516.7644,520.4925,520.4925,-3.7281,1.2147,4.9317,0,1,0
2350,2350,test,healthy,7.5794,480.21,506.8067,506.8067,-26.5967,0.0,4.9317,0,1,0
2351,2351,test,healthy,7.569,478.1104,480.9927,480.9927,-2.8823,0.0,4.9317,0,1,0
2352,2352,test,healthy,7.6668,498.13,494.2285,494.2285,3.9014,0.0,4.9317,0,1,0
2353,2353,test,healthy,7.6263,489.7668,490.3842,490.3842,-0.6174,0.0,4.9317,0,1,0
2354,2354,test,healthy,7.5099,466.257,457.787,457.787,8.47,0.0618,4.9317,0,1,0
2355,2355,test,healthy,7.102,389.4377,411.9903,411.9903,-22.5526,0.0,4.9317,0,1,0
2356,2356,test,healthy,7.322,429.7931,433.2526,433.2526,-3.4595,0.0,4.9317,0,1,0
2357,2357,test,healthy,7.6668,498.1223,506.4489,506.4489,-8.3266,0.0,4.9317,0,1,0
2358,2358,test,healthy,7.9124,550.6921,527.6334,527.6334,23.0587,0.9996,4.9317,0,1,0
2359,2359,test,healthy,8.1242,598.7207,588.3906,588.3906,10.3302,1.181,4.9317,0,1,0
2360,2360,test,healthy,8.0445,580.3603,592.9073,592.9073,-12.5471,0.0,4.9317,0,1,0
2361,2361,test,healthy,8.4486,677.2979,691.8293,691.8293,-14.5314,0.0,4.9317,0,1,0
2362,2362,test,healthy,8.7116,745.5972,730.6785,730.6785,14.9187,0.4763,4.9317,0,1,0
2363,2363,test,healthy,8.6572,731.1281,743.4099,743.4099,-12.2818,0.0,4.9317,0,1,0
2364,2364,test,healthy,9.5511,992.6957,984.1645,984.1645,8.5312,0.0658,4.9317,0,1,0
2365,2365,test,healthy,9.4889,972.7946,974.8796,974.8796,-2.085,0.0,4.9317,0,1,0
2366,2366,test,healthy,8.97,816.856,818.3525,818.3525,-1.4964,0.0,4.9317,0,1,0
2367,2367,test,healthy,9.0657,844.303,858.3774,858.3774,-14.0745,0.0,4.9317,0,1,0
2368,2368,test,healthy,8.866,787.6845,802.8109,802.8109,-15.1264,0.0,4.9317,0,1,0
2369,2369,test,healthy,8.608,718.205,724.7103,724.7103,-6.5053,0.0,4.9317,0,1,0
2370,2370,test,healthy,8.3521,653.2909,638.1909,638.1909,15.1,0.488,4.9317,0,1,0
2371,2371,test,healthy,7.8241,531.4017,541.2051,541.2051,-9.8034,0.0,4.9317,0,1,0
2372,2372,test,healthy,7.7874,523.5159,510.8832,510.8832,12.6327,0.3294,4.9317,0,1,0
2373,2373,test,healthy,8.0805,588.6036,581.1897,581.1897,7.4139,0.3233,4.9317,0,1,0
2374,2374,test,healthy,7.8356,533.8912,551.4966,551.4966,-17.6054,0.0,4.9317,0,1,0
2375,2375,test,healthy,8.2156,620.2486,651.2726,651.2726,-31.024,0.0,4.9317,0,1,0
2376,2376,test,healthy,8.2204,621.3972,630.977,630.977,-9.5797,0.0,4.9317,0,1,0
2377,2377,test,healthy,8.7904,766.9051,761.4562,761.4562,5.4489,0.0,4.9317,0,1,0
2378,2378,test,healthy,8.984,820.8411,830.0532,830.0532,-9.2121,0.0,4.9317,0,1,0
2379,2379,test,healthy,9.0771,847.6138,869.1803,869.1803,-21.5665,0.0,4.9317,0,1,0
2380,2380,test,healthy,8.8621,786.5866,777.6737,777.6737,8.913,0.0903,4.9317,0,1,0
2381,2381,test,healthy,8.4002,665.1878,676.9856,676.9856,-11.7979,0.0,4.9317,0,1,0
2382,2382,test,healthy,8.8896,794.2442,839.0785,839.0785,-44.8343,0.0,4.9317,0,1,0
2383,2383,test,healthy,8.3357,649.2496,614.0463,614.0463,35.2034,1.7803,4.9317,0,1,0
2384,2384,test,healthy,8.4402,675.2006,610.6392,610.6392,64.5614,5.4477,4.9317,1,1,0
2385,2385,test,healthy,8.5698,708.2582,761.266,761.266,-53.0078,1.5577,4.9317,0,1,0
2386,2386,test,healthy,9.2242,891.0588,881.188,881.188,9.8708,1.7095,4.9317,0,1,0
2387,2387,test,healthy,9.277,906.9933,923.7571,923.7571,-16.7638,0.1493,4.9317,0,1,0
2388,2388,test,healthy,10.3984,1290.2345,1251.598,1251.598,38.6364,2.1503,4.9317,0,1,0
2389,2389,test,healthy,10.287,1248.2191,1255.7296,1255.7296,-7.5105,1.1848,4.9317,0,1,0
2390,2390,test,healthy,9.8791,1101.9108,1101.4108,1101.4108,0.5,0.7343,4.9317,0,1,0
2391,2391,test,healthy,9.6605,1028.3095,1017.1831,1017.1831,11.1264,0.9669,4.9317,0,1,0
2392,2392,test,healthy,9.7496,1057.9095,1070.4159,1070.4159,-12.5064,0.0,4.9317,0,1,0
2393,2393,test,healthy,9.1081,856.6585,870.9761,870.9761,-14.3176,0.0,4.9317,0,1,0
2394,2394,test,healthy,8.6296,723.8536,733.8724,733.8724,-10.0188,0.0,4.9317,0,1,0
2395,2395,test,healthy,8.4401,675.16,668.9805,668.9805,6.1795,0.0,4.9317,0,1,0
2396,2396,test,healthy,8.5897,713.4334,716.8703,716.8703,-3.4369,0.0,4.9317,0,1,0
2397,2397,test,healthy,8.6081,718.2397,728.6906,728.6906,-10.4509,0.0,4.9317,0,1,0
2398,2398,test,healthy,9.0811,848.7699,841.2343,841.2343,7.5357,0.0018,4.9317,0,1,0
2399,2399,test,healthy,8.7452,754.6422,760.764,760.764,-6.1217,0.0,4.9317,0,1,0
2400,2400,test,healthy,8.5317,698.4483,700.1871,700.1871,-1.7388,0.0,4.9317,0,1,0
2401,2401,test,healthy,8.2877,637.5742,622.6075,622.6075,14.9666,0.4794,4.9317,0,1,0
2402,2402,test,healthy,8.088,590.3471,606.2846,606.2846,-15.9375,0.0,4.9317,0,1,0
2403,2403,test,healthy,8.065,585.0353,570.4873,570.4873,14.548,0.4525,4.9317,0,1,0
2404,2404,test,healthy,8.0195,574.6705,551.8698,551.8698,22.8007,1.4355,4.9317,0,1,0
2405,2405,test,healthy,8.0981,592.6755,573.2252,573.2252,19.4503,2.2032,4.9317,0,1,0
2406,2406,test,healthy,8.2542,629.4722,644.0533,644.0533,-14.5811,0.7833,4.9317,0,1,0
2407,2407,test,healthy,8.7483,755.4695,756.8636,756.8636,-1.3941,0.211,4.9317,0,1,0
2408,2408,test,healthy,8.5676,707.6912,741.4877,741.4877,-33.7965,0.0,4.9317,0,1,0
2409,2409,test,healthy,8.4261,671.6593,657.4432,657.4432,14.2161,0.4312,4.9317,0,1,0
2410,2410,test,healthy,7.9656,562.5218,556.336,556.336,6.1858,0.3462,4.9317,0,1,0
2411,2411,test,healthy,7.9883,567.623,567.7446,567.7446,-0.1216,0.0,4.9317,0,1,0
2412,2412,test,healthy,7.4274,450.0258,449.8455,449.8455,0.1803,0.0,4.9317,0,1,0
2413,2413,test,healthy,7.9965,569.4578,566.223,566.223,3.2348,0.0,4.9317,0,1,0
2414,2414,test,healthy,7.9707,563.6655,580.9444,580.9444,-17.2789,0.0,4.9317,0,1,0
2415,2415,test,healthy,7.9348,555.6627,540.0385,540.0385,15.6241,0.5217,4.9317,0,1,0
2416,2416,test,healthy,7.8243,531.4618,525.3846,525.3846,6.0773,0.4297,4.9317,0,1,0
2417,2417,test,healthy,7.4628,456.9328,482.7087,482.7087,-25.7759,0.0,4.9317,0,1,0
2418,2418,test,healthy,7.4122,447.0599,431.2307,431.2307,15.8292,0.5349,4.9317,0,1,0
2419,2419,test,healthy,7.2749,420.9545,416.7463,416.7463,4.2082,0.3227,4.9317,0,1,0
2420,2420,test,healthy,6.9834,368.6846,342.5173,342.5173,26.1672,1.5222,4.9317,0,1,0
2421,2421,test,healthy,6.5344,296.3038,318.4266,318.4266,-22.1228,0.0,4.9317,0,1,0
2422,2422,test,healthy,7.0611,382.196,397.3661,397.3661,-15.1701,0.0,4.9317,0,1,0
2423,2423,test,healthy,6.812,339.9246,332.3822,332.3822,7.5424,0.0022,4.9317,0,1,0
2424,2424,test,healthy,6.9629,365.1688,341.0102,341.0102,24.1586,1.0725,4.9317,0,1,0
2425,2425,test,healthy,6.8229,341.7116,335.4286,335.4286,6.283,0.9937,4.9317,0,1,0
2426,2426,test,healthy,6.612,308.1279,313.07,313.07,-4.9422,0.1934,4.9317,0,1,0
2427,2427,test,healthy,7.1892,405.1337,403.8763,403.8763,1.2575,0.0,4.9317,0,1,0
2428,2428,test,healthy,7.85,537.032,531.3928,531.3928,5.6392,0.0,4.9317,0,1,0
2429,2429,test,healthy,7.465,457.3731,441.6848,441.6848,15.6882,0.5258,4.9317,0,1,0
2430,2430,test,healthy,7.4398,452.4432,445.2929,445.2929,7.1503,0.5028,4.9317,0,1,0
2431,2431,test,healthy,7.1624,400.2793,390.3562,390.3562,9.9231,0.658,4.9317,0,1,0
2432,2432,test,healthy,7.621,488.686,481.9838,481.9838,6.7022,0.6062,4.9317,0,1,0
2433,2433,test,healthy,7.5869,481.7214,467.414,467.414,14.3074,1.0433,4.9317,0,1,0
2434,2434,test,healthy,7.5267,469.6101,468.8707,468.8707,0.7394,0.6082,4.9317,0,1,0
2435,2435,test,healthy,8.021,575.016,572.5024,572.5024,2.5135,0.2871,4.9317,0,1,0
2436,2436,test,healthy,7.8549,538.0975,518.9929,518.9929,19.1045,1.0325,4.9317,0,1,0
2437,2437,test,healthy,8.0632,584.6264,619.6029,619.6029,-34.9764,0.0,4.9317,0,1,0
2438,2438,test,healthy,7.9141,551.0746,561.2543,561.2543,-10.1797,0.0,4.9317,0,1,0
2439,2439,test,healthy,8.263,631.5878,641.5495,641.5495,-9.9617,0.0,4.9317,0,1,0
2440,2440,test,healthy,8.0402,579.3735,579.8189,579.8189,-0.4455,0.0,4.9317,0,1,0
2441,2441,test,healthy,7.9349,555.6831,590.5368,590.5368,-34.8537,0.0,4.9317,0,1,0
2442,2442,test,healthy,7.6965,504.3006,528.3209,528.3209,-24.0203,0.0,4.9317,0,1,0
2443,2443,test,healthy,7.5592,476.1277,478.7724,478.7724,-2.6447,0.0,4.9317,0,1,0
2444,2444,test,healthy,7.3063,426.8462,423.4845,423.4845,3.3618,0.0,4.9317,0,1,0
2445,2445,test,healthy,8.4251,671.4076,697.5007,697.5007,-26.0931,0.0,4.9317,0,1,0
2446,2446,test,healthy,8.8563,784.9943,763.4966,763.4966,21.4976,0.8993,4.9317,0,1,0
2447,2447,test,healthy,8.8345,778.988,751.077,751.077,27.9111,2.2108,4.9317,0,1,0
2448,2448,test,healthy,8.8091,772.007,785.5193,785.5193,-13.5124,0.8595,4.9317,0,1,0
2449,2449,test,healthy,8.7116,745.6187,739.5892,739.5892,6.0296,0.7645,4.9317,0,1,0
2450,2450,test,healthy,8.5236,696.3511,713.8344,713.8344,-17.4833,0.0,4.9317,0,1,0
2451,2451,test,healthy,8.5915,713.9098,700.3717,700.3717,13.538,0.3876,4.9317,0,1,0
2452,2452,test,healthy,8.7061,744.1286,707.4654,707.4654,36.6632,2.2617,4.9317,0,1,0
2453,2453,test,healthy,8.8165,774.022,761.4005,761.4005,12.6214,2.5904,4.9317,0,1,0
2454,2454,test,healthy,8.8716,789.2364,760.2163,760.2163,29.0201,3.9732,4.9317,0,1,0
2455,2455,test,healthy,8.7605,758.7812,737.5683,737.5683,21.2129,4.8542,4.9317,0,1,0
2456,2456,test,healthy,8.2767,634.8984,625.7181,625.7181,9.1803,4.9616,4.9317,1,1,0
2457,2457,test,healthy,8.5229,696.1684,700.875,700.875,-4.7066,4.1765,4.9317,0,1,0
2458,2458,test,healthy,8.1842,612.8059,596.5598,596.5598,16.2461,4.7381,4.9317,0,1,0
2459,2459,test,healthy,7.9674,562.9251,563.2629,563.2629,-0.3378,4.2338,4.9317,0,1,0
2460,2460,test,healthy,7.9966,569.491,556.6071,556.6071,12.8839,4.5793,4.9317,0,1,0
2461,2461,test,healthy,7.8739,542.2423,532.2119,532.2119,10.0304,4.7415,4.9317,0,1,0
2462,2462,test,healthy,7.7074,506.5817,482.8394,482.8394,23.7423,5.785,4.9317,1,1,0
2463,2463,test,healthy,7.3839,441.6105,476.743,476.743,-35.1325,3.044,4.9317,0,1,0
2464,2464,test,healthy,8.0077,571.9955,586.688,586.688,-14.6925,1.6169,4.9317,0,1,0
2465,2465,test,healthy,7.9068,549.4499,559.467,559.467,-10.017,0.4903,4.9317,0,1,0
2466,2466,test,healthy,7.9241,553.2883,540.2186,540.2186,13.0697,0.8478,4.9317,0,1,0
2467,2467,test,healthy,8.1023,593.6499,581.9982,581.9982,11.6517,1.1142,4.9317,0,1,0
2468,2468,test,healthy,7.7172,508.6337,478.2825,478.2825,30.3512,2.5826,4.9317,0,1,0
2469,2469,test,healthy,7.9181,551.9524,548.0614,548.0614,3.891,2.35,4.9317,0,1,0
2470,2470,test,healthy,7.7452,514.5499,513.7789,513.7789,0.771,1.917,4.9317,0,1,0
2471,2471,test,healthy,7.4986,464.0088,450.9656,450.9656,13.0432,2.2727,4.9317,0,1,0
2472,2472,test,healthy,7.2046,407.9547,431.693,431.693,-23.7383,0.2642,4.9317,0,1,0
2473,2473,test,healthy,7.6367,491.9017,454.8507,454.8507,37.051,2.1632,4.9317,0,1,0
2474,2474,test,healthy,7.536,471.4625,472.7636,472.7636,-1.3011,1.5969,4.9317,0,1,0
2475,2475,test,healthy,7.8352,533.8005,513.523,513.523,20.2775,2.4178,4.9317,0,1,0
2476,2476,test,healthy,7.5559,475.4574,443.1215,443.1215,32.3359,4.0137,4.9317,0,1,0
2477,2477,test,healthy,8.4511,677.9268,704.282,704.282,-26.3552,1.8369,4.9317,0,1,0
2478,2478,test,healthy,8.4551,678.9579,677.0767,677.0767,1.8812,1.4752,4.9317,0,1,0
2479,2479,test,healthy,8.0366,578.5489,599.1381,599.1381,-20.5892,0.0,4.9317,0,1,0
2480,2480,test,healthy,8.7107,745.3584,746.3776,746.3776,-1.0192,0.0,4.9317,0,1,0
2481,2481,test,healthy,8.8303,777.8084,786.4507,786.4507,-8.6422,0.0,4.9317,0,1,0
2482,2482,test,healthy,8.5842,711.997,710.1489,710.1489,1.8481,0.0,4.9317,0,1,0
2483,2483,test,healthy,8.7917,767.2499,784.3188,784.3188,-17.0689,0.0,4.9317,0,1,0
2484,2484,test,healthy,8.2229,621.9783,646.1143,646.1143,-24.1361,0.0,4.9317,0,1,0
2485,2485,test,healthy,8.3581,654.7568,654.7759,654.7759,-0.0191,0.0,4.9317,0,1,0
2486,2486,test,healthy,8.2982,640.1139,622.756,622.756,17.3579,0.6331,4.9317,0,1,0
2487,2487,test,healthy,8.3158,644.3968,655.8604,655.8604,-11.4635,0.0,4.9317,0,1,0
2488,2488,test,healthy,8.1708,609.6457,592.8268,592.8268,16.8189,0.5985,4.9317,0,1,0
2489,2489,test,healthy,8.6114,719.1007,720.5567,720.5567,-1.4559,0.0223,4.9317,0,1,0
2490,2490,test,healthy,8.4679,682.1861,664.5377,664.5377,17.6484,0.6741,4.9317,0,1,0
2491,2491,test,healthy,8.3525,653.3807,681.287,681.287,-27.9062,0.0,4.9317,0,1,0
2492,2492,test,healthy,8.7222,748.4379,694.4967,694.4967,53.9412,2.9848,4.9317,0,1,0
2493,2493,test,healthy,8.9103,800.0188,805.5469,805.5469,-5.5281,2.1468,4.9317,0,1,0
2494,2494,test,healthy,9.463,964.5975,976.2912,976.2912,-11.6937,0.9124,4.9317,0,1,0
2495,2495,test,healthy,9.3198,920.0536,919.3142,919.3142,0.7395,0.4773,4.9317,0,1,0
2496,2496,test,healthy,9.4352,955.8543,983.8974,983.8974,-28.043,0.0,4.9317,0,1,0
2497,2497,test,healthy,9.2647,903.2748,895.1042,895.1042,8.1706,0.0426,4.9317,0,1,0
2498,2498,test,healthy,9.0322,834.6273,820.5659,820.5659,14.0614,0.4638,4.9317,0,1,0
2499,2499,test,healthy,8.8342,778.9061,758.3492,758.3492,20.5569,1.3026,4.9317,0,1,0
2500,2500,test,healthy,8.9924,823.2158,820.4846,820.4846,2.7312,0.9955,4.9317,0,1,0
2501,2501,test,healthy,8.8096,772.1376,763.27,763.27,8.8677,1.0829,4.9317,0,1,0
2502,2502,test,healthy,8.5757,709.7882,712.3929,712.3929,-2.6047,0.4328,4.9317,0,1,0
2503,2503,test,healthy,8.4394,674.9886,667.4025,667.4025,7.5861,0.4378,4.9317,0,1,0
2504,2504,test,healthy,9.2614,902.2744,896.8705,896.8705,5.4038,0.3026,4.9317,0,1,0
2505,2505,test,healthy,10.1789,1208.263,1230.5177,1230.5177,-22.2547,0.0,4.9317,0,1,0
2506,2506,test,healthy,10.1662,1203.6547,1197.5115,1197.5115,6.1432,0.0,4.9317,0,1,0
2507,2507,test,healthy,9.8659,1097.356,1110.6001,1110.6001,-13.2442,0.0,4.9317,0,1,0
2508,2508,test,healthy,9.8965,1107.886,1113.4508,1113.4508,-5.5648,0.0,4.9317,0,1,0
2509,2509,test,healthy,9.4917,973.6864,978.4932,978.4932,-4.8068,0.0,4.9317,0,1,0
2510,2510,test,healthy,8.983,820.5621,828.7618,828.7618,-8.1998,0.0,4.9317,0,1,0
2511,2511,test,healthy,8.6773,736.4707,734.3247,734.3247,2.1461,0.0,4.9317,0,1,0
2512,2512,test,healthy,9.1165,859.107,857.6002,857.6002,1.5069,0.0,4.9317,0,1,0
2513,2513,test,healthy,8.9011,797.4505,792.6692,792.6692,4.7812,0.0,4.9317,0,1,0
2514,2514,test,healthy,8.4941,688.8383,699.4515,699.4515,-10.6131,0.0,4.9317,0,1,0
2515,2515,test,healthy,8.0436,580.1411,609.7016,609.7016,-29.5604,0.0,4.9317,0,1,0
2516,2516,test,healthy,8.5961,715.0927,689.9094,689.9094,25.1833,1.1362,4.9317,0,1,0
2517,2517,test,healthy,8.4452,676.4457,673.119,673.119,3.3267,0.8674,4.9317,0,1,0
2518,2518,test,healthy,8.6276,723.3445,721.2581,721.2581,2.0864,0.5189,4.9317,0,1,0
2519,2519,test,healthy,8.5247,696.6309,689.4318,689.4318,7.199,0.499,4.9317,0,1,0
2520,2520,test,healthy,8.5285,697.6231,723.7876,723.7876,-26.1645,0.0,4.9317,0,1,0
2521,2521,test,healthy,8.108,594.9693,617.9861,617.9861,-23.0167,0.0,4.9317,0,1,0
2522,2522,test,healthy,8.54,700.565,703.3119,703.3119,-2.7469,0.0,4.9317,0,1,0
2523,2523,test,healthy,8.8011,769.8134,761.8645,761.8645,7.9489,0.0283,4.9317,0,1,0
2524,2524,test,healthy,8.5095,692.7422,679.6462,679.6462,13.096,0.3875,4.9317,0,1,0
2525,2525,test,healthy,8.1632,607.8551,628.7857,628.7857,-20.9306,0.0,4.9317,0,1,0
2526,2526,test,healthy,8.3177,644.8687,635.6107,635.6107,9.258,0.1125,4.9317,0,1,0
2527,2527,test,healthy,7.7328,511.9325,529.0003,529.0003,-17.0678,0.0,4.9317,0,1,0
2528,2528,test,healthy,7.5985,484.0775,466.1188,466.1188,17.9587,0.6718,4.9317,0,1,0
2529,2529,test,healthy,7.389,442.5781,419.8966,419.8966,22.6815,1.6471,4.9317,0,1,0
2530,2530,test,healthy,8.0859,589.8535,590.7464,590.7464,-0.893,1.1071,4.9317,0,1,0
2531,2531,test,healthy,7.8484,536.6669,549.3507,549.3507,-12.6837,0.0,4.9317,0,1,0
2532,2532,test,healthy,7.7758,521.0491,526.1549,526.1549,-5.1058,0.0,4.9317,0,1,0
2533,2533,test,healthy,8.2908,638.3109,641.2262,641.2262,-2.9154,0.0,4.9317,0,1,0
2534,2534,test,healthy,8.5983,715.6723,706.9247,706.9247,8.7476,0.0797,4.9317,0,1,0
2535,2535,test,healthy,8.7421,753.7986,745.757,745.757,8.0415,0.1139,4.9317,0,1,0
2536,2536,test,healthy,8.1046,594.1775,583.9766,583.9766,10.2008,0.287,4.9317,0,1,0
2537,2537,test,healthy,8.2479,627.97,622.7539,622.7539,5.2161,0.1397,4.9317,0,1,0
2538,2538,test,healthy,8.1247,598.8427,609.7183,609.7183,-10.8757,0.0,4.9317,0,1,0
2539,2539,test,healthy,8.3143,644.0335,670.4162,670.4162,-26.3827,0.0,4.9317,0,1,0
2540,2540,test,healthy,8.3197,645.3468,644.5498,644.5498,0.797,0.0,4.9317,0,1,0
2541,2541,test,healthy,8.2787,635.3928,661.8663,661.8663,-26.4734,0.0,4.9317,0,1,0
2542,2542,test,healthy,9.0663,844.4858,836.8764,836.8764,7.6094,0.0065,4.9317,0,1,0
2543,2543,test,healthy,9.58,1002.0339,1037.4363,1037.4363,-35.4024,0.0,4.9317,0,1,0
2544,2544,test,healthy,9.3679,934.8772,975.6269,975.6269,-40.7497,0.0,4.9317,0,1,0
2545,2545,test,healthy,9.5684,998.2832,1032.4093,1032.4093,-34.126,0.0,4.9317,0,1,0
2546,2546,test,healthy,9.4814,970.4416,934.7933,934.7933,35.6483,1.8089,4.9317,0,1,0
2547,2547,test,healthy,10.1351,1192.3387,1184.8059,1184.8059,7.5328,1.8105,4.9317,0,1,0
2548,2548,test,healthy,9.896,1107.7226,1117.2859,1117.2859,-9.5634,0.7131,4.9317,0,1,0
2549,2549,test,healthy,9.947,1125.4493,1119.3891,1119.3891,6.0602,0.62,4.9317,0,1,0
2550,2550,test,healthy,9.6265,1017.1617,1018.0534,1018.0534,-0.8917,0.08,4.9317,0,1,0
2551,2551,test,healthy,9.2426,896.607,913.4634,913.4634,-16.8564,0.0,4.9317,0,1,0
2552,2552,test,healthy,8.6505,729.3615,721.5159,721.5159,7.8456,0.0217,4.9317,0,1,0
2553,2553,test,healthy,8.2132,619.672,633.0907,633.0907,-13.4187,0.0,4.9317,0,1,0
2554,2554,test,healthy,8.0587,583.5988,607.9992,607.9992,-24.4004,0.0,4.9317,0,1,0
2555,2555,test,healthy,7.8947,546.7866,558.9406,558.9406,-12.154,0.0,4.9317,0,1,0
2556,2556,test,healthy,7.3713,439.1946,443.4119,443.4119,-4.2173,0.0,4.9317,0,1,0
2557,2557,test,healthy,7.3813,441.1012,462.2422,462.2422,-21.141,0.0,4.9317,0,1,0
2558,2558,test,healthy,7.3999,444.6867,464.9637,464.9637,-20.277,0.0,4.9317,0,1,0
2559,2559,test,healthy,7.5463,473.5277,465.4759,465.4759,8.0517,0.0349,4.9317,0,1,0
2560,2560,test,healthy,7.7037,505.8142,519.3247,519.3247,-13.5105,0.0,4.9317,0,1,0
2561,2561,test,healthy,8.25,628.4765,638.3236,638.3236,-9.8471,0.0,4.9317,0,1,0
2562,2562,test,healthy,7.9667,562.7775,580.7419,580.7419,-17.9643,0.0,4.9317,0,1,0
2563,2563,test,healthy,7.8452,535.9784,542.0342,542.0342,-6.0558,0.0,4.9317,0,1,0
2564,2564,test,healthy,7.2998,425.6111,426.8676,426.8676,-1.2565,0.0,4.9317,0,1,0
2565,2565,test,healthy,7.5839,481.1254,468.3871,468.3871,12.7383,0.3362,4.9317,0,1,0
2566,2566,test,healthy,7.8285,532.3648,511.8036,511.8036,20.5612,1.1753,4.9317,0,1,0
2567,2567,test,healthy,8.0149,573.6212,577.8465,577.8465,-4.2253,0.421,4.9317,0,1,0
2568,2568,test,healthy,8.1458,603.7669,610.3327,610.3327,-6.5658,0.0,4.9317,0,1,0
2569,2569,test,healthy,8.4724,683.3293,681.478,681.478,1.8512,0.0,4.9317,0,1,0
2570,2570,test,healthy,8.2651,632.1071,590.0454,590.0454,42.0618,2.2211,4.9317,0,1,0
2571,2571,test,healthy,8.3154,644.2911,633.6841,633.6841,10.607,2.4203,4.9317,0,1,0
2572,2572,test,healthy,8.8458,782.0888,766.9259,766.9259,15.1628,2.9124,4.9317,0,1,0
2573,2573,test,healthy,8.8883,793.8669,800.5523,800.5523,-6.6854,2.0,4.9317,0,1,0
2574,2574,test,healthy,8.7316,750.9669,763.26,763.26,-12.2931,0.7271,4.9317,0,1,0
2575,2575,test,healthy,9.2601,901.8778,917.8172,917.8172,-15.9394,0.0,4.9317,0,1,0
2576,2576,test,healthy,9.012,828.8249,837.3698,837.3698,-8.5449,0.0,4.9317,0,1,0
2577,2577,test,healthy,8.5277,697.4196,674.3898,674.3898,23.0297,0.9977,4.9317,0,1,0
2578,2578,test,healthy,8.3707,657.8715,703.3775,703.3775,-45.506,0.0,4.9317,0,1,0
2579,2579,test,healthy,8.0891,590.6004,572.8663,572.8663,17.7341,0.6573,4.9317,0,1,0
2580,2580,test,healthy,8.6678,733.9395,744.5606,744.5606,-10.6211,0.0,4.9317,0,1,0
2581,2581,test,healthy,9.219,889.4887,873.2798,873.2798,16.2089,0.5593,4.9317,0,1,0
2582,2582,test,healthy,8.8587,785.6651,798.5096,798.5096,-12.8445,0.0,4.9317,0,1,0
2583,2583,test,healthy,8.5002,690.3707,707.8953,707.8953,-17.5246,0.0,4.9317,0,1,0
2584,2584,test,healthy,8.7774,763.3657,779.0719,779.0719,-15.7062,0.0,4.9317,0,1,0
2585,2585,test,healthy,8.9427,809.1425,813.7818,813.7818,-4.6393,0.0,4.9317,0,1,0
2586,2586,test,healthy,9.0745,846.8583,850.8396,850.8396,-3.9812,0.0,4.9317,0,1,0
2587,2587,test,healthy,8.8139,773.3099,765.3685,765.3685,7.9414,0.0278,4.9317,0,1,0
2588,2588,test,healthy,8.9632,814.9145,807.887,807.887,7.0276,0.0,4.9317,0,1,0
2589,2589,test,healthy,8.5106,693.0404,673.9088,673.9088,19.1316,0.7472,4.9317,0,1,0
2590,2590,test,healthy,8.2055,617.8462,615.449,615.449,2.3972,0.4186,4.9317,0,1,0
2591,2591,test,healthy,8.33,647.8757,653.8211,653.8211,-5.9455,0.0,4.9317,0,1,0
2592,2592,test,healthy,8.2154,620.1915,635.2709,635.2709,-15.0794,0.0,4.9317,0,1,0
2593,2593,test,healthy,7.8703,541.4476,512.5495,512.5495,28.8982,1.375,4.9317,0,1,0
2594,2594,test,healthy,8.0868,590.0675,602.6894,602.6894,-12.6219,0.081,4.9317,0,1,0
2595,2595,test,healthy,8.3494,652.6212,630.5061,630.5061,22.1151,1.0199,4.9317,0,1,0
2596,2596,test,healthy,8.2004,616.6381,573.928,573.928,42.7101,3.2827,4.9317,0,1,0
2597,2597,test,healthy,7.585,481.3329,486.5284,486.5284,-5.1956,2.4661,4.9317,0,1,0
2598,2598,test,healthy,7.9409,557.0118,546.6368,546.6368,10.3751,2.6504,4.9317,0,1,0
2599,2599,test,healthy,7.9274,554.0192,552.1002,552.1002,1.919,2.2911,4.9317,0,1,0
2600,2600,test,healthy,8.7356,752.0548,754.75,754.75,-2.6952,1.6352,4.9317,0,1,0
2601,2601,test,healthy,8.9698,816.7979,798.3753,798.3753,18.4225,2.3368,4.9317,0,1,0
2602,2602,test,healthy,8.5791,710.6634,698.1993,698.1993,12.4641,2.6554,4.9317,0,1,0
2603,2603,test,healthy,8.0741,587.147,574.5848,574.5848,12.5622,2.9802,4.9317,0,1,0
2604,2604,test,healthy,8.2568,630.1097,628.4395,628.4395,1.6703,2.605,4.9317,0,1,0
2605,2605,test,healthy,8.3974,664.4983,668.3591,668.3591,-3.8608,1.8741,4.9317,0,1,0
2606,2606,test,healthy,8.8216,775.4251,769.6914,769.6914,5.7337,1.7601,4.9317,0,1,0
2607,2607,test,healthy,8.6007,716.3043,705.9973,705.9973,10.307,1.94,4.9317,0,1,0
2608,2608,test,healthy,8.5912,713.8172,730.8483,730.8483,-17.0311,0.3626,4.9317,0,1,0
2609,2609,test,healthy,8.2551,629.6939,654.6196,654.6196,-24.9257,0.0,4.9317,0,1,0
2610,2610,test,healthy,8.3795,660.0476,640.9817,640.9817,19.066,0.7429,4.9317,0,1,0
2611,2611,test,healthy,8.3198,645.366,638.7171,638.7171,6.6489,0.6877,4.9317,0,1,0
2612,2612,test,healthy,8.0051,571.3969,595.5023,595.5023,-24.1054,0.0,4.9317,0,1,0
2613,2613,test,healthy,8.4853,686.5926,674.426,674.426,12.1666,0.2994,4.9317,0,1,0
2614,2614,test,healthy,8.6598,731.8308,674.6641,674.6641,57.1667,3.4916,4.9317,0,1,0
2615,2615,test,healthy,8.275,634.4917,642.6295,642.6295,-8.1377,2.4858,4.9317,0,1,0
2616,2616,test,healthy,7.8327,533.2601,570.2792,570.2792,-37.0191,0.0,4.9317,0,1,0
2617,2617,test,healthy,7.3866,442.1219,472.1105,472.1105,-29.9886,0.0,4.9317,0,1,0
2618,2618,test,healthy,7.0473,379.7844,372.9308,372.9308,6.8536,0.0,4.9317,0,1,0
2619,2619,test,healthy,7.4052,445.7214,438.6881,438.6881,7.0334,0.0,4.9317,0,1,0
2620,2620,test,healthy,7.6476,494.1518,497.7574,497.7574,-3.6055,0.0,4.9317,0,1,0
2621,2621,test,healthy,7.8154,529.5417,521.3439,521.3439,8.1978,0.0443,4.9317,0,1,0
2622,2622,test,healthy,8.2663,632.3871,630.2251,630.2251,2.162,0.0,4.9317,0,1,0
2623,2623,test,healthy,8.1426,603.0297,606.7792,606.7792,-3.7495,0.0,4.9317,0,1,0
2624,2624,test,healthy,8.223,622.0117,647.7133,647.7133,-25.7016,0.0,4.9317,0,1,0
2625,2625,test,healthy,8.6762,736.1791,731.1832,731.1832,4.996,0.0,4.9317,0,1,0
2626,2626,test,healthy,8.3755,659.053,673.583,673.583,-14.53,0.0,4.9317,0,1,0
2627,2627,test,healthy,8.54,700.5773,678.2585,678.2585,22.3189,0.952,4.9317,0,1,0
2628,2628,test,healthy,8.5714,708.6752,702.0373,702.0373,6.6379,0.8961,4.9317,0,1,0
2629,2629,test,healthy,8.5367,699.7208,707.8525,707.8525,-8.1317,0.0,4.9317,0,1,0
2630,2630,test,healthy,8.3132,643.7537,673.7773,673.7773,-30.0236,0.0,4.9317,0,1,0
2631,2631,test,healthy,7.92,552.373,564.0176,564.0176,-11.6447,0.0,4.9317,0,1,0
2632,2632,test,healthy,7.4614,456.6677,475.6421,475.6421,-18.9744,0.0,4.9317,0,1,0
2633,2633,test,healthy,7.565,477.2949,477.0912,477.0912,0.2038,0.0,4.9317,0,1,0
2634,2634,test,healthy,7.2602,418.2082,401.7422,401.7422,16.466,0.5758,4.9317,0,1,0
2635,2635,test,healthy,7.0383,378.1958,354.5064,354.5064,23.6894,1.616,4.9317,0,1,0
2636,2636,test,healthy,6.9898,369.7773,366.9708,366.9708,2.8065,1.3137,4.9317,0,1,0
2637,2637,test,healthy,7.1064,390.2109,383.6221,383.6221,6.5888,1.2546,4.9317,0,1,0
2638,2638,test,healthy,7.9195,552.2558,546.9171,546.9171,5.3388,1.1152,4.9317,0,1,0
2639,2639,test,healthy,7.9782,565.3397,550.0534,550.0534,15.2863,1.6151,4.9317,0,1,0
2640,2640,test,healthy,7.4331,451.1242,420.2636,420.2636,30.8606,3.1163,4.9317,0,1,0
2641,2641,test,healthy,7.6504,494.7337,501.607,501.607,-6.8733,2.1918,4.9317,0,1,0
2642,2642,test,healthy,7.1525,398.4861,387.6028,387.6028,10.8832,2.4087,4.9317,0,1,0
2643,2643,test,healthy,6.8973,354.0503,373.0342,373.0342,-18.9839,0.7058,4.9317,0,1,0
2644,2644,test,healthy,6.6969,321.3999,307.7669,307.7669,13.633,1.0995,4.9317,0,1,0
2645,2645,test,healthy,6.3736,272.6778,289.4012,289.4012,-16.7234,0.0,4.9317,0,1,0
2646,2646,test,healthy,6.4533,284.2364,287.7162,287.7162,-3.4797,0.0,4.9317,0,1,0
2647,2647,test,healthy,6.2155,250.583,265.4177,265.4177,-14.8347,0.0,4.9317,0,1,0
2648,2648,test,healthy,6.2475,254.9642,253.2817,253.2817,1.6825,0.0,4.9317,0,1,0
2649,2649,test,healthy,6.1219,238.0217,248.063,248.063,-10.0413,0.0,4.9317,0,1,0
2650,2650,test,healthy,6.8035,338.5307,375.4365,375.4365,-36.9058,0.0,4.9317,0,1,0
2651,2651,test,healthy,7.414,447.4139,466.0348,466.0348,-18.6208,0.0,4.9317,0,1,0
2652,2652,test,healthy,7.2202,410.8238,423.1715,423.1715,-12.3477,0.0,4.9317,0,1,0
2653,2653,test,healthy,7.6828,501.44,494.5792,494.5792,6.8608,0.0,4.9317,0,1,0
2654,2654,test,healthy,7.7901,524.1047,498.1211,498.1211,25.9836,1.1876,4.9317,0,1,0
2655,2655,test,healthy,8.4473,676.9812,680.5535,680.5535,-3.5722,0.4753,4.9317,0,1,0
2656,2656,test,healthy,7.98,565.74,586.3908,586.3908,-20.6508,0.0,4.9317,0,1,0
2657,2657,test,healthy,7.638,492.1668,503.019,503.019,-10.8522,0.0,4.9317,0,1,0
2658,2658,test,healthy,7.1751,402.5702,424.3774,424.3774,-21.8072,0.0,4.9317,0,1,0
2659,2659,test,healthy,6.7587,331.2609,352.9427,352.9427,-21.6817,0.0,4.9317,0,1,0
2660,2660,test,healthy,6.8142,340.2695,360.2865,360.2865,-20.017,0.0,4.9317,0,1,0
2661,2661,test,healthy,6.9913,370.0433,371.9887,371.9887,-1.9454,0.0,4.9317,0,1,0
2662,2662,test,healthy,7.2405,414.5513,386.4551,386.4551,28.0962,1.3234,4.9317,0,1,0
2663,2663,test,healthy,7.2929,424.3228,411.6951,411.6951,12.6277,1.6525,4.9317,0,1,0
2664,2664,test,healthy,7.4766,459.6619,492.8373,492.8373,-33.1754,0.0,4.9317,0,1,0
2665,2665,test,healthy,7.2891,423.5979,417.7417,417.7417,5.8562,0.0,4.9317,0,1,0
2666,2666,test,healthy,7.5555,475.3785,496.6465,496.6465,-21.268,0.0,4.9317,0,1,0
2667,2667,test,healthy,7.1496,397.9562,395.2993,395.2993,2.6569,0.0,4.9317,0,1,0
2668,2668,test,healthy,7.1532,398.6083,394.1563,394.1563,4.452,0.0,4.9317,0,1,0
2669,2669,test,healthy,7.6294,490.4035,472.0388,472.0388,18.3647,0.6979,4.9317,0,1,0
2670,2670,test,healthy,7.7958,525.323,503.5652,503.5652,21.7578,1.6138,4.9317,0,1,0
2671,2671,test,healthy,8.1208,597.9378,601.1933,601.1933,-3.2555,0.9219,4.9317,0,1,0
2672,2672,test,healthy,7.9889,567.745,594.7655,594.7655,-27.0205,0.0,4.9317,0,1,0
2673,2673,test,healthy,7.7641,518.5509,500.7829,500.7829,17.7681,0.6595,4.9317,0,1,0
2674,2674,test,healthy,7.8979,547.4949,536.8013,536.8013,10.6936,0.8643,4.9317,0,1,0
2675,2675,test,healthy,7.6048,485.3748,483.398,483.398,1.9768,0.5087,4.9317,0,1,0
2676,2676,test,healthy,8.0151,573.6653,616.558,616.558,-42.8927,0.0,4.9317,0,1,0
2677,2677,test,healthy,7.8961,547.1001,515.9068,515.9068,31.1932,1.5225,4.9317,0,1,0
2678,2678,test,healthy,8.5068,692.0566,690.8312,690.8312,1.2254,1.1186,4.9317,0,1,0
2679,2679,test,healthy,8.6148,719.9779,749.7495,749.7495,-29.7716,0.0,4.9317,0,1,0
2680,2680,test,healthy,8.4181,669.6597,657.2533,657.2533,12.4064,0.3149,4.9317,0,1,0
2681,2681,test,healthy,8.1983,616.1439,605.686,605.686,10.4579,0.5045,4.9317,0,1,0
2682,2682,test,healthy,8.1799,611.7944,652.8702,652.8702,-41.0758,0.0,4.9317,0,1,0
2683,2683,test,healthy,7.8892,545.5796,555.0599,555.0599,-9.4803,0.0,4.9317,0,1,0
2684,2684,test,healthy,7.9391,556.602,592.6923,592.6923,-36.0903,0.0,4.9317,0,1,0
2685,2685,test,healthy,7.8331,533.3609,555.3561,555.3561,-21.9952,0.0,4.9317,0,1,0
2686,2686,test,healthy,8.2628,631.5599,603.7768,603.7768,27.783,1.3033,4.9317,0,1,0
2687,2687,test,healthy,8.0285,576.7164,563.1656,563.1656,13.5508,1.6917,4.9317,0,1,0
2688,2688,test,healthy,8.0926,591.3964,606.9614,606.9614,-15.565,0.2085,4.9317,0,1,0
2689,2689,test,healthy,7.9759,564.8284,591.5502,591.5502,-26.7218,0.0,4.9317,0,1,0
2690,2690,test,healthy,7.9488,558.7644,534.1571,534.1571,24.6073,1.0992,4.9317,0,1,0
2691,2691,test,healthy,8.1973,615.8994,607.1069,607.1069,8.7926,1.1817,4.9317,0,1,0
2692,2692,test,healthy,7.8648,540.2369,536.7475,536.7475,3.4894,0.9234,4.9317,0,1,0
2693,2693,test,healthy,7.7513,515.8441,519.1093,519.1093,-3.2652,0.2308,4.9317,0,1,0
2694,2694,test,healthy,7.7626,518.2366,540.1858,540.1858,-21.9492,0.0,4.9317,0,1,0
2695,2695,test,healthy,8.5162,694.4542,692.6388,692.6388,1.8155,0.0,4.9317,0,1,0
2696,2696,test,healthy,8.9812,820.0397,816.7993,816.7993,3.2404,0.0,4.9317,0,1,0
2697,2697,test,healthy,8.6152,720.0784,719.4237,719.4237,0.6547,0.0,4.9317,0,1,0
2698,2698,test,healthy,8.5738,709.2916,708.7735,708.7735,0.5181,0.0,4.9317,0,1,0
2699,2699,test,healthy,8.7446,754.4781,735.7263,735.7263,18.7518,0.7228,4.9317,0,1,0
2700,2700,test,healthy,8.3647,656.3976,661.2449,661.2449,-4.8473,0.0,4.9317,0,1,0
2701,2701,test,healthy,8.9181,802.2227,781.2297,781.2297,20.993,0.8668,4.9317,0,1,0
2702,2702,test,healthy,8.9164,801.7192,796.2478,796.2478,5.4714,0.7359,4.9317,0,1,0
2703,2703,test,healthy,9.107,856.3208,879.1305,879.1305,-22.8096,0.0,4.9317,0,1,0
2704,2704,test,healthy,8.527,697.2216,703.8633,703.8633,-6.6418,0.0,4.9317,0,1,0
2705,2705,test,healthy,8.5428,701.2818,710.9204,710.9204,-9.6387,0.0,4.9317,0,1,0
2706,2706,test,healthy,8.2903,638.1852,638.364,638.364,-0.1787,0.0,4.9317,0,1,0
2707,2707,test,healthy,8.7531,756.7838,783.1199,783.1199,-26.3361,0.0,4.9317,0,1,0
2708,2708,test,healthy,8.6931,740.6555,731.1685,731.1685,9.4869,0.1272,4.9317,0,1,0
2709,2709,test,healthy,9.1422,866.6822,876.5365,876.5365,-9.8543,0.0,4.9317,0,1,0
2710,2710,test,healthy,8.9481,810.6565,801.3448,801.3448,9.3117,0.1159,4.9317,0,1,0
2711,2711,test,healthy,8.5641,706.7834,681.5993,681.5993,25.1842,1.2522,4.9317,0,1,0
2712,2712,test,healthy,8.361,655.4788,668.3138,668.3138,-12.835,0.0,4.9317,0,1,0
2713,2713,test,healthy,8.2688,633.008,643.3248,643.3248,-10.3168,0.0,4.9317,0,1,0
2714,2714,test,healthy,7.9797,565.6743,556.4099,556.4099,9.2645,0.1129,4.9317,0,1,0
2715,2715,test,healthy,7.8678,540.89,541.0483,541.0483,-0.1583,0.0,4.9317,0,1,0
2716,2716,test,healthy,8.4723,683.2824,658.6845,658.6845,24.5979,1.0985,4.9317,0,1,0
2717,2717,test,healthy,8.2624,631.4439,582.2994,582.2994,49.1445,3.775,4.9317,0,1,0
2718,2718,test,healthy,7.9819,566.1733,580.6563,580.6563,-14.483,2.3614,4.9317,0,1,0
2719,2719,test,healthy,7.8406,534.9804,553.1411,553.1411,-18.1607,0.7113,4.9317,0,1,0
2720,2720,test,healthy,7.7705,519.9198,532.9531,532.9531,-13.0333,0.0,4.9317,0,1,0
2721,2721,test,healthy,7.2534,416.9525,413.5999,413.5999,3.3526,0.0,4.9317,0,1,0
2722,2722,test,healthy,7.436,451.7037,495.692,495.692,-43.9883,0.0,4.9317,0,1,0
2723,2723,test,healthy,7.1734,402.2609,396.6629,396.6629,5.5981,0.0,4.9317,0,1,0
2724,2724,test,healthy,7.1784,403.1723,424.3411,424.3411,-21.1689,0.0,4.9317,0,1,0
2725,2725,test,healthy,7.2379,414.0832,424.2016,424.2016,-10.1184,0.0,4.9317,0,1,0
2726,2726,test,healthy,7.3484,434.8045,448.1134,448.1134,-13.3088,0.0,4.9317,0,1,0
2727,2727,test,healthy,7.9011,548.1928,525.6892,525.6892,22.5036,0.9639,4.9317,0,1,0
2728,2728,test,healthy,7.712,507.5522,520.2765,520.2765,-12.7243,0.0,4.9317,0,1,0
2729,2729,test,healthy,7.6395,492.4727,484.7176,484.7176,7.7551,0.0159,4.9317,0,1,0
2730,2730,test,healthy,7.3925,443.2594,445.9184,445.9184,-2.659,0.0,4.9317,0,1,0
2731,2731,test,healthy,6.9751,367.2573,355.5506,355.5506,11.7067,0.2699,4.9317,0,1,0
2732,2732,test,healthy,6.4825,288.5572,278.6736,278.6736,9.8836,0.4226,4.9317,0,1,0
2733,2733,test,healthy,6.6066,307.301,294.7093,294.7093,12.5917,0.7493,4.9317,0,1,0
2734,2734,test,healthy,6.8715,349.7373,348.9428,348.9428,0.7945,0.3178,4.9317,0,1,0
2735,2735,test,healthy,7.4429,453.052,462.4627,462.4627,-9.4107,0.0,4.9317,0,1,0
2736,2736,test,healthy,7.2461,415.5925,397.6012,397.6012,17.9913,0.6739,4.9317,0,1,0
2737,2737,test,healthy,7.1769,402.8944,409.687,409.687,-6.7927,0.0,4.9317,0,1,0
2738,2738,test,healthy,6.9845,368.8695,364.1318,364.1318,4.7377,0.0,4.9317,0,1,0
2739,2739,test,healthy,6.5665,301.1605,291.1007,291.1007,10.0599,0.164,4.9317,0,1,0
2740,2740,test,healthy,6.8927,353.2837,364.549,364.549,-11.2653,0.0,4.9317,0,1,0
2741,2741,test,healthy,7.315,428.4779,434.1587,434.1587,-5.6807,0.0,4.9317,0,1,0
2742,2742,test,healthy,7.7956,525.2728,529.1994,529.1994,-3.9266,0.0,4.9317,0,1,0
2743,2743,test,healthy,8.1683,609.0427,599.4441,599.4441,9.5986,0.1344,4.9317,0,1,0
2744,2744,test,healthy,7.7577,517.1957,500.0212,500.0212,17.1746,0.7557,4.9317,0,1,0
2745,2745,test,healthy,8.0617,584.2857,593.9928,593.9928,-9.7071,0.0,4.9317,0,1,0
2746,2746,test,healthy,8.1912,614.4463,573.2713,573.2713,41.175,2.1641,4.9317,0,1,0
2747,2747,test,healthy,8.09,590.7964,556.188,556.188,34.6085,3.9062,4.9317,0,1,0
2748,2748,test,healthy,8.8641,787.1534,814.09,814.09,-26.9366,1.692,4.9317,0,1,0
2749,2749,test,healthy,8.6438,727.6023,713.3776,713.3776,14.2247,2.1238,4.9317,0,1,0
2750,2750,test,healthy,8.4488,677.3649,685.9847,685.9847,-8.6198,1.087,4.9317,0,1,0
2751,2751,test,healthy,9.3573,931.5986,917.5669,917.5669,14.0318,1.5064,4.9317,0,1,0
2752,2752,test,healthy,9.6731,1032.4378,1029.3473,1029.3473,3.0905,1.2224,4.9317,0,1,0
2753,2753,test,healthy,9.4854,971.6952,970.7206,970.7206,0.9745,0.8024,4.9317,0,1,0
2754,2754,test,healthy,8.9365,807.3802,808.7475,808.7475,-1.3673,0.2319,4.9317,0,1,0
2755,2755,test,healthy,8.8475,782.5534,786.0283,786.0283,-3.4749,0.0,4.9317,0,1,0
2756,2756,test,healthy,9.1135,858.2476,884.8793,884.8793,-26.6317,0.0,4.9317,0,1,0
2757,2757,test,healthy,9.448,959.8882,992.3049,992.3049,-32.4167,0.0,4.9317,0,1,0
2758,2758,test,healthy,9.692,1038.7167,1023.6356,1023.6356,15.081,0.4868,4.9317,0,1,0
2759,2759,test,healthy,9.8253,1083.4862,1083.9186,1083.9186,-0.4324,0.0,4.9317,0,1,0
2760,2760,test,healthy,10.3044,1254.7105,1250.6578,1250.6578,4.0527,0.0,4.9317,0,1,0
2761,2761,test,healthy,9.8866,1104.4791,1098.2017,1098.2017,6.2774,0.0,4.9317,0,1,0
2762,2762,test,healthy,9.492,973.7836,989.6732,989.6732,-15.8896,0.0,4.9317,0,1,0
2763,2763,test,healthy,9.2569,900.9146,882.4968,882.4968,18.4178,0.7013,4.9317,0,1,0
2764,2764,test,healthy,9.629,1017.9539,1007.1658,1007.1658,10.7881,0.9121,4.9317,0,1,0
2765,2765,test,healthy,9.3325,923.9363,921.7532,921.7532,2.1831,0.5698,4.9317,0,1,0
2766,2766,test,healthy,9.2855,909.5947,904.704,904.704,4.8907,0.4015,4.9317,0,1,0
2767,2767,test,healthy,9.2731,905.8142,909.605,909.605,-3.7908,0.0,4.9317,0,1,0
2768,2768,test,healthy,8.9929,823.3706,824.2364,824.2364,-0.8658,0.0,4.9317,0,1,0
2769,2769,test,healthy,8.9697,816.7695,832.038,832.038,-15.2684,0.0,4.9317,0,1,0
2770,2770,test,healthy,9.6131,1012.7612,1027.8426,1027.8426,-15.0814,0.0,4.9317,0,1,0
2771,2771,test,healthy,10.0777,1171.6662,1165.6499,1165.6499,6.0164,0.0,4.9317,0,1,0
2772,2772,test,healthy,9.3905,941.8689,947.4791,947.4791,-5.6102,0.0,4.9317,0,1,0
2773,2773,test,healthy,8.8638,787.0718,799.711,799.711,-12.6392,0.0,4.9317,0,1,0
2774,2774,test,healthy,8.5836,711.8416,719.1057,719.1057,-7.2641,0.0,4.9317,0,1,0
2775,2775,test,healthy,8.1939,615.1056,571.3866,571.3866,43.7191,2.3277,4.9317,0,1,0
2776,2776,test,healthy,8.0075,571.9554,578.8233,578.8233,-6.8679,1.4036,4.9317,0,1,0
2777,2777,test,healthy,8.1325,600.6721,598.4702,598.4702,2.2019,1.0625,4.9317,0,1,0
2778,2778,test,healthy,8.0222,575.2747,588.2981,588.2981,-13.0234,0.0,4.9317,0,1,0
2779,2779,test,healthy,8.0485,581.2726,578.9209,578.9209,2.3517,0.0,4.9317,0,1,0
2780,2780,test,healthy,8.4084,667.2397,671.6269,671.6269,-4.3872,0.0,4.9317,0,1,0
2781,2781,test,healthy,8.7429,754.0294,766.7632,766.7632,-12.7338,0.0,4.9317,0,1,0
2782,2782,test,healthy,8.3017,640.9639,612.4393,612.4393,28.5246,1.351,4.9317,0,1,0
2783,2783,test,healthy,8.2353,624.9427,641.3147,641.3147,-16.372,0.0,4.9317,0,1,0
2784,2784,test,healthy,8.0286,576.7214,585.6841,585.6841,-8.9627,0.0,4.9317,0,1,0
2785,2785,test,healthy,8.2324,624.2629,631.5233,631.5233,-7.2604,0.0,4.9317,0,1,0
2786,2786,test,healthy,8.4112,667.9308,684.0421,684.0421,-16.1113,0.0,4.9317,0,1,0
2787,2787,test,healthy,8.9068,799.0427,793.2729,793.2729,5.7698,0.0,4.9317,0,1,0
2788,2788,test,healthy,8.8242,776.1433,760.9426,760.9426,15.2007,0.4945,4.9317,0,1,0
2789,2789,test,healthy,8.3187,645.098,665.1181,665.1181,-20.0202,0.0,4.9317,0,1,0
2790,2790,test,healthy,7.8843,544.5056,533.812,533.812,10.6936,0.2048,4.9317,0,1,0
2791,2791,test,healthy,7.7595,517.5784,535.5535,535.5535,-17.9752,0.0,4.9317,0,1,0
2792,2792,test,healthy,7.4436,453.1696,436.0026,436.0026,17.167,0.6209,4.9317,0,1,0
2793,2793,test,healthy,7.4638,457.1437,450.0558,450.0558,7.0879,0.5939,4.9317,0,1,0
2794,2794,test,healthy,7.2813,422.1383,439.2811,439.2811,-17.1429,0.0,4.9317,0,1,0
2795,2795,test,healthy,7.2108,409.0974,403.8917,403.8917,5.2058,0.0,4.9317,0,1,0
2796,2796,test,healthy,7.2371,413.9254,406.4394,406.4394,7.4859,0.0,4.9317,0,1,0
2797,2797,test,healthy,7.6431,493.2324,494.4112,494.4112,-1.1787,0.0,4.9317,0,1,0
2798,2798,test,healthy,7.5956,483.5018,471.3067,471.3067,12.1951,0.3013,4.9317,0,1,0
2799,2799,test,healthy,7.7807,522.0909,525.853,525.853,-3.7621,0.0,4.9317,0,1,0
2800,2800,test,healthy,7.4835,461.0253,456.7925,456.7925,4.2328,0.0,4.9317,0,1,0
2801,2801,test,healthy,7.2191,410.6176,408.0308,408.0308,2.5868,0.0,4.9317,0,1,0
2802,2802,test,healthy,7.0447,379.313,381.0342,381.0342,-1.7212,0.0,4.9317,0,1,0
2803,2803,test,healthy,7.1887,405.0498,414.9157,414.9157,-9.8659,0.0,4.9317,0,1,0
2804,2804,test,healthy,7.5388,472.026,483.8154,483.8154,-11.7894,0.0,4.9317,0,1,0
2805,2805,test,healthy,8.4058,666.577,649.219,649.219,17.3581,0.6332,4.9317,0,1,0
2806,2806,test,healthy,8.6985,742.1084,717.9644,717.9644,24.144,1.7025,4.9317,0,1,0
2807,2807,test,healthy,8.912,800.4887,820.0862,820.0862,-19.5975,0.0,4.9317,0,1,0
2808,2808,test,healthy,8.866,787.6678,794.9295,794.9295,-7.2617,0.0,4.9317,0,1,0
2809,2809,test,healthy,10.1048,1181.3998,1162.8395,1162.8395,18.5603,0.7104,4.9317,0,1,0
2810,2810,test,healthy,10.4811,1322.0376,1316.5132,1316.5132,5.5244,0.5829,4.9317,0,1,0
2811,2811,test,healthy,10.8855,1484.8577,1474.1988,1474.1988,10.6589,0.7854,4.9317,0,1,0
2812,2812,test,healthy,10.63,1380.5506,1353.3243,1353.3243,27.2263,2.0529,4.9317,0,1,0
2813,2813,test,healthy,10.2432,1231.9149,1217.9629,1217.9629,13.9521,2.4672,4.9317,0,1,0
2814,2814,test,healthy,9.7907,1071.7378,1055.556,1055.556,16.1818,3.0247,4.9317,0,1,0
2815,2815,test,healthy,9.2778,907.2414,920.5681,920.5681,-13.3267,1.6854,4.9317,0,1,0
2816,2816,test,healthy,9.8895,1105.4929,1090.0468,1090.0468,15.4462,2.1957,4.9317,0,1,0
2817,2817,test,healthy,9.7017,1041.9062,1057.6285,1057.6285,-15.7223,0.7024,4.9317,0,1,0
2818,2818,test,healthy,9.5213,983.1233,969.9371,969.9371,13.1861,1.0673,4.9317,0,1,0
2819,2819,test,healthy,9.3636,933.5387,909.3487,909.3487,24.1899,2.1397,4.9317,0,1,0
2820,2820,test,healthy,9.7157,1046.5617,1051.2563,1051.2563,-4.6945,1.3553,4.9317,0,1,0
2821,2821,test,healthy,9.8913,1106.1151,1077.3971,1077.3971,28.718,2.7186,4.9317,0,1,0
2822,2822,test,healthy,9.4441,958.6572,933.7586,933.7586,24.8986,3.8365,4.9317,0,1,0
2823,2823,test,healthy,9.2107,887.0217,884.2628,884.2628,2.759,3.5312,4.9317,0,1,0
2824,2824,test,healthy,9.3113,917.461,942.1176,942.1176,-24.6567,1.4636,4.9317,0,1,0
2825,2825,test,healthy,9.1612,872.287,878.9283,878.9283,-6.6413,0.5541,4.9317,0,1,0
2826,2826,test,healthy,8.7447,754.4954,763.9931,763.9931,-9.4978,0.0,4.9317,0,1,0
2827,2827,test,healthy,8.6229,722.0927,699.3868,699.3868,22.7058,0.9769,4.9317,0,1,0
2828,2828,test,healthy,8.8607,786.1975,812.7085,812.7085,-26.511,0.0,4.9317,0,1,0
2829,2829,test,healthy,8.8547,784.5583,811.3573,811.3573,-26.799,0.0,4.9317,0,1,0
2830,2830,test,healthy,8.3629,655.9561,663.0155,663.0155,-7.0595,0.0,4.9317,0,1,0
2831,2831,test,healthy,7.9677,562.9893,585.5542,585.5542,-22.5649,0.0,4.9317,0,1,0
2832,2832,test,healthy,7.8344,533.6468,506.2831,506.2831,27.3636,1.2763,4.9317,0,1,0
2833,2833,test,healthy,7.7721,520.2636,512.4935,512.4935,7.7701,1.2932,4.9317,0,1,0
2834,2834,test,healthy,8.1907,614.3311,615.8587,615.8587,-1.5275,0.7123,4.9317,0,1,0
2835,2835,test,healthy,7.881,543.7775,533.1287,533.1287,10.6488,0.9142,4.9317,0,1,0
2836,2836,test,healthy,8.1114,595.7547,585.5023,585.5023,10.2525,1.0906,4.9317,0,1,0
2837,2837,test,healthy,7.8342,533.5894,517.5848,517.5848,16.0046,1.6368,4.9317,0,1,0
2838,2838,test,healthy,7.7931,524.7364,526.7349,526.7349,-1.9986,1.0256,4.9317,0,1,0
2839,2839,test,healthy,7.5004,464.3629,449.6104,449.6104,14.7525,1.4913,4.9317,0,1,0
2840,2840,test,healthy,7.6206,488.5932,463.7617,463.7617,24.8314,2.6049,4.9317,0,1,0
2841,2841,test,healthy,7.6801,500.8876,483.6548,483.6548,17.2328,3.23,4.9317,0,1,0
2842,2842,test,healthy,7.9306,554.7307,561.1298,561.1298,-6.3991,2.336,4.9317,0,1,0
2843,2843,test,healthy,7.7916,524.4262,519.7796,519.7796,4.6465,2.152,4.9317,0,1,0
2844,2844,test,healthy,7.7111,507.352,522.0263,522.0263,-14.6743,0.7261,4.9317,0,1,0
2845,2845,test,healthy,7.6707,498.9226,483.9134,483.9134,15.0092,1.2083,4.9317,0,1,0
2846,2846,test,healthy,7.975,564.6251,552.5126,552.5126,12.1125,1.5042,4.9317,0,1,0
2847,2847,test,healthy,7.5345,471.1672,488.0712,488.0712,-16.904,0.0,4.9317,0,1,0
2848,2848,test,healthy,7.8027,526.8049,529.9756,529.9756,-3.1706,0.0,4.9317,0,1,0
2849,2849,test,healthy,7.9755,564.746,559.9701,559.9701,4.7759,0.0,4.9317,0,1,0
2850,2850,test,healthy,8.4576,679.5791,665.7133,665.7133,13.8658,0.4087,4.9317,0,1,0
2851,2851,test,healthy,8.3674,657.0643,672.5079,672.5079,-15.4436,0.0,4.9317,0,1,0
2852,2852,test,healthy,8.885,792.9538,811.2085,811.2085,-18.2547,0.0,4.9317,0,1,0
2853,2853,test,healthy,8.5424,701.1896,694.619,694.619,6.5706,0.0,4.9317,0,1,0
2854,2854,test,healthy,8.8973,796.3785,794.9649,794.9649,1.4137,0.0,4.9317,0,1,0
2855,2855,test,healthy,8.453,678.4061,680.7571,680.7571,-2.351,0.0,4.9317,0,1,0
2856,2856,test,healthy,8.2966,639.7288,646.9485,646.9485,-7.2197,0.0,4.9317,0,1,0
2857,2857,test,healthy,8.2683,632.8874,617.9694,617.9694,14.918,0.4763,4.9317,0,1,0
2858,2858,test,healthy,7.8959,547.0574,581.0408,581.0408,-33.9834,0.0,4.9317,0,1,0
2859,2859,test,healthy,7.5363,471.5213,475.2093,475.2093,-3.6881,0.0,4.9317,0,1,0
2860,2860,test,healthy,7.8483,536.656,535.7874,535.7874,0.8687,0.0,4.9317,0,1,0
2861,2861,test,healthy,7.8986,547.6416,517.695,517.695,29.9466,1.4424,4.9317,0,1,0
2862,2862,test,healthy,8.2992,640.3519,658.8679,658.8679,-18.516,0.0,4.9317,0,1,0
2863,2863,test,healthy,8.724,748.9312,746.0181,746.0181,2.9131,0.0,4.9317,0,1,0
2864,2864,test,healthy,8.2696,633.1862,626.727,626.727,6.4592,0.0,4.9317,0,1,0
2865,2865,test,healthy,7.9477,558.5297,510.5047,510.5047,48.0249,2.6045,4.9317,0,1,0
2866,2866,test,healthy,8.0894,590.6689,571.485,571.485,19.1839,3.355,4.9317,0,1,0
2867,2867,test,healthy,7.6761,500.0545,520.4021,520.4021,-20.3476,1.5644,4.9317,0,1,0
2868,2868,test,healthy,7.6093,486.2808,444.6451,444.6451,41.6357,3.7581,4.9317,0,1,0
2869,2869,test,healthy,7.4988,464.0429,462.4463,462.4463,1.5966,3.3781,4.9317,0,1,0
2870,2870,test,healthy,7.1427,396.7244,392.709,392.709,4.0153,3.1536,4.9317,0,1,0
2871,2871,test,healthy,6.8376,344.1187,329.9855,329.9855,14.1332,3.5794,4.9317,0,1,0
2872,2872,test,healthy,7.9436,557.6194,557.6803,557.6803,-0.0609,3.0929,4.9317,0,1,0
2873,2873,test,healthy,7.7283,510.973,490.7226,490.7226,20.2505,3.912,4.9317,0,1,0
2874,2874,test,healthy,8.4912,688.0847,703.167,703.167,-15.0823,2.4598,4.9317,0,1,0
2875,2875,test,healthy,8.6147,719.969,749.2334,749.2334,-29.2643,0.096,4.9317,0,1,0
2876,2876,test,healthy,8.9189,802.4304,779.3364,779.3364,23.094,1.0979,4.9317,0,1,0
2877,2877,test,healthy,8.5034,691.2082,698.4526,698.4526,-7.2444,0.1496,4.9317,0,1,0
2878,2878,test,healthy,8.8783,791.0884,768.8785,768.8785,22.2099,1.0946,4.9317,0,1,0
2879,2879,test,healthy,8.3558,654.188,689.2052,689.2052,-35.0171,0.0,4.9317,0,1,0
2880,2880,test,healthy,8.8742,789.9523,732.2564,732.2564,57.696,3.2261,4.9317,0,1,0
2881,2881,test,healthy,9.2912,911.323,882.1729,882.1729,29.1501,4.6173,4.9317,0,1,0
2882,2882,test,healthy,8.908,799.3698,824.2703,824.2703,-24.9005,2.534,4.9317,0,1,0
2883,2883,test,healthy,8.9153,801.4268,784.9368,784.9368,16.4901,3.1114,4.9317,0,1,0
2884,2884,test,healthy,8.9022,797.7582,798.016,798.016,-0.2578,2.6122,4.9317,0,1,0
2885,2885,test,healthy,8.8162,773.946,767.23,767.23,6.716,2.5612,4.9317,0,1,0
2886,2886,test,healthy,8.3666,656.8649,660.5852,660.5852,-3.7203,1.8394,4.9317,0,1,0
2887,2887,test,healthy,8.46,680.1787,684.9989,684.9989,-4.8202,1.047,4.9317,0,1,0
2888,2888,test,healthy,8.1262,599.1923,622.8484,622.8484,-23.6561,0.0,4.9317,0,1,0
2889,2889,test,healthy,7.9608,561.4367,553.3714,553.3714,8.0652,0.0358,4.9317,0,1,0
2890,2890,test,healthy,7.949,558.8238,583.4024,583.4024,-24.5786,0.0,4.9317,0,1,0
2891,2891,test,healthy,7.6074,485.9082,488.3567,488.3567,-2.4485,0.0,4.9317,0,1,0
2892,2892,test,healthy,7.278,421.5347,421.7309,421.7309,-0.1962,0.0,4.9317,0,1,0
2893,2893,test,healthy,7.2057,408.1451,422.4542,422.4542,-14.3091,0.0,4.9317,0,1,0
2894,2894,test,healthy,7.6166,487.7815,499.7268,499.7268,-11.9453,0.0,4.9317,0,1,0
2895,2895,test,healthy,7.2067,408.3411,394.6831,394.6831,13.658,0.3953,4.9317,0,1,0
2896,2896,test,healthy,7.507,465.6713,478.8505,478.8505,-13.1792,0.0,4.9317,0,1,0
2897,2897,test,healthy,7.0578,381.6163,383.2155,383.2155,-1.5992,0.0,4.9317,0,1,0
2898,2898,test,healthy,7.0428,378.9861,376.0838,376.0838,2.9023,0.0,4.9317,0,1,0
2899,2899,test,healthy,6.7396,328.1969,319.4611,319.4611,8.7357,0.0789,4.9317,0,1,0
2900,2900,test,healthy,6.6723,317.5212,321.2788,321.2788,-3.7576,0.0,4.9317,0,1,0
2901,2901,test,healthy,6.5662,301.1265,313.7261,313.7261,-12.5996,0.0,4.9317,0,1,0
2902,2902,test,healthy,6.3675,271.8054,295.0483,295.0483,-23.2429,0.0,4.9317,0,1,0
2903,2903,test,healthy,6.4334,281.3293,267.2357,267.2357,14.0935,0.4233,4.9317,0,1,0
2904,2904,test,healthy,6.5847,303.9352,273.2674,273.2674,30.6677,1.912,4.9317,0,1,0
2905,2905,test,healthy,6.3482,269.0551,279.6329,279.6329,-10.5779,0.7494,4.9317,0,1,0
2906,2906,test,healthy,7.1537,398.7017,383.9501,383.9501,14.7516,1.215,4.9317,0,1,0
2907,2907,test,healthy,6.6826,319.1315,304.6239,304.6239,14.5076,1.665,4.9317,0,1,0
2908,2908,test,healthy,6.9188,357.6813,375.2542,375.2542,-17.5729,0.0527,4.9317,0,1,0
2909,2909,test,healthy,6.8927,353.2915,351.3608,351.3608,1.9307,0.0,4.9317,0,1,0
2910,2910,test,healthy,7.9683,563.1243,576.8258,576.8258,-13.7015,0.0,4.9317,0,1,0
2911,2911,test,healthy,8.6859,738.7367,753.2294,753.2294,-14.4928,0.0,4.9317,0,1,0
2912,2912,test,healthy,8.9277,804.9006,792.8048,792.8048,12.0959,0.2949,4.9317,0,1,0
2913,2913,test,healthy,9.5902,1005.3187,998.8638,998.8638,6.4549,0.2272,4.9317,0,1,0
2914,2914,test,healthy,9.2882,910.4014,876.1746,876.1746,34.2267,1.9447,4.9317,0,1,0
2915,2915,test,healthy,9.9681,1132.8066,1163.6914,1163.6914,-30.8847,0.0,4.9317,0,1,0
2916,2916,test,healthy,9.6094,1011.5506,1020.9265,1020.9265,-9.3759,0.0,4.9317,0,1,0
2917,2917,test,healthy,9.397,943.8984,940.3201,940.3201,3.5782,0.0,4.9317,0,1,0
2918,2918,test,healthy,9.2237,890.9063,903.4651,903.4651,-12.5588,0.0,4.9317,0,1,0
2919,2919,test,healthy,9.4996,976.1961,1001.4803,1001.4803,-25.2841,0.0,4.9317,0,1,0
2920,2920,test,healthy,9.9349,1121.2166,1099.1848,1099.1848,22.0319,0.9336,4.9317,0,1,0
2921,2921,test,healthy,9.7635,1062.5572,1077.5687,1077.5687,-15.0115,0.0,4.9317,0,1,0
2922,2922,test,healthy,10.1556,1199.7861,1214.9497,1214.9497,-15.1636,0.0,4.9317,0,1,0
2923,2923,test,healthy,9.9382,1122.3678,1123.9419,1123.9419,-1.5741,0.0,4.9317,0,1,0
2924,2924,test,healthy,9.4707,967.0404,999.8845,999.8845,-32.844,0.0,4.9317,0,1,0
2925,2925,test,healthy,9.163,872.8252,842.4143,842.4143,30.4109,1.4722,4.9317,0,1,0
2926,2926,test,healthy,9.5459,991.0132,1004.1229,1004.1229,-13.1097,0.1469,4.9317,0,1,0
2927,2927,test,healthy,8.9864,821.525,811.7964,811.7964,9.7286,0.2896,4.9317,0,1,0
2928,2928,test,healthy,8.8767,790.6419,774.3551,774.3551,16.2868,0.8539,4.9317,0,1,0
2929,2929,test,healthy,9.2275,892.0404,868.9801,868.9801,23.0603,1.8536,4.9317,0,1,0
2930,2930,test,healthy,8.5332,698.8314,693.2652,693.2652,5.5662,1.7287,4.9317,0,1,0
2931,2931,test,healthy,8.1744,610.4827,620.6208,620.6208,-10.1381,0.5944,4.9317,0,1,0
2932,2932,test,healthy,7.8201,530.5575,519.79,519.79,10.7675,0.8039,4.9317,0,1,0
2933,2933,test,healthy,7.8784,543.2075,593.7724,593.7724,-50.5649,0.0,4.9317,0,1,0
2934,2934,test,healthy,7.4701,458.3704,506.9173,506.9173,-48.5469,0.0,4.9317,0,1,0
2935,2935,test,healthy,8.1002,593.1624,602.2295,602.2295,-9.0671,0.0,4.9317,0,1,0
2936,2936,test,healthy,7.8318,533.0741,507.0754,507.0754,25.9988,1.1886,4.9317,0,1,0
2937,2937,test,healthy,7.834,533.5399,507.0795,507.0795,26.4604,2.4069,4.9317,0,1,0
2938,2938,test,healthy,7.5217,468.6001,479.0044,479.0044,-10.4043,1.2554,4.9317,0,1,0
2939,2939,test,healthy,7.378,440.4739,414.7654,414.7654,25.7085,2.4254,4.9317,0,1,0
2940,2940,test,healthy,7.1056,390.0702,395.1141,395.1141,-5.0438,1.6185,4.9317,0,1,0
2941,2941,test,healthy,7.0502,380.2837,406.9107,406.9107,-26.627,0.0,4.9317,0,1,0
2942,2942,test,healthy,7.4108,446.7949,441.0663,441.0663,5.7286,0.0,4.9317,0,1,0
2943,2943,test,healthy,6.9283,359.2831,407.3765,407.3765,-48.0933,0.0,4.9317,0,1,0
2944,2944,test,healthy,7.302,426.0353,418.9278,418.9278,7.1076,0.0,4.9317,0,1,0
2945,2945,test,healthy,7.0366,377.9135,352.3047,352.3047,25.6088,1.1635,4.9317,0,1,0
2946,2946,test,healthy,7.1153,391.8124,407.0033,407.0033,-15.1909,0.0,4.9317,0,1,0
2947,2947,test,healthy,6.7774,334.2793,342.7966,342.7966,-8.5173,0.0,4.9317,0,1,0
2948,2948,test,healthy,6.8626,348.2563,356.5359,356.5359,-8.2796,0.0,4.9317,0,1,0
2949,2949,test,healthy,6.8676,349.0939,351.458,351.458,-2.3641,0.0,4.9317,0,1,0
2950,2950,test,healthy,6.61,307.8222,313.002,313.002,-5.1798,0.0,4.9317,0,1,0
2951,2951,test,healthy,6.4541,284.3532,289.6091,289.6091,-5.2559,0.0,4.9317,0,1,0
2952,2952,test,healthy,6.2986,262.0537,262.65,262.65,-0.5963,0.0,4.9317,0,1,0
2953,2953,test,healthy,6.3654,271.5046,273.141,273.141,-1.6363,0.0,4.9317,0,1,0
2954,2954,test,healthy,6.2917,261.0982,286.7206,286.7206,-25.6224,0.0,4.9317,0,1,0
2955,2955,test,healthy,6.4404,282.3534,280.8439,280.8439,1.5095,0.0,4.9317,0,1,0
2956,2956,test,healthy,6.1024,235.4536,225.3846,225.3846,10.069,0.1646,4.9317,0,1,0
2957,2957,test,healthy,6.4732,287.1802,310.5151,310.5151,-23.3349,0.0,4.9317,0,1,0
2958,2958,test,healthy,6.6098,307.7863,316.0926,316.0926,-8.3063,0.0,4.9317,0,1,0
2959,2959,test,healthy,7.0754,384.7245,377.9924,377.9924,6.7321,0.0,4.9317,0,1,0
2960,2960,test,healthy,7.4512,454.6649,469.8701,469.8701,-15.2052,0.0,4.9317,0,1,0
2961,2961,test,healthy,8.1149,596.5656,602.254,602.254,-5.6884,0.0,4.9317,0,1,0
2962,2962,test,healthy,8.1535,605.5723,590.7243,590.7243,14.8479,0.4718,4.9317,0,1,0
2963,2963,test,healthy,8.5845,712.0661,724.018,724.018,-11.9518,0.0,4.9317,0,1,0
2964,2964,test,healthy,8.5266,697.1281,681.9583,681.9583,15.1698,0.4925,4.9317,0,1,0
2965,2965,test,healthy,9.0919,851.9245,829.5957,829.5957,22.3288,1.4452,4.9317,0,1,0
2966,2966,test,healthy,8.6054,717.5333,702.8233,702.8233,14.71,1.9081,4.9317,0,1,0
2967,2967,test,healthy,9.2676,904.1448,893.4391,893.4391,10.7056,2.1136,4.9317,0,1,0
2968,2968,test,healthy,9.3894,941.5464,955.492,955.492,-13.9456,0.7346,4.9317,0,1,0
2969,2969,test,healthy,9.8308,1085.3455,1105.4222,1105.4222,-20.0767,0.0,4.9317,0,1,0
2970,2970,test,healthy,9.5478,991.62,981.0908,981.0908,10.5292,0.1942,4.9317,0,1,0
2971,2971,test,healthy,9.4261,952.9919,951.6809,951.6809,1.311,0.0,4.9317,0,1,0
2972,2972,test,healthy,8.9832,820.6118,842.2717,842.2717,-21.6599,0.0,4.9317,0,1,0
2973,2973,test,healthy,9.5052,978.0091,994.4191,994.4191,-16.41,0.0,4.9317,0,1,0
2974,2974,test,healthy,9.4559,962.3658,952.8088,952.8088,9.557,0.1317,4.9317,0,1,0
2975,2975,test,healthy,9.339,925.9335,929.2841,929.2841,-3.3506,0.0,4.9317,0,1,0
2976,2976,test,healthy,9.1775,877.1266,864.5129,864.5129,12.6138,0.3282,4.9317,0,1,0
2977,2977,test,healthy,9.115,858.6855,834.5465,834.5465,24.1389,1.3972,4.9317,0,1,0
2978,2978,test,healthy,8.559,705.4763,702.603,702.603,2.8733,1.0993,4.9317,0,1,0
2979,2979,test,healthy,8.2259,622.7146,606.8168,606.8168,15.8978,1.6386,4.9317,0,1,0
2980,2980,test,healthy,7.8671,540.7379,560.5576,560.5576,-19.8197,0.0,4.9317,0,1,0
2981,2981,test,healthy,8.4073,666.96,676.2398,676.2398,-9.2798,0.0,4.9317,0,1,0
2982,2982,test,healthy,8.6687,734.1894,731.5165,731.5165,2.6729,0.0,4.9317,0,1,0
2983,2983,test,healthy,8.4294,672.4806,681.3045,681.3045,-8.8239,0.0,4.9317,0,1,0
2984,2984,test,healthy,8.8368,779.6085,754.7136,754.7136,24.8948,1.1176,4.9317,0,1,0
2985,2985,test,healthy,8.5428,701.3012,698.0089,698.0089,3.2923,0.8466,4.9317,0,1,0
2986,2986,test,healthy,8.6656,733.3538,732.01,732.01,1.3439,0.4504,4.9317,0,1,0
2987,2987,test,healthy,8.3633,656.0478,656.9372,656.9372,-0.8893,0.0,4.9317,0,1,0
2988,2988,test,healthy,8.4723,683.2866,693.4086,693.4086,-10.122,0.0,4.9317,0,1,0
2989,2989,test,healthy,8.4079,667.1011,652.8788,652.8788,14.2224,0.4316,4.9317,0,1,0
2990,2990,test,healthy,8.3623,655.7962,658.5681,658.5681,-2.7719,0.0,4.9317,0,1,0
2991,2991,test,healthy,8.9859,821.3604,826.0335,826.0335,-4.6731,0.0,4.9317,0,1,0
2992,2992,test,healthy,8.9388,808.0406,850.167,850.167,-42.1264,0.0,4.9317,0,1,0
2993,2993,test,healthy,8.6799,737.1417,738.8887,738.8887,-1.747,0.0,4.9317,0,1,0
2994,2994,test,healthy,9.0296,833.8728,837.6731,837.6731,-3.8003,0.0,4.9317,0,1,0
2995,2995,test,healthy,8.3807,660.3387,654.2539,654.2539,6.0848,0.0,4.9317,0,1,0
2996,2996,test,healthy,8.7168,747.0112,756.828,756.828,-9.8168,0.0,4.9317,0,1,0
2997,2997,test,healthy,8.4451,676.4189,711.4125,711.4125,-34.9936,0.0,4.9317,0,1,0
2998,2998,test,healthy,8.2175,620.7044,628.8654,628.8654,-8.161,0.0,4.9317,0,1,0
2999,2999,test,healthy,8.2329,624.3853,612.2523,612.2523,12.133,0.2973,4.9317,0,1,0
3000,3000,test,healthy,8.3215,645.7903,655.2737,655.2737,-9.4834,0.0,4.9317,0,1,0
3001,3001,test,healthy,8.7037,743.5063,773.0925,773.0925,-29.5862,0.0,4.9317,0,1,0
3002,3002,test,healthy,8.9466,810.2313,835.9663,835.9663,-25.7351,0.0,4.9317,0,1,0
3003,3003,test,healthy,8.7509,756.1806,769.7576,769.7576,-13.577,0.0,4.9317,0,1,0
3004,3004,test,healthy,8.7206,748.0244,740.6313,740.6313,7.3931,0.0,4.9317,0,1,0
3005,3005,test,healthy,8.8768,790.6691,791.2743,791.2743,-0.6053,0.0,4.9317,0,1,0
3006,3006,test,healthy,8.5605,705.8626,664.0168,664.0168,41.8458,2.2073,4.9317,0,1,0
3007,3007,test,healthy,9.2615,902.3004,906.8117,906.8117,-4.5113,1.4346,4.9317,0,1,0
3008,3008,test,healthy,9.2245,891.1635,894.6697,894.6697,-3.5062,0.7266,4.9317,0,1,0
3009,3009,test,healthy,9.7157,1046.5689,1015.1145,1015.1145,31.4544,2.2659,4.9317,0,1,0
3010,3010,test,healthy,9.9249,1117.7385,1104.6335,1104.6335,13.1051,2.6257,4.9317,0,1,0
3011,3011,test,healthy,10.4856,1323.7873,1357.2358,1357.2358,-33.4486,0.0,4.9317,0,1,0
3012,3012,test,healthy,10.2225,1224.2746,1243.9349,1243.9349,-19.6603,0.0,4.9317,0,1,0
3013,3013,test,healthy,9.8855,1104.1197,1106.5522,1106.5522,-2.4324,0.0,4.9317,0,1,0
3014,3014,test,healthy,9.8178,1080.9387,1067.553,1067.553,13.3857,0.3778,4.9317,0,1,0
3015,3015,test,healthy,9.4343,955.555,997.7868,997.7868,-42.2318,0.0,4.9317,0,1,0
3016,3016,test,healthy,8.9748,818.2168,801.6394,801.6394,16.5774,0.583,4.9317,0,1,0
3017,3017,test,healthy,8.8489,782.9596,779.9346,779.9346,3.025,0.2948,4.9317,0,1,0
3018,3018,test,healthy,8.9112,800.2802,825.178,825.178,-24.8977,0.0,4.9317,0,1,0
3019,3019,test,healthy,8.5458,702.0734,707.2435,707.2435,-5.1701,0.0,4.9317,0,1,0
3020,3020,test,healthy,8.973,817.6936,828.4413,828.4413,-10.7477,0.0,4.9317,0,1,0
3021,3021,test,healthy,8.4042,666.1802,676.0905,676.0905,-9.9103,0.0,4.9317,0,1,0
3022,3022,test,healthy,8.0889,590.5494,620.7497,620.7497,-30.2003,0.0,4.9317,0,1,0
3023,3023,test,healthy,7.9705,563.6111,534.0821,534.0821,29.529,1.4155,4.9317,0,1,0
3024,3024,test,healthy,8.1454,603.6881,584.3337,584.3337,19.3544,2.177,4.9317,0,1,0
3025,3025,test,healthy,8.7753,762.7874,747.7536,747.7536,15.0338,2.6608,4.9317,0,1,0
3026,3026,test,healthy,8.3725,658.3216,655.0914,655.0914,3.2302,2.3858,4.9317,0,1,0
3027,3027,test,healthy,8.1656,608.4203,600.3562,600.3562,8.0641,2.4215,4.9317,0,1,0
3028,3028,test,healthy,8.001,570.4678,547.6459,547.6459,22.8219,3.4059,4.9317,0,1,0
3029,3029,test,healthy,8.0278,576.5399,595.3806,595.3806,-18.8408,1.7121,4.9317,0,1,0
3030,3030,test,healthy,7.7617,518.0449,530.7818,530.7818,-12.7369,0.4107,4.9317,0,1,0
3031,3031,test,healthy,7.6462,493.8551,502.7938,502.7938,-8.9387,0.0,4.9317,0,1,0
3032,3032,test,healthy,7.5505,474.3763,475.7996,475.7996,-1.4232,0.0,4.9317,0,1,0
3033,3033,test,healthy,7.4898,462.2702,489.4435,489.4435,-27.1732,0.0,4.9317,0,1,0
3034,3034,test,healthy,7.2985,425.3741,423.0148,423.0148,2.3593,0.0,4.9317,0,1,0
3035,3035,test,healthy,7.4746,459.255,458.9165,458.9165,0.3386,0.0,4.9317,0,1,0
3036,3036,test,healthy,8.2122,619.4292,631.8105,631.8105,-12.3813,0.0,4.9317,0,1,0
3037,3037,test,healthy,7.8833,544.2941,564.8434,564.8434,-20.5493,0.0,4.9317,0,1,0
3038,3038,test,healthy,8.4821,685.7759,703.0973,703.0973,-17.3214,0.0,4.9317,0,1,0
3039,3039,test,healthy,8.6411,726.8957,730.8932,730.8932,-3.9975,0.0,4.9317,0,1,0
3040,3040,test,healthy,8.1581,606.6445,597.5196,597.5196,9.1249,0.1039,4.9317,0,1,0
3041,3041,test,healthy,7.7385,513.1361,524.2831,524.2831,-11.147,0.0,4.9317,0,1,0
3042,3042,test,healthy,7.8149,529.4199,538.4241,538.4241,-9.0042,0.0,4.9317,0,1,0
3043,3043,test,healthy,7.822,530.9655,506.8723,506.8723,24.0932,1.0661,4.9317,0,1,0
3044,3044,test,healthy,8.1674,608.828,629.9597,629.9597,-21.1318,0.0,4.9317,0,1,0
3045,3045,test,healthy,8.5681,707.8207,674.5367,674.5367,33.284,1.6569,4.9317,0,1,0
3046,3046,test,healthy,8.2115,619.2729,609.9172,609.9172,9.3557,1.7757,4.9317,0,1,0
3047,3047,test,healthy,7.9162,551.5336,569.6895,569.6895,-18.1559,0.1259,4.9317,0,1,0
3048,3048,test,healthy,7.5629,476.8652,466.9495,466.9495,9.9156,0.2807,4.9317,0,1,0
3049,3049,test,healthy,7.3528,435.6499,442.6134,442.6134,-6.9635,0.0,4.9317,0,1,0
3050,3050,test,healthy,7.5718,478.662,482.4529,482.4529,-3.7909,0.0,4.9317,0,1,0
3051,3051,test,healthy,7.9224,552.8954,551.9696,551.9696,0.9259,0.0,4.9317,0,1,0
3052,3052,test,healthy,7.9136,550.9491,569.968,569.968,-19.019,0.0,4.9317,0,1,0
3053,3053,test,healthy,7.6386,492.2936,526.0376,526.0376,-33.744,0.0,4.9317,0,1,0
3054,3054,test,healthy,7.6694,498.6665,532.1003,532.1003,-33.4338,0.0,4.9317,0,1,0
3055,3055,test,healthy,8.1588,606.8119,604.1723,604.1723,2.6395,0.0,4.9317,0,1,0
3056,3056,test,healthy,7.6793,500.7241,507.9003,507.9003,-7.1762,0.0,4.9317,0,1,0
3057,3057,test,healthy,7.3327,431.8201,464.4365,464.4365,-32.6165,0.0,4.9317,0,1,0
3058,3058,test,healthy,7.2316,412.9239,407.6101,407.6101,5.3137,0.0,4.9317,0,1,0
3059,3059,test,healthy,6.9336,360.1803,336.173,336.173,24.0073,1.0606,4.9317,0,1,0
3060,3060,test,healthy,7.3188,429.1998,414.8581,414.8581,14.3417,1.4998,4.9317,0,1,0
3061,3061,test,healthy,7.6121,486.8714,507.6114,507.6114,-20.7399,0.0,4.9317,0,1,0
3062,3062,test,healthy,7.6322,490.9887,434.1683,434.1683,56.8204,3.1698,4.9317,0,1,0
3063,3063,test,healthy,7.4326,451.0345,430.5515,430.5515,20.483,4.0039,4.9317,0,1,0
3064,3064,test,healthy,7.7204,509.3126,511.1503,511.1503,-1.8376,3.4031,4.9317,0,1,0
3065,3065,test,healthy,7.7262,510.5382,517.1533,517.1533,-6.6151,2.4952,4.9317,0,1,0
3066,3066,test,healthy,7.6585,496.4131,490.5663,490.5663,5.8468,2.3884,4.9317,0,1,0
3067,3067,test,healthy,7.3082,427.2037,426.54,426.54,0.6637,1.9485,4.9317,0,1,0
3068,3068,test,healthy,7.7125,507.6447,525.4492,525.4492,-17.8045,0.3213,4.9317,0,1,0
3069,3069,test,healthy,7.9073,549.5647,518.5851,518.5851,30.9796,1.8301,4.9317,0,1,0
3070,3070,test,healthy,7.9609,561.4767,590.5911,590.5911,-29.1144,0.0,4.9317,0,1,0
3071,3071,test,healthy,8.3887,662.33,629.3697,629.3697,32.9603,1.6361,4.9317,0,1,0
3072,3072,test,healthy,8.0829,589.1705,611.5132,611.5132,-22.3427,0.0,4.9317,0,1,0
3073,3073,test,healthy,8.3866,661.8154,674.6443,674.6443,-12.8288,0.0,4.9317,0,1,0
3074,3074,test,healthy,8.215,620.1142,612.1865,612.1865,7.9278,0.027,4.9317,0,1,0
3075,3075,test,healthy,8.1903,614.2532,594.3369,594.3369,19.9163,0.8246,4.9317,0,1,0
3076,3076,test,healthy,8.3735,658.5565,660.404,660.404,-1.8475,0.2232,4.9317,0,1,0
3077,3077,test,healthy,8.6103,718.8103,705.8478,705.8478,12.9625,0.5738,4.9317,0,1,0
3078,3078,test,healthy,9.0499,839.7375,841.3256,841.3256,-1.5881,0.0,4.9317,0,1,0
3079,3079,test,healthy,8.4849,686.4893,694.2673,694.2673,-7.778,0.0,4.9317,0,1,0
3080,3080,test,healthy,8.1835,612.6297,627.1351,627.1351,-14.5055,0.0,4.9317,0,1,0
3081,3081,test,healthy,8.3601,655.2481,621.5895,621.5895,33.6587,1.681,4.9317,0,1,0
3082,3082,test,healthy,7.9117,550.5394,555.1091,555.1091,-4.5697,0.9046,4.9317,0,1,0
3083,3083,test,healthy,8.0618,584.308,568.0197,568.0197,16.2883,1.469,4.9317,0,1,0
3084,3084,test,healthy,8.1868,613.4233,605.2181,605.2181,8.2052,1.5138,4.9317,0,1,0
3085,3085,test,healthy,8.0489,581.3622,613.3144,613.3144,-31.9522,0.0,4.9317,0,1,0
3086,3086,test,healthy,8.7318,751.0249,750.5338,750.5338,0.4911,0.0,4.9317,0,1,0
3087,3087,test,healthy,8.512,693.3795,694.5516,694.5516,-1.1721,0.0,4.9317,0,1,0
3088,3088,test,healthy,8.5435,701.4798,672.9281,672.9281,28.5517,1.3527,4.9317,0,1,0
3089,3089,test,healthy,8.099,592.8807,590.2313,590.2313,2.6494,1.0404,4.9317,0,1,0
3090,3090,test,healthy,8.8053,770.974,757.6931,757.6931,13.2809,1.4114,4.9317,0,1,0
3091,3091,test,healthy,8.4202,670.1919,638.1991,638.1991,31.9928,2.9853,4.9317,0,1,0
3092,3092,test,healthy,8.5171,694.6996,694.6169,694.6169,0.0827,2.508,4.9317,0,1,0
3093,3093,test,healthy,8.4077,667.0548,681.7085,681.7085,-14.6537,1.0834,4.9317,0,1,0
3094,3094,test,healthy,8.8591,785.7708,787.8328,787.8328,-2.062,0.4682,4.9317,0,1,0
3095,3095,test,healthy,9.4343,955.5653,928.6691,928.6691,26.8962,1.7145,4.9317,0,1,0
3096,3096,test,healthy,8.8228,775.7597,778.7688,778.7688,-3.009,1.0384,4.9317,0,1,0
3097,3097,test,healthy,8.4067,666.8128,656.7671,656.7671,10.0457,1.2015,4.9317,0,1,0
3098,3098,test,healthy,8.3026,641.1904,632.616,632.616,8.5744,1.2701,4.9317,0,1,0
3099,3099,test,healthy,9.4419,957.96,940.9743,940.9743,16.9858,1.8793,4.9317,0,1,0
3100,3100,test,healthy,9.4023,945.5485,947.8251,947.8251,-2.2766,1.2503,4.9317,0,1,0
3101,3101,test,healthy,9.5819,1002.6498,1013.317,1013.317,-10.6672,0.082,4.9317,0,1,0
3102,3102,test,healthy,8.9471,810.3781,803.6952,803.6952,6.6829,0.0289,4.9317,0,1,0
3103,3103,test,healthy,8.4421,675.6837,710.3806,710.3806,-34.6969,0.0,4.9317,0,1,0
3104,3104,test,healthy,8.6124,719.3615,736.1738,736.1738,-16.8124,0.0,4.9317,0,1,0
3105,3105,test,healthy,8.1582,606.6755,591.1823,591.1823,15.4932,0.5133,4.9317,0,1,0
3106,3106,test,healthy,7.9456,558.0645,569.3285,569.3285,-11.264,0.0,4.9317,0,1,0
3107,3107,test,healthy,8.2172,620.6171,625.6669,625.6669,-5.0498,0.0,4.9317,0,1,0
3108,3108,test,healthy,8.1861,613.2431,614.4541,614.4541,-1.211,0.0,4.9317,0,1,0
3109,3109,test,healthy,7.7983,525.8642,527.0911,527.0911,-1.2269,0.0,4.9317,0,1,0
3110,3110,test,healthy,8.3151,644.2344,637.3233,637.3233,6.9111,0.0,4.9317,0,1,0
3111,3111,test,healthy,8.3085,642.6126,653.2374,653.2374,-10.6248,0.0,4.9317,0,1,0
3112,3112,test,healthy,7.9986,569.937,559.0252,559.0252,10.9117,0.2188,4.9317,0,1,0
3113,3113,test,healthy,8.0097,572.4382,557.0875,557.0875,15.3507,0.7229,4.9317,0,1,0
3114,3114,test,healthy,8.1194,597.6089,601.6679,601.6679,-4.059,0.0,4.9317,0,1,0
3115,3115,test,healthy,8.2282,623.2604,628.5056,628.5056,-5.2452,0.0,4.9317,0,1,0
3116,3116,test,healthy,7.5944,483.2555,449.3006,449.3006,33.9549,1.7,4.9317,0,1,0
3117,3117,test,healthy,7.9717,563.8916,547.2241,547.2241,16.6675,2.2888,4.9317,0,1,0
3118,3118,test,healthy,7.8035,526.9805,549.2044,549.2044,-22.2239,0.3776,4.9317,0,1,0
3119,3119,test,healthy,7.5481,473.8926,487.5242,487.5242,-13.6316,0.0,4.9317,0,1,0
3120,3120,test,healthy,7.5627,476.8261,480.4837,480.4837,-3.6576,0.0,4.9317,0,1,0
3121,3121,test,healthy,7.9622,561.7687,530.7387,530.7387,31.0299,1.512,4.9317,0,1,0
3122,3122,test,healthy,8.0293,576.9002,582.668,582.668,-5.7678,0.6586,4.9317,0,1,0
3123,3123,test,healthy,8.5285,697.6076,717.171,717.171,-19.5634,0.0,4.9317,0,1,0
3124,3124,test,healthy,9.2601,901.8796,941.0686,941.0686,-39.1891,0.0,4.9317,0,1,0
3125,3125,test,healthy,9.1817,878.3763,873.3936,873.3936,4.9827,0.0,4.9317,0,1,0
3126,3126,test,healthy,8.6875,739.1742,738.4038,738.4038,0.7704,0.0,4.9317,0,1,0
3127,3127,test,healthy,9.0581,842.0899,805.624,805.624,36.4659,1.8614,4.9317,0,1,0
3128,3128,test,healthy,8.6854,738.627,767.8017,767.8017,-29.1747,0.0,4.9317,0,1,0
3129,3129,test,healthy,8.0961,592.1987,579.6444,579.6444,12.5542,0.3244,4.9317,0,1,0
3130,3130,test,healthy,8.0463,580.7648,629.2718,629.2718,-48.507,0.0,4.9317,0,1,0
3131,3131,test,healthy,7.7266,510.6263,528.0524,528.0524,-17.4261,0.0,4.9317,0,1,0
3132,3132,test,healthy,7.6238,489.2577,496.8959,496.8959,-7.6383,0.0,4.9317,0,1,0
3133,3133,test,healthy,8.0811,588.7402,577.1271,577.1271,11.6131,0.2639,4.9317,0,1,0
3134,3134,test,healthy,8.0504,581.6999,581.2128,581.2128,0.4871,0.0,4.9317,0,1,0
3135,3135,test,healthy,7.6732,499.4426,496.9379,496.9379,2.5047,0.0,4.9317,0,1,0
3136,3136,test,healthy,7.6663,498.0154,512.3563,512.3563,-14.341,0.0,4.9317,0,1,0
3137,3137,test,healthy,7.8065,527.6107,519.685,519.685,7.9257,0.0268,4.9317,0,1,0
3138,3138,test,healthy,8.129,599.8405,607.9984,607.9984,-8.1579,0.0,4.9317,0,1,0
3139,3139,test,healthy,7.9606,561.3947,574.7217,574.7217,-13.3269,0.0,4.9317,0,1,0
3140,3140,test,healthy,7.5394,472.1409,449.8949,449.8949,22.246,0.9474,4.9317,0,1,0
3141,3141,test,healthy,7.1619,400.1846,438.6134,438.6134,-38.4288,0.0,4.9317,0,1,0
3142,3142,test,healthy,7.1999,407.0916,409.8251,409.8251,-2.7335,0.0,4.9317,0,1,0
3143,3143,test,healthy,7.8155,529.5603,497.3504,497.3504,32.2099,1.5879,4.9317,0,1,0
3144,3144,test,healthy,7.9092,549.989,550.862,550.862,-0.873,1.0491,4.9317,0,1,0
3145,3145,test,healthy,7.6856,502.0388,479.3826,479.3826,22.6562,2.0228,4.9317,0,1,0
3146,3146,test,healthy,7.5624,476.7637,467.9318,467.9318,8.8319,2.1079,4.9317,0,1,0
3147,3147,test,healthy,8.1467,603.9831,614.3528,614.3528,-10.3697,0.9587,4.9317,0,1,0
3148,3148,test,healthy,8.1255,599.0223,621.4251,621.4251,-22.4029,0.0,4.9317,0,1,0
3149,3149,test,healthy,7.7638,518.4913,502.6823,502.6823,15.8089,0.5336,4.9317,0,1,0
3150,3150,test,healthy,8.0554,582.8551,562.7259,562.7259,20.1292,1.3449,4.9317,0,1,0
3151,3151,test,healthy,7.6408,492.7571,459.4562,459.4562,33.3009,3.0028,4.9317,0,1,0
3152,3152,test,healthy,7.3734,439.5833,419.8811,419.8811,19.7022,3.7867,4.9317,0,1,0
3153,3153,test,healthy,7.1794,403.3512,413.2977,413.2977,-9.9465,2.6647,4.9317,0,1,0
3154,3154,test,healthy,6.8302,342.905,328.9845,328.9845,13.9205,3.0769,4.9317,0,1,0
3155,3155,test,healthy,6.9275,359.1487,344.8818,344.8818,14.2669,3.5113,4.9317,0,1,0
3156,3156,test,healthy,7.3245,430.271,412.7415,412.7415,17.5294,4.1555,4.9317,0,1,0
3157,3157,test,healthy,7.0621,382.3748,404.3243,404.3243,-21.9495,2.2619,4.9317,0,1,0
3158,3158,test,healthy,7.1887,405.0558,388.1245,388.1245,16.9313,2.8676,4.9317,0,1,0
3159,3159,test,healthy,7.7889,523.8498,533.1484,533.1484,-9.2987,1.7872,4.9317,0,1,0
3160,3160,test,healthy,7.5003,464.3529,461.3384,461.3384,3.0145,1.4984,4.9317,0,1,0
3161,3161,test,healthy,7.9811,566.0009,574.3234,574.3234,-8.3225,0.4808,4.9317,0,1,0
3162,3162,test,healthy,7.5147,467.2159,449.3627,449.3627,17.8532,1.1457,4.9317,0,1,0
3163,3163,test,healthy,7.0117,373.5795,366.6063,366.6063,6.9733,1.1113,4.9317,0,1,0
3164,3164,test,healthy,7.2747,420.9141,393.1215,393.1215,27.7926,2.4153,4.9317,0,1,0
3165,3165,test,healthy,7.4788,460.0957,473.7506,473.7506,-13.655,1.0549,4.9317,0,1,0
3166,3166,test,healthy,7.0484,379.9651,408.7854,408.7854,-28.8203,0.0,4.9317,0,1,0
3167,3167,test,healthy,7.0544,381.0223,353.6072,353.6072,27.4151,1.2796,4.9317,0,1,0
3168,3168,test,healthy,6.8854,352.0535,356.8029,356.8029,-4.7494,0.4917,4.9317,0,1,0
3169,3169,test,healthy,7.2593,418.0356,419.9381,419.9381,-1.9025,0.0,4.9317,0,1,0
3170,3170,test,healthy,7.1774,402.9991,379.836,379.836,23.1632,1.0063,4.9317,0,1,0
3171,3171,test,healthy,7.4311,450.7398,459.4328,459.4328,-8.693,0.0,4.9317,0,1,0
3172,3172,test,healthy,7.3203,429.4849,419.6125,419.6125,9.8724,0.152,4.9317,0,1,0
3173,3173,test,healthy,7.5213,468.5178,453.1634,453.1634,15.3544,0.6563,4.9317,0,1,0
3174,3174,test,healthy,7.7344,512.2682,556.3936,556.3936,-44.1254,0.0,4.9317,0,1,0
3175,3175,test,healthy,7.8041,527.1011,510.5991,510.5991,16.502,0.5781,4.9317,0,1,0
3176,3176,test,healthy,7.8378,534.3636,518.2956,518.2956,16.068,1.1284,4.9317,0,1,0
3177,3177,test,healthy,7.8548,538.0614,515.73,515.73,22.3314,2.0812,4.9317,0,1,0
3178,3178,test,healthy,7.8628,539.8039,529.6763,529.6763,10.1277,2.2496,4.9317,0,1,0
3179,3179,test,healthy,7.5462,473.5046,485.8189,485.8189,-12.3143,0.9754,4.9317,0,1,0
3180,3180,test,healthy,8.2762,634.7752,612.0594,612.0594,22.7157,1.9529,4.9317,0,1,0
3181,3181,test,healthy,8.0589,583.6457,552.428,552.428,31.2177,3.477,4.9317,0,1,0
3182,3182,test,healthy,8.1643,608.1174,615.665,615.665,-7.5476,2.5092,4.9317,0,1,0
3183,3183,test,healthy,8.4497,677.5903,681.4233,681.4233,-3.833,1.7801,4.9317,0,1,0
3184,3184,test,healthy,8.8448,781.8021,763.6063,763.6063,18.1958,2.4672,4.9317,0,1,0
3185,3185,test,healthy,9.0239,832.2467,802.7223,802.7223,29.5243,3.8824,4.9317,0,1,0
3186,3186,test,healthy,8.6342,725.0673,722.0676,722.0676,2.9998,3.5926,4.9317,0,1,0
3187,3187,test,healthy,8.2265,622.8403,656.3565,656.3565,-33.5162,0.9555,4.9317,0,1,0
3188,3188,test,healthy,8.0102,572.5505,580.8187,580.8187,-8.2682,0.0,4.9317,0,1,0
3189,3189,test,healthy,7.5811,480.5491,467.9703,467.9703,12.5788,0.3259,4.9317,0,1,0
3190,3190,test,healthy,7.4155,447.7121,422.1749,422.1749,25.5371,1.4849,4.9317,0,1,0
3191,3191,test,healthy,7.4075,446.1664,423.5644,423.5644,22.602,2.4551,4.9317,0,1,0
3192,3192,test,healthy,7.1117,391.1597,381.0137,381.0137,10.146,2.6247,4.9317,0,1,0
3193,3193,test,healthy,6.895,353.6728,370.3402,370.3402,-16.6675,1.0706,4.9317,0,1,0
3194,3194,test,healthy,7.8267,531.9715,494.8788,494.8788,37.0927,2.9723,4.9317,0,1,0
3195,3195,test,healthy,7.4555,455.5101,436.9094,436.9094,18.6007,3.6854,4.9317,0,1,0
3196,3196,test,healthy,7.554,475.0823,470.4973,470.4973,4.585,3.4975,4.9317,0,1,0
3197,3197,test,healthy,7.4699,458.3463,459.6128,459.6128,-1.2665,2.9334,4.9317,0,1,0
3198,3198,test,healthy,7.3224,429.8774,394.0672,394.0672,35.8103,4.7527,4.9317,0,1,0
3199,3199,test,healthy,7.1849,404.3521,407.213,407.213,-2.8609,4.0861,4.9317,0,1,0
3200,3200,test,healthy,7.2001,407.1313,421.9568,421.9568,-14.8255,2.6505,4.9317,0,1,0
3201,3201,test,healthy,7.4659,457.5444,490.4433,490.4433,-32.899,0.0531,4.9317,0,1,0
3202,3202,test,healthy,8.0913,591.1105,611.5496,611.5496,-20.4391,0.0,4.9317,0,1,0
3203,3203,test,healthy,8.0309,577.2494,575.8598,575.8598,1.3896,0.0,4.9317,0,1,0
3204,3204,test,healthy,8.0393,579.1774,571.3949,571.3949,7.7824,0.0176,4.9317,0,1,0
3205,3205,test,healthy,7.9411,557.0585,560.5416,560.5416,-3.4831,0.0,4.9317,0,1,0
3206,3206,test,healthy,7.9831,566.4394,588.0511,588.0511,-21.6117,0.0,4.9317,0,1,0
3207,3207,test,healthy,7.842,535.274,507.653,507.653,27.6209,1.2929,4.9317,0,1,0
3208,3208,test,healthy,7.5535,474.9682,488.4245,488.4245,-13.4563,0.0,4.9317,0,1,0
3209,3209,test,healthy,7.7552,516.6555,494.4956,494.4956,22.1599,0.9418,4.9317,0,1,0
3210,3210,test,healthy,8.0024,570.8037,571.8425,571.8425,-1.0389,0.3924,4.9317,0,1,0
3211,3211,test,healthy,8.1324,600.6484,623.1174,623.1174,-22.469,0.0,4.9317,0,1,0
3212,3212,test,healthy,8.1133,596.1913,605.186,605.186,-8.9947,0.0,4.9317,0,1,0
3213,3213,test,healthy,7.9544,560.0236,564.6655,564.6655,-4.6419,0.0,4.9317,0,1,0
3214,3214,test,healthy,7.5844,481.2243,501.0943,501.0943,-19.87,0.0,4.9317,0,1,0
3215,3215,test,healthy,8.2561,629.9493,653.749,653.749,-23.7997,0.0,4.9317,0,1,0
3216,3216,test,healthy,7.9908,568.1835,570.2293,570.2293,-2.0458,0.0,4.9317,0,1,0
3217,3217,test,healthy,7.8217,530.8984,526.65,526.65,4.2485,0.0,4.9317,0,1,0
3218,3218,test,healthy,7.4487,454.1834,435.3582,435.3582,18.8251,0.7275,4.9317,0,1,0
3219,3219,test,healthy,6.9218,358.1837,373.91,373.91,-15.7262,0.0,4.9317,0,1,0
3220,3220,test,healthy,7.3776,440.3968,441.8797,441.8797,-1.4829,0.0,4.9317,0,1,0
3221,3221,test,healthy,6.8279,342.5197,358.9804,358.9804,-16.4607,0.0,4.9317,0,1,0
3222,3222,test,healthy,6.9201,357.8982,386.962,386.962,-29.0638,0.0,4.9317,0,1,0
3223,3223,test,healthy,7.1907,405.4038,396.6751,396.6751,8.7287,0.0785,4.9317,0,1,0
3224,3224,test,healthy,7.3202,429.4505,452.8796,452.8796,-23.4291,0.0,4.9317,0,1,0
3225,3225,test,healthy,7.5776,479.839,517.3046,517.3046,-37.4656,0.0,4.9317,0,1,0
3226,3226,test,healthy,7.3621,437.4156,416.0769,416.0769,21.3387,0.889,4.9317,0,1,0
3227,3227,test,healthy,7.6573,496.1489,471.9455,471.9455,24.2034,1.9622,4.9317,0,1,0
3228,3228,test,healthy,8.1347,601.1663,612.8457,612.8457,-11.6794,0.7288,4.9317,0,1,0
3229,3229,test,healthy,8.7859,765.6605,772.6129,772.6129,-6.9525,0.0,4.9317,0,1,0
3230,3230,test,healthy,8.3597,655.1572,639.4935,639.4935,15.6637,0.5242,4.9317,0,1,0
3231,3231,test,healthy,7.9132,550.8748,538.9133,538.9133,11.9615,0.8105,4.9317,0,1,0
3232,3232,test,healthy,7.8321,533.1352,541.5785,541.5785,-8.4433,0.0,4.9317,0,1,0
3233,3233,test,healthy,8.5835,711.8184,741.934,741.934,-30.1156,0.0,4.9317,0,1,0
3234,3234,test,healthy,8.6465,728.3131,728.9021,728.9021,-0.5891,0.0,4.9317,0,1,0
3235,3235,test,healthy,9.0487,839.3757,815.0277,815.0277,24.348,1.0825,4.9317,0,1,0
3236,3236,test,healthy,8.6802,737.238,706.013,706.013,31.2251,2.607,4.9317,0,1,0
3237,3237,test,healthy,9.0027,826.159,807.2975,807.2975,18.8615,3.3368,4.9317,0,1,0
3238,3238,test,healthy,9.0808,848.6871,857.2703,857.2703,-8.5831,2.3025,4.9317,0,1,0
3239,3239,test,healthy,8.7191,747.6069,772.1679,772.1679,-24.561,0.241,4.9317,0,1,0
3240,3240,test,healthy,8.6984,742.0677,771.0378,771.0378,-28.9701,0.0,4.9317,0,1,0
3241,3241,test,healthy,8.9081,799.4132,827.2145,827.2145,-27.8013,0.0,4.9317,0,1,0
3242,3242,test,healthy,8.4944,688.899,687.7297,687.7297,1.1693,0.0,4.9317,0,1,0
3243,3243,test,healthy,7.986,567.1062,547.2098,547.2098,19.8964,0.7963,4.9317,0,1,0
3244,3244,test,healthy,8.0296,576.9608,546.9863,546.9863,29.9745,2.2405,4.9317,0,1,0
3245,3245,test,healthy,7.8964,547.1763,532.4069,532.4069,14.7694,2.7072,4.9317,0,1,0
3246,3246,test,healthy,8.3708,657.9121,688.424,688.424,-30.5119,0.2632,4.9317,0,1,0
3247,3247,test,healthy,8.4281,672.1483,645.789,645.789,26.3592,1.475,4.9317,0,1,0
3248,3248,test,healthy,8.919,802.4495,814.4915,814.4915,-12.042,0.2183,4.9317,0,1,0
3249,3249,test,healthy,8.6678,733.9526,725.6808,725.6808,8.2718,0.2674,4.9317,0,1,0
3250,3250,test,healthy,8.1997,616.4713,641.9784,641.9784,-25.5071,0.0,4.9317,0,1,0
3251,3251,test,healthy,8.0031,570.9452,554.7833,554.7833,16.162,0.5563,4.9317,0,1,0
3252,3252,test,healthy,7.8185,530.2119,525.3805,525.3805,4.8315,0.3842,4.9317,0,1,0
3253,3253,test,healthy,8.6313,724.3045,749.3322,749.3322,-25.0276,0.0,4.9317,0,1,0
3254,3254,test,healthy,8.3928,663.3401,661.328,661.328,2.0121,0.0,4.9317,0,1,0
3255,3255,test,healthy,8.4347,673.8244,656.1581,656.1581,17.6662,0.653,4.9317,0,1,0
3256,3256,test,healthy,8.4678,682.152,664.3357,664.3357,17.8164,1.3156,4.9317,0,1,0
3257,3257,test,healthy,8.212,619.3854,620.1269,620.1269,-0.7415,0.7853,4.9317,0,1,0
3258,3258,test,healthy,8.4426,675.7976,672.9657,672.9657,2.8319,0.4847,4.9317,0,1,0
3259,3259,test,healthy,8.0306,577.1858,573.5424,573.5424,3.6434,0.2362,4.9317,0,1,0
3260,3260,test,healthy,8.3376,649.7314,611.7104,611.7104,38.0211,2.1976,4.9317,0,1,0
3261,3261,test,healthy,8.1198,597.7045,563.8902,563.8902,33.8143,3.8886,4.9317,0,1,0
3262,3262,test,healthy,7.9695,563.3868,579.6482,579.6482,-16.2615,2.3607,4.9317,0,1,0
3263,3263,test,healthy,7.9581,560.8322,542.4923,542.4923,18.34,3.0569,4.9317,0,1,0
3264,3264,test,healthy,8.0022,570.7574,559.6648,559.6648,11.0926,3.2873,4.9317,0,1,0
3265,3265,test,healthy,8.5133,693.7228,726.4129,726.4129,-32.6901,0.7033,4.9317,0,1,0
3266,3266,test,healthy,8.4407,675.3095,703.8858,703.8858,-28.5763,0.0,4.9317,0,1,0
3267,3267,test,healthy,8.4657,681.6238,665.8388,665.8388,15.785,0.532,4.9317,0,1,0
3268,3268,test,healthy,8.7315,750.9587,746.2806,746.2806,4.678,0.3501,4.9317,0,1,0
3269,3269,test,healthy,9.4667,965.7824,985.7882,985.7882,-20.0058,0.0,4.9317,0,1,0
3270,3270,test,healthy,9.4003,944.9223,934.0421,934.0421,10.8801,0.2167,4.9317,0,1,0
3271,3271,test,healthy,9.1739,876.0513,871.4655,871.4655,4.5858,0.0289,4.9317,0,1,0
3272,3272,test,healthy,9.1876,880.1207,881.3584,881.3584,-1.2377,0.0,4.9317,0,1,0
3273,3273,test,healthy,8.7273,749.8304,771.2594,771.2594,-21.429,0.0,4.9317,0,1,0
3274,3274,test,healthy,8.5803,710.9864,737.4094,737.4094,-26.423,0.0,4.9317,0,1,0
3275,3275,test,healthy,8.3011,640.811,662.8728,662.8728,-22.0618,0.0,4.9317,0,1,0
3276,3276,test,healthy,8.1142,596.3947,599.3796,599.3796,-2.9849,0.0,4.9317,0,1,0
3277,3277,test,healthy,8.1449,603.5679,603.3066,603.3066,0.2612,0.0,4.9317,0,1,0
3278,3278,test,healthy,7.8871,545.1249,539.0851,539.0851,6.0398,0.0,4.9317,0,1,0
3279,3279,test,healthy,8.0418,579.7366,613.0314,613.0314,-33.2949,0.0,4.9317,0,1,0
3280,3280,test,healthy,8.2855,637.0422,598.0628,598.0628,38.9794,2.023,4.9317,0,1,0
3281,3281,test,healthy,8.3846,661.306,633.951,633.951,27.355,3.2988,4.9317,0,1,0
3282,3282,test,healthy,8.1696,609.3592,621.1115,621.1115,-11.7523,2.0607,4.9317,0,1,0
3283,3283,test,healthy,8.563,706.512,737.3739,737.3739,-30.8619,0.0,4.9317,0,1,0
3284,3284,test,healthy,8.9091,799.6939,802.3763,802.3763,-2.6823,0.0,4.9317,0,1,0
3285,3285,test,healthy,8.5843,712.0255,696.9405,696.9405,15.0851,0.487,4.9317,0,1,0
3286,3286,test,healthy,8.5204,695.5389,719.8686,719.8686,-24.3297,0.0,4.9317,0,1,0
3287,3287,test,healthy,8.6722,735.1021,690.5204,690.5204,44.5817,2.3831,4.9317,0,1,0
3288,3288,test,healthy,8.2478,627.937,599.419,599.419,28.518,3.7337,4.9317,0,1,0
3289,3289,test,healthy,7.8322,533.1585,537.4048,537.4048,-4.2464,2.9781,4.9317,0,1,0
3290,3290,test,healthy,8.2317,624.0787,613.5264,613.5264,10.5523,3.1737,4.9317,0,1,0
3291,3291,test,healthy,8.2155,620.2311,631.4739,631.4739,-11.2428,1.9684,4.9317,0,1,0
3292,3292,test,healthy,7.9169,551.6869,541.7711,541.7711,9.9158,2.1231,4.9317,0,1,0
3293,3293,test,healthy,7.6179,488.0516,465.0082,465.0082,23.0433,3.1218,4.9317,0,1,0
3294,3294,test,healthy,8.0902,590.8526,588.3013,588.3013,2.5513,2.8031,4.9317,0,1,0
3295,3295,test,healthy,8.1965,615.7195,618.1326,618.1326,-2.4131,2.1654,4.9317,0,1,0
3296,3296,test,healthy,8.1422,602.9334,602.0023,602.0023,0.9311,1.7426,4.9317,0,1,0
3297,3297,test,healthy,8.8073,771.5068,778.7364,778.7364,-7.2296,0.7952,4.9317,0,1,0
3298,3298,test,healthy,8.3425,650.937,673.858,673.858,-22.921,0.0,4.9317,0,1,0
3299,3299,test,healthy,8.5044,691.4443,696.6733,696.6733,-5.2291,0.0,4.9317,0,1,0
3300,3300,test,healthy,8.5631,706.5398,693.0834,693.0834,13.4564,0.3824,4.9317,0,1,0
3301,3301,test,healthy,8.6928,740.5968,741.2704,741.2704,-0.6736,0.0,4.9317,0,1,0
3302,3302,test,healthy,8.757,757.8235,763.2285,763.2285,-5.4049,0.0,4.9317,0,1,0
3303,3303,test,healthy,8.5039,691.3214,682.7224,682.7224,8.599,0.0701,4.9317,0,1,0
3304,3304,test,healthy,8.1692,609.2656,569.8429,569.8429,39.4227,2.1216,4.9317,0,1,0
3305,3305,test,healthy,8.0944,591.8235,596.0556,596.0556,-4.2321,1.3669,4.9317,0,1,0
3306,3306,test,healthy,8.3158,644.384,606.3334,606.3334,38.0506,3.3302,4.9317,0,1,0
3307,3307,test,healthy,7.7635,518.4219,533.0621,533.0621,-14.6402,1.9065,4.9317,0,1,0
3308,3308,test,healthy,8.0106,572.6388,563.3858,563.3858,9.253,2.0186,4.9317,0,1,0
3309,3309,test,healthy,7.9009,548.1497,540.8124,540.8124,7.3374,2.0077,4.9317,0,1,0
3310,3310,test,healthy,7.5366,471.5929,465.5912,465.5912,6.0017,1.9108,4.9317,0,1,0
3311,3311,test,healthy,7.4953,463.3481,461.1276,461.1276,2.2204,1.5709,4.9317,0,1,0
3312,3312,test,healthy,7.5628,476.8551,500.3583,500.3583,-23.5032,0.0,4.9317,0,1,0
3313,3313,test,healthy,7.3295,431.2166,410.3341,410.3341,20.8825,0.8597,4.9317,0,1,0
3314,3314,test,healthy,7.0647,382.8387,372.2283,372.2283,10.6104,1.0591,4.9317,0,1,0
3315,3315,test,healthy,7.6563,495.9472,498.9344,498.9344,-2.9871,0.3845,4.9317,0,1,0
3316,3316,test,healthy,7.9344,555.5564,516.286,516.286,39.2704,2.4262,4.9317,0,1,0
3317,3317,test,healthy,8.0137,573.3492,576.4846,576.4846,-3.1354,1.742,4.9317,0,1,0
3318,3318,test,healthy,7.5056,465.3921,442.5546,442.5546,22.8375,2.7274,4.9317,0,1,0
3319,3319,test,healthy,7.7755,520.9767,506.9372,506.9372,14.0395,3.1472,4.9317,0,1,0
3320,3320,test,healthy,7.8676,540.8567,531.489,531.489,9.3677,3.2667,4.9317,0,1,0
3321,3321,test,healthy,7.5791,480.1438,486.9551,486.9551,-6.8113,2.3462,4.9317,0,1,0
3322,3322,test,healthy,7.4491,454.2475,454.2191,454.2191,0.0284,1.8654,4.9317,0,1,0
3323,3323,test,healthy,8.1021,593.5866,582.7481,582.7481,10.8385,2.0795,4.9317,0,1,0
3324,3324,test,healthy,8.5989,715.8197,709.1581,709.1581,6.6616,2.0251,4.9317,0,1,0
3325,3325,test,healthy,8.2114,619.2524,592.8087,592.8087,26.4437,3.2423,4.9317,0,1,0
3326,3326,test,healthy,8.5188,695.1376,707.9488,707.9488,-12.8113,1.9361,4.9317,0,1,0
3327,3327,test,healthy,8.9394,808.1945,813.1604,813.1604,-4.9659,1.1342,4.9317,0,1,0
3328,3328,test,healthy,9.168,874.2841,873.7916,873.7916,0.4925,0.6833,4.9317,0,1,0
3329,3329,test,healthy,9.5966,1007.3979,974.6574,974.6574,32.7405,2.3052,4.9317,0,1,0
3330,3330,test,healthy,9.2183,889.292,881.0195,881.0195,8.2725,2.3543,4.9317,0,1,0
3331,3331,test,healthy,9.5797,1001.9187,989.6427,989.6427,12.276,2.6608,4.9317,0,1,0
3332,3332,test,healthy,9.0298,833.9353,831.4287,831.4287,2.5066,2.3393,4.9317,0,1,0
3333,3333,test,healthy,8.7885,766.3867,768.5199,768.5199,-2.1332,1.7195,4.9317,0,1,0
3334,3334,test,healthy,8.3959,664.1184,632.5852,632.5852,31.5332,3.2639,4.9317,0,1,0
3335,3335,test,healthy,8.5141,693.936,710.0196,710.0196,-16.0836,1.7474,4.9317,0,1,0
3336,3336,test,healthy,8.0784,588.1326,594.8498,594.8498,-6.7172,0.8329,4.9317,0,1,0
3337,3337,test,healthy,8.7496,755.8249,768.8329,768.8329,-13.008,0.0,4.9317,0,1,0
3338,3338,test,healthy,8.6052,717.4621,711.6765,711.6765,5.7856,0.0,4.9317,0,1,0
3339,3339,test,healthy,9.2101,886.8445,927.5243,927.5243,-40.6798,0.0,4.9317,0,1,0
3340,3340,test,healthy,8.5714,708.6769,743.2734,743.2734,-34.5966,0.0,4.9317,0,1,0
3341,3341,test,healthy,8.2693,633.1251,631.9454,631.9454,1.1797,0.0,4.9317,0,1,0
3342,3342,test,healthy,8.1419,602.8652,587.3882,587.3882,15.477,0.5122,4.9317,0,1,0
3343,3343,test,healthy,7.8217,530.884,504.5163,504.5163,26.3677,1.7245,4.9317,0,1,0
3344,3344,test,healthy,7.6875,502.4244,486.9679,486.9679,15.4565,2.2355,4.9317,0,1,0
3345,3345,test,healthy,7.5758,479.4806,484.7871,484.7871,-5.3065,1.4117,4.9317,0,1,0
3346,3346,test,healthy,7.7393,513.3069,533.8148,533.8148,-20.5079,0.0,4.9317,0,1,0
3347,3347,test,healthy,8.0831,589.1985,600.0032,600.0032,-10.8047,0.0,4.9317,0,1,0
3348,3348,test,healthy,7.9568,560.5588,562.0601,562.0601,-1.5013,0.0,4.9317,0,1,0
3349,3349,test,healthy,8.1087,595.1194,588.4976,588.4976,6.6218,0.0,4.9317,0,1,0
3350,3350,test,healthy,8.4899,687.7555,685.8222,685.8222,1.9332,0.0,4.9317,0,1,0
3351,3351,test,healthy,8.6949,741.1537,729.2502,729.2502,11.9034,0.2825,4.9317,0,1,0
3352,3352,test,healthy,8.9331,806.4135,773.6062,773.6062,32.8072,1.9088,4.9317,0,1,0
3353,3353,test,healthy,8.6104,718.8227,719.633,719.633,-0.8103,1.374,4.9317,0,1,0
3354,3354,test,healthy,8.1977,615.9976,590.2939,590.2939,25.7037,2.5437,4.9317,0,1,0
3355,3355,test,healthy,8.2526,629.1083,639.7478,639.7478,-10.6395,1.3771,4.9317,0,1,0
3356,3356,test,healthy,8.6924,740.4844,732.3687,732.3687,8.1157,1.4162,4.9317,0,1,0
3357,3357,test,healthy,8.6726,735.2108,733.1409,733.1409,2.0699,1.0666,4.9317,0,1,0
3358,3358,test,healthy,9.4694,966.6188,937.5581,937.5581,29.0608,2.452,4.9317,0,1,0
3359,3359,test,healthy,9.1638,873.0552,846.2836,846.2836,26.7717,3.6903,4.9317,0,1,0
3360,3360,test,healthy,9.2459,897.5763,885.6157,885.6157,11.9606,3.9765,4.9317,0,1,0
3361,3361,test,healthy,8.6786,736.7999,716.6896,716.6896,20.1103,4.7865,4.9317,0,1,0
3362,3362,test,healthy,8.7615,759.0485,753.4548,753.4548,5.5937,4.6635,4.9317,0,1,0
3363,3363,test,healthy,8.1975,615.9512,618.3847,618.3847,-2.4335,4.0244,4.9317,0,1,0
3364,3364,test,healthy,8.2788,635.4136,637.6547,637.6547,-2.2411,3.3977,4.9317,0,1,0
3365,3365,test,healthy,8.5083,692.4442,690.5386,690.5386,1.9056,3.0375,4.9317,0,1,0
3366,3366,test,healthy,8.5438,701.5517,718.1412,718.1412,-16.5896,1.4885,4.9317,0,1,0
3367,3367,test,healthy,8.3606,655.3782,648.1842,648.1842,7.194,1.4683,4.9317,0,1,0
3368,3368,test,healthy,8.4088,667.3432,647.1635,647.1635,20.1797,2.2828,4.9317,0,1,0
3369,3369,test,healthy,9.0409,837.1415,850.4957,850.4957,-13.3542,0.9418,4.9317,0,1,0
3370,3370,test,healthy,9.3314,923.6021,929.6487,929.6487,-6.0466,0.0704,4.9317,0,1,0
3371,3371,test,healthy,9.4253,952.7519,960.2564,960.2564,-7.5044,0.0,4.9317,0,1,0
3372,3372,test,healthy,9.4496,960.3931,980.0905,980.0905,-19.6974,0.0,4.9317,0,1,0
3373,3373,test,healthy,8.9016,797.5766,805.0899,805.0899,-7.5132,0.0,4.9317,0,1,0
3374,3374,test,healthy,8.6525,729.9052,716.5275,716.5275,13.3777,0.3773,4.9317,0,1,0
3375,3375,test,healthy,8.4252,671.4216,670.7576,670.7576,0.664,0.0,4.9317,0,1,0
3376,3376,test,healthy,8.3933,663.4665,636.8625,636.8625,26.6039,1.2275,4.9317,0,1,0
3377,3377,test,healthy,8.7663,760.3357,781.2387,781.2387,-20.903,0.0,4.9317,0,1,0
3378,3378,test,healthy,8.6409,726.8408,728.2107,728.2107,-1.3699,0.0,4.9317,0,1,0
3379,3379,test,healthy,8.5191,695.2198,734.9019,734.9019,-39.6821,0.0,4.9317,0,1,0
3380,3380,test,healthy,8.1314,600.4171,629.8318,629.8318,-29.4146,0.0,4.9317,0,1,0
3381,3381,test,healthy,8.5502,703.1939,701.0424,701.0424,2.1516,0.0,4.9317,0,1,0
3382,3382,test,healthy,8.2358,625.0745,647.4109,647.4109,-22.3364,0.0,4.9317,0,1,0
3383,3383,test,healthy,8.0677,585.6562,577.6609,577.6609,7.9953,0.0313,4.9317,0,1,0
3384,3384,test,healthy,8.1602,607.1425,604.2969,604.2969,2.8456,0.0,4.9317,0,1,0
3385,3385,test,healthy,8.0627,584.5138,548.8671,548.8671,35.6467,1.8088,4.9317,0,1,0
3386,3386,test,healthy,7.8138,529.1788,516.4763,516.4763,12.7025,2.1427,4.9317,0,1,0
3387,3387,test,healthy,7.5222,468.7013,486.3532,486.3532,-17.6519,0.5253,4.9317,0,1,0
3388,3388,test,healthy,7.1129,391.3729,375.5513,375.5513,15.8216,1.0597,4.9317,0,1,0
3389,3389,test,healthy,6.8049,338.751,350.1543,350.1543,-11.4033,0.0,4.9317,0,1,0
3390,3390,test,healthy,6.8267,342.3337,344.2019,344.2019,-1.8682,0.0,4.9317,0,1,0
3391,3391,test,healthy,7.1135,391.4807,364.875,364.875,26.6056,1.2276,4.9317,0,1,0
3392,3392,test,healthy,7.3741,439.713,423.6389,423.6389,16.0741,1.7782,4.9317,0,1,0
3393,3393,test,healthy,7.431,450.7254,456.8349,456.8349,-6.1095,0.9029,4.9317,0,1,0
3394,3394,test,healthy,7.2319,412.9659,414.3272,414.3272,-1.3613,0.3327,4.9317,0,1,0
3395,3395,test,healthy,7.4775,459.8263,443.6246,443.6246,16.2017,0.8915,4.9317,0,1,0
3396,3396,test,healthy,8.1282,599.65,587.5039,587.5039,12.1461,1.1897,4.9317,0,1,0
3397,3397,test,healthy,7.9736,564.3234,562.9423,562.9423,1.3811,0.7958,4.9317,0,1,0
3398,3398,test,healthy,7.7101,507.1525,471.853,471.853,35.2995,2.5823,4.9317,0,1,0
3399,3399,test,healthy,8.0228,575.4065,573.4971,573.4971,1.9094,2.2223,4.9317,0,1,0
3400,3400,test,healthy,7.7538,516.3711,534.9425,534.9425,-18.5714,0.5459,4.9317,0,1,0
3401,3401,test,healthy,7.9437,557.6398,549.0365,549.0365,8.6033,0.6163,4.9317,0,1,0
3402,3402,test,healthy,8.2685,632.921,636.6827,636.6827,-3.7617,0.0,4.9317,0,1,0
3403,3403,test,healthy,8.179,611.5752,565.62,565.62,45.9552,2.4714,4.9317,0,1,0
3404,3404,test,healthy,7.919,552.148,558.7288,558.7288,-6.5808,1.5658,4.9317,0,1,0
3405,3405,test,healthy,8.1992,616.3482,652.4496,652.4496,-36.1014,0.0,4.9317,0,1,0
3406,3406,test,healthy,8.328,647.3817,655.9687,655.9687,-8.587,0.0,4.9317,0,1,0
3407,3407,test,healthy,7.966,562.6045,532.7757,532.7757,29.8288,1.4348,4.9317,0,1,0
3408,3408,test,healthy,7.8621,539.6605,533.1035,533.1035,6.5571,1.3736,4.9317,0,1,0
3409,3409,test,healthy,7.9591,561.0647,551.4402,551.4402,9.6245,1.5097,4.9317,0,1,0
3410,3410,test,healthy,7.5813,480.5904,485.1379,485.1379,-4.5475,0.7347,4.9317,0,1,0
3411,3411,test,healthy,7.5441,473.0922,469.3591,469.3591,3.7332,0.492,4.9317,0,1,0
3412,3412,test,healthy,8.0519,582.0508,545.6801,545.6801,36.3707,2.3474,4.9317,0,1,0
3413,3413,test,healthy,7.5866,481.6763,448.4237,448.4237,33.2526,4.0022,4.9317,0,1,0
3414,3414,test,healthy,7.373,439.5148,441.4923,441.4923,-1.9775,3.3925,4.9317,0,1,0
3415,3415,test,healthy,7.6187,488.2031,494.6985,494.6985,-6.4954,2.4923,4.9317,0,1,0
3416,3416,test,healthy,7.8311,532.928,523.115,523.115,9.8129,2.6405,4.9317,0,1,0
3417,3417,test,healthy,7.9033,548.6951,551.0216,551.0216,-2.3265,2.0083,4.9317,0,1,0
3418,3418,test,healthy,7.4512,454.6744,450.2568,450.2568,4.4176,1.8096,4.9317,0,1,0
3419,3419,test,healthy,7.2133,409.545,427.0199,427.0199,-17.475,0.2036,4.9317,0,1,0
3420,3420,test,healthy,7.5731,478.9377,473.6235,473.6235,5.3142,0.0626,4.9317,0,1,0
3421,3421,test,healthy,7.2536,416.9764,391.9155,391.9155,25.0609,1.1909,4.9317,0,1,0
3422,3422,test,healthy,6.9644,365.4194,386.1443,386.1443,-20.7249,0.0,4.9317,0,1,0
3423,3423,test,healthy,7.2724,420.4871,434.778,434.778,-14.291,0.0,4.9317,0,1,0
3424,3424,test,healthy,7.4556,455.5239,440.6118,440.6118,14.9121,0.4759,4.9317,0,1,0
3425,3425,test,healthy,7.7965,525.4626,521.9104,521.9104,3.5522,0.2216,4.9317,0,1,0
3426,3426,test,healthy,7.6143,487.3108,480.0319,480.0319,7.2789,0.2069,4.9317,0,1,0
3427,3427,test,healthy,7.9862,567.1385,564.4092,564.4092,2.7293,0.0,4.9317,0,1,0
3428,3428,test,healthy,7.6041,485.2365,510.3651,510.3651,-25.1286,0.0,4.9317,0,1,0
3429,3429,test,healthy,7.7675,519.2744,526.9743,526.9743,-7.6999,0.0,4.9317,0,1,0
3430,3430,test,healthy,7.7656,518.8638,509.1543,509.1543,9.7095,0.1415,4.9317,0,1,0
3431,3431,test,healthy,7.9008,548.1448,548.0973,548.0973,0.0475,0.0,4.9317,0,1,0
3432,3432,test,healthy,7.6476,494.1491,470.4674,470.4674,23.6817,1.0396,4.9317,0,1,0
3433,3433,test,healthy,7.1682,401.3156,379.5955,379.5955,21.7201,1.9532,4.9317,0,1,0
3434,3434,test,healthy,7.3243,430.2423,404.019,404.019,26.2233,3.1562,4.9317,0,1,0
3435,3435,test,healthy,7.0654,382.9607,385.9589,385.9589,-2.9982,2.4808,4.9317,0,1,0
3436,3436,test,healthy,6.646,313.4073,307.1531,307.1531,6.2542,2.4002,4.9317,0,1,0
3437,3437,test,healthy,6.2758,258.8771,276.3776,276.3776,-17.5005,0.7926,4.9317,0,1,0
3438,3438,test,healthy,6.7363,327.6573,362.6564,362.6564,-34.9991,0.0,4.9317,0,1,0
3439,3439,test,healthy,6.3813,273.7787,262.2147,262.2147,11.564,0.2607,4.9317,0,1,0
3440,3440,test,healthy,6.3517,269.5476,252.5106,252.5106,17.037,0.8732,4.9317,0,1,0
3441,3441,test,healthy,6.9666,365.7979,365.8794,365.8794,-0.0815,0.3853,4.9317,0,1,0
3442,3442,test,healthy,7.2643,418.9715,456.9264,456.9264,-37.9549,0.0,4.9317,0,1,0
3443,3443,test,healthy,7.3823,441.2966,441.7523,441.7523,-0.4557,0.0,4.9317,0,1,0
3444,3444,test,healthy,8.7045,743.7023,746.1108,746.1108,-2.4085,0.0,4.9317,0,1,0
3445,3445,test,healthy,8.4575,679.5587,647.2946,647.2946,32.2641,1.5913,4.9317,0,1,0
3446,3446,test,healthy,8.6916,740.2801,713.2845,713.2845,26.9957,2.844,4.9317,0,1,0
3447,3447,test,healthy,8.7444,754.426,747.9622,747.9622,6.4638,2.7769,4.9317,0,1,0
3448,3448,test,healthy,9.0366,835.902,821.0125,821.0125,14.8895,3.2513,4.9317,0,1,0
3449,3449,test,healthy,8.7788,763.7364,744.9599,744.9599,18.7765,3.9757,4.9317,0,1,0
3450,3450,test,healthy,8.7178,747.2823,749.2751,749.2751,-1.9929,3.3649,4.9317,0,1,0
3451,3451,test,healthy,8.4762,684.276,683.8923,683.8923,0.3836,2.9069,4.9317,0,1,0
3452,3452,test,healthy,8.5835,711.8316,679.7339,679.7339,32.0976,4.4876,4.9317,0,1,0
3453,3453,test,healthy,8.5471,702.4095,725.7896,725.7896,-23.3801,2.502,4.9317,0,1,0
3454,3454,test,healthy,8.2299,623.6476,624.4317,624.4317,-0.7842,1.969,4.9317,0,1,0
3455,3455,test,healthy,8.2398,626.0166,635.6136,635.6136,-9.597,0.8694,4.9317,0,1,0
3456,3456,test,healthy,8.1438,603.3019,596.1822,596.1822,7.1197,0.8445,4.9317,0,1,0
3457,3457,test,healthy,8.0422,579.8376,587.7498,587.7498,-7.9122,0.0,4.9317,0,1,0
3458,3458,test,healthy,8.4034,665.9943,644.5183,644.5183,21.476,0.8979,4.9317,0,1,0
3459,3459,test,healthy,8.3671,656.9879,644.7367,644.7367,12.2512,1.2027,4.9317,0,1,0
3460,3460,test,healthy,8.3068,642.1967,645.9881,645.9881,-3.7915,0.4764,4.9317,0,1,0
3461,3461,test,healthy,8.1591,606.8995,599.7855,599.7855,7.114,0.451,4.9317,0,1,0
3462,3462,test,healthy,8.1534,605.5582,580.236,580.236,25.3222,1.5961,4.9317,0,1,0
3463,3463,test,healthy,8.2327,624.3304,601.7906,601.7906,22.5397,2.5624,4.9317,0,1,0
3464,3464,test,healthy,7.9803,565.8215,574.4698,574.4698,-8.6482,1.5238,4.9317,0,1,0
3465,3465,test,healthy,7.4937,463.0447,468.32,468.32,-5.2753,0.7021,4.9317,0,1,0
3466,3466,test,healthy,7.6825,501.3868,473.437,473.437,27.9498,2.0161,4.9317,0,1,0
3467,3467,test,healthy,8.2798,635.6474,629.2986,629.2986,6.3487,1.9415,4.9317,0,1,0
3468,3468,test,healthy,8.1816,612.1774,609.9558,609.9558,2.2216,1.6017,4.9317,0,1,0
3469,3469,test,healthy,8.2255,622.6136,623.5273,623.5273,-0.9136,1.0603,4.9317,0,1,0
3470,3470,test,healthy,7.7936,524.8573,516.9982,516.9982,7.8591,1.0829,4.9317,0,1,0
3471,3471,test,healthy,7.5585,475.9818,484.816,484.816,-8.8342,0.0324,4.9317,0,1,0
3472,3472,test,healthy,7.2478,415.9058,408.819,408.819,7.0868,0.0053,4.9317,0,1,0
3473,3473,test,healthy,7.6309,490.7145,509.0959,509.0959,-18.3814,0.0,4.9317,0,1,0
3474,3474,test,healthy,7.3362,432.4942,433.062,433.062,-0.5678,0.0,4.9317,0,1,0
3475,3475,test,healthy,8.3045,641.6507,636.5442,636.5442,5.1065,0.0,4.9317,0,1,0
3476,3476,test,healthy,8.2516,628.8533,622.5921,622.5921,6.2612,0.0,4.9317,0,1,0
3477,3477,test,healthy,8.9515,811.6084,810.3953,810.3953,1.2131,0.0,4.9317,0,1,0
3478,3478,test,healthy,9.1042,855.5201,862.1178,862.1178,-6.5977,0.0,4.9317,0,1,0
3479,3479,test,healthy,9.7244,1049.4604,1063.9202,1063.9202,-14.4597,0.0,4.9317,0,1,0
3480,3480,test,healthy,9.372,936.1254,941.4236,941.4236,-5.2982,0.0,4.9317,0,1,0
3481,3481,test,healthy,8.8145,773.4863,765.113,765.113,8.3733,0.0556,4.9317,0,1,0
3482,3482,test,healthy,8.9031,798.0152,790.5939,790.5939,7.4213,0.05,4.9317,0,1,0
3483,3483,test,healthy,8.76,758.639,763.1382,763.1382,-4.4992,0.0,4.9317,0,1,0
3484,3484,test,healthy,9.3641,933.684,944.0218,944.0218,-10.3378,0.0,4.9317,0,1,0
3485,3485,test,healthy,9.3378,925.5678,925.446,925.446,0.1218,0.0,4.9317,0,1,0
3486,3486,test,healthy,8.9673,816.09,843.2497,843.2497,-27.1597,0.0,4.9317,0,1,0
3487,3487,test,healthy,9.0906,851.5563,863.6997,863.6997,-12.1434,0.0,4.9317,0,1,0
3488,3488,test,healthy,9.5624,996.32,1013.8734,1013.8734,-17.5535,0.0,4.9317,0,1,0
3489,3489,test,healthy,9.8781,1101.5428,1093.306,1093.306,8.2368,0.0468,4.9317,0,1,0
3490,3490,test,healthy,9.2746,906.2664,924.8398,924.8398,-18.5734,0.0,4.9317,0,1,0
3491,3491,test,healthy,9.3118,917.5914,908.8946,908.8946,8.6967,0.0764,4.9317,0,1,0
3492,3492,test,healthy,9.407,947.0357,931.6953,931.6953,15.3404,0.5799,4.9317,0,1,0
3493,3493,test,healthy,9.5026,977.1545,935.2066,935.2066,41.9479,2.7937,4.9317,0,1,0
3494,3494,test,healthy,9.4776,969.218,992.0807,992.0807,-22.8627,0.8414,4.9317,0,1,0
3495,3495,test,healthy,9.1875,880.1019,865.3781,865.3781,14.7238,1.3052,4.9317,0,1,0
3496,3496,test,healthy,9.843,1089.5119,1113.1924,1113.1924,-23.6805,0.0,4.9317,0,1,0
3497,3497,test,healthy,10.0825,1173.3768,1204.9773,1204.9773,-31.6006,0.0,4.9317,0,1,0
3498,3498,test,healthy,9.7244,1049.4611,1062.2614,1062.2614,-12.8004,0.0,4.9317,0,1,0
3499,3499,test,healthy,9.6406,1021.7736,1047.5268,1047.5268,-25.7533,0.0,4.9317,0,1,0
3500,3500,test,healthy,9.2549,900.3083,905.7302,905.7302,-5.4219,0.0,4.9317,0,1,0
3501,3501,test,healthy,9.0304,834.116,852.493,852.493,-18.377,0.0,4.9317,0,1,0
3502,3502,test,healthy,8.9475,810.483,828.469,828.469,-17.9861,0.0,4.9317,0,1,0
3503,3503,test,healthy,8.6917,740.3019,756.2681,756.2681,-15.9663,0.0,4.9317,0,1,0
3504,3504,test,healthy,8.3674,657.0589,675.934,675.934,-18.8751,0.0,4.9317,0,1,0
3505,3505,test,healthy,8.8574,785.2885,823.1356,823.1356,-37.8471,0.0,4.9317,0,1,0
3506,3506,test,healthy,8.4846,686.4124,709.1159,709.1159,-22.7035,0.0,4.9317,0,1,0
3507,3507,test,healthy,8.1103,595.4886,622.2643,622.2643,-26.7757,0.0,4.9317,0,1,0
3508,3508,test,healthy,7.9006,548.0983,522.8292,522.8292,25.2691,1.1417,4.9317,0,1,0
3509,3509,test,healthy,8.0084,572.1584,569.8566,569.8566,2.3017,0.807,4.9317,0,1,0
3510,3510,test,healthy,7.8069,527.6976,535.4616,535.4616,-7.764,0.0,4.9317,0,1,0
3511,3511,test,healthy,7.8388,534.6011,568.7088,568.7088,-34.1078,0.0,4.9317,0,1,0
3512,3512,test,healthy,8.1389,602.1556,577.5269,577.5269,24.6287,1.1005,4.9317,0,1,0
3513,3513,test,healthy,8.2321,624.178,620.3022,620.3022,3.8758,0.867,4.9317,0,1,0
3514,3514,test,healthy,8.514,693.9069,688.1561,688.1561,5.7508,0.7541,4.9317,0,1,0
3515,3515,test,healthy,9.1774,877.0829,901.0719,901.0719,-23.9891,0.0,4.9317,0,1,0
3516,3516,test,healthy,9.6427,1022.4506,1025.9655,1025.9655,-3.5149,0.0,4.9317,0,1,0
3517,3517,test,healthy,9.5837,1003.2244,1002.5252,1002.5252,0.6992,0.0,4.9317,0,1,0
3518,3518,test,healthy,9.4684,966.299,954.8788,954.8788,11.4202,0.2515,4.9317,0,1,0
3519,3519,test,healthy,9.3243,921.4196,916.5712,916.5712,4.8484,0.0805,4.9317,0,1,0
3520,3520,test,healthy,9.5862,1004.0192,1014.8144,1014.8144,-10.7952,0.0,4.9317,0,1,0
3521,3521,test,healthy,9.3626,933.2283,923.725,923.725,9.5033,0.1282,4.9317,0,1,0
3522,3522,test,healthy,8.8256,776.533,757.0716,757.0716,19.4614,0.8966,4.9317,0,1,0
3523,3523,test,healthy,8.9524,811.8612,804.0609,804.0609,7.8003,0.9154,4.9317,0,1,0
3524,3524,test,healthy,8.7994,769.3375,801.6049,801.6049,-32.2674,0.0,4.9317,0,1,0
3525,3525,test,healthy,8.2748,634.4413,601.2436,601.2436,33.1977,1.6513,4.9317,0,1,0
3526,3526,test,healthy,8.5018,690.7871,713.7716,713.7716,-22.9845,0.0,4.9317,0,1,0
3527,3527,test,healthy,8.4611,680.4581,694.3118,694.3118,-13.8536,0.0,4.9317,0,1,0
3528,3528,test,healthy,9.3245,921.4795,933.1769,933.1769,-11.6974,0.0,4.9317,0,1,0
3529,3529,test,healthy,9.2038,884.9424,865.144,865.144,19.7984,0.79,4.9317,0,1,0
3530,3530,test,healthy,8.6966,741.6048,792.6379,792.6379,-51.0331,0.0,4.9317,0,1,0
3531,3531,test,healthy,8.2541,629.4628,634.4589,634.4589,-4.9962,0.0,4.9317,0,1,0
3532,3532,test,healthy,8.3339,648.825,640.4505,640.4505,8.3745,0.0557,4.9317,0,1,0
3533,3533,test,healthy,7.9868,567.2715,574.4629,574.4629,-7.1915,0.0,4.9317,0,1,0
3534,3534,test,healthy,7.4095,446.5531,453.2983,453.2983,-6.7452,0.0,4.9317,0,1,0
3535,3535,test,healthy,7.2103,408.9947,390.7769,390.7769,18.2178,0.6884,4.9317,0,1,0
3536,3536,test,healthy,7.5051,465.3,484.274,484.274,-18.974,0.0,4.9317,0,1,0
3537,3537,test,healthy,7.451,454.624,422.6893,422.6893,31.9346,1.5702,4.9317,0,1,0
3538,3538,test,healthy,7.5685,477.993,497.5876,497.5876,-19.5946,0.0,4.9317,0,1,0
3539,3539,test,healthy,8.1442,603.3868,619.9611,619.9611,-16.5742,0.0,4.9317,0,1,0
3540,3540,test,healthy,7.7084,506.7921,497.43,497.43,9.3621,0.1192,4.9317,0,1,0
3541,3541,test,healthy,7.3311,431.5268,417.2208,417.2208,14.306,0.5561,4.9317,0,1,0
3542,3542,test,healthy,7.3507,435.242,418.5293,418.5293,16.7127,1.1478,4.9317,0,1,0
3543,3543,test,healthy,6.8245,341.9684,347.7047,347.7047,-5.7363,0.2964,4.9317,0,1,0
3544,3544,test,healthy,7.3766,440.2026,459.3995,459.3995,-19.197,0.0,4.9317,0,1,0
3545,3545,test,healthy,7.3683,438.6033,430.2328,430.2328,8.3705,0.0554,4.9317,0,1,0
3546,3546,test,healthy,7.7587,517.3969,523.0791,523.0791,-5.6822,0.0,4.9317,0,1,0
3547,3547,test,healthy,7.3982,444.3559,461.8276,461.8276,-17.4717,0.0,4.9317,0,1,0
3548,3548,test,healthy,7.763,518.3182,505.5894,505.5894,12.7289,0.3356,4.9317,0,1,0
3549,3549,test,healthy,7.7191,509.0427,497.7823,497.7823,11.2604,0.5768,4.9317,0,1,0
3550,3550,test,healthy,7.5195,468.1608,477.9521,477.9521,-9.7914,0.0,4.9317,0,1,0
3551,3551,test,healthy,7.3513,435.3641,422.8844,422.8844,12.4797,0.3196,4.9317,0,1,0
3552,3552,test,healthy,6.8827,351.6127,336.6666,336.6666,14.9461,0.7977,4.9317,0,1,0
3553,3553,test,healthy,6.6595,315.5051,320.6514,320.6514,-5.1462,0.0,4.9317,0,1,0
3554,3554,test,healthy,6.8204,341.2939,352.4822,352.4822,-11.1884,0.0,4.9317,0,1,0
3555,3555,test,healthy,6.4564,284.703,259.9532,259.9532,24.7498,1.1083,4.9317,0,1,0
3556,3556,test,healthy,6.318,264.7761,253.285,253.285,11.4911,1.3643,4.9317,0,1,0
3557,3557,test,healthy,6.8441,345.1935,289.7535,289.7535,55.44,4.4454,4.9317,0,1,0
3558,3558,test,healthy,7.1448,397.0961,400.9869,400.9869,-3.8909,3.7127,4.9317,0,1,0
3559,3559,test,healthy,7.3412,433.4416,434.367,434.367,-0.9254,3.1706,4.9317,0,1,0
3560,3560,test,healthy,7.0234,375.5969,337.9138,337.9138,37.6831,5.1102,4.9317,1,1,0
3561,3561,test,healthy,7.4476,453.968,429.2729,429.2729,24.6951,6.215,4.9317,1,1,0
3562,3562,test,healthy,7.2183,410.4636,401.6808,401.6808,8.7828,6.297,4.9317,1,1,0
3563,3563,test,healthy,7.6057,485.5588,477.0306,477.0306,8.5281,6.3625,4.9317,1,1,0
3564,3564,test,healthy,7.1409,396.3946,396.5075,396.5075,-0.1129,5.8726,4.9317,1,1,0
3565,3565,test,healthy,6.6228,309.7961,256.1468,256.1468,53.6493,8.8386,4.9317,1,1,0
3566,3566,test,healthy,6.3408,267.9971,281.4608,281.4608,-13.4637,7.4905,4.9317,1,1,0
3567,3567,test,healthy,6.5061,292.0651,281.9863,281.9863,10.0788,7.6558,4.9317,1,1,0
3568,3568,test,healthy,6.5353,296.4397,283.5997,283.5997,12.8399,7.9985,4.9317,1,1,0
3569,3569,test,healthy,6.5746,302.3907,299.0088,299.0088,3.3819,7.7332,4.9317,1,1,0
3570,3570,test,healthy,6.9125,356.6084,359.7969,359.7969,-3.1885,7.0456,4.9317,1,1,0
3571,3571,test,healthy,7.0851,386.4303,405.8339,405.8339,-19.4036,5.3157,4.9317,1,1,0
3572,3572,test,healthy,7.5119,466.6603,455.83,455.83,10.8303,5.5292,4.9317,1,1,0
3573,3573,test,healthy,7.5135,466.9691,469.3767,469.3767,-2.4076,4.8918,4.9317,0,1,0
3574,3574,test,healthy,7.5488,474.0241,465.9891,465.9891,8.035,4.9257,4.9317,0,1,0
3575,3575,test,healthy,7.9492,558.8586,534.45,534.45,24.4086,6.0121,4.9317,1,1,0
3576,3576,test,healthy,8.3716,658.1032,649.0071,649.0071,9.0961,6.1141,4.9317,1,1,0
3577,3577,test,healthy,7.9807,565.9102,579.4149,579.4149,-13.5047,4.7634,4.9317,0,1,0
3578,3578,test,healthy,7.5783,479.9941,470.5856,470.5856,9.4086,4.8855,4.9317,0,1,0
3579,3579,test,healthy,7.3008,425.806,417.448,417.448,8.358,4.9402,4.9317,1,1,0
3580,3580,test,healthy,7.2789,421.6923,455.0565,455.0565,-33.3642,2.3128,4.9317,0,1,0
3581,3581,test,healthy,7.4884,461.9779,449.0475,449.0475,12.9303,2.6614,4.9317,0,1,0
3582,3582,test,healthy,7.686,502.1106,507.0139,507.0139,-4.9033,1.8635,4.9317,0,1,0
3583,3583,test,healthy,8.2599,630.8447,613.649,613.649,17.1957,2.4863,4.9317,0,1,0
3584,3584,test,healthy,8.1053,594.3458,625.1671,625.1671,-30.8212,0.0224,4.9317,0,1,0
3585,3585,test,healthy,7.9814,566.0589,544.1522,544.1522,21.9067,0.9479,4.9317,0,1,0
3586,3586,test,healthy,8.0762,587.6086,612.5114,612.5114,-24.9029,0.0,4.9317,0,1,0
3587,3587,test,healthy,7.7884,523.74,500.5455,500.5455,23.1945,1.0083,4.9317,0,1,0
3588,3588,test,healthy,7.538,471.871,472.0735,472.0735,-0.2025,0.5127,4.9317,0,1,0
3589,3589,test,healthy,7.3738,439.6665,462.1977,462.1977,-22.5312,0.0,4.9317,0,1,0
3590,3590,test,healthy,7.8883,545.377,552.1291,552.1291,-6.752,0.0,4.9317,0,1,0
3591,3591,test,healthy,8.0085,572.1756,620.4077,620.4077,-48.2321,0.0,4.9317,0,1,0
3592,3592,test,healthy,7.6609,496.8979,477.1146,477.1146,19.7834,0.7891,4.9317,0,1,0
3593,3593,test,healthy,7.5861,481.5643,498.294,498.294,-16.7297,0.0,4.9317,0,1,0
3594,3594,test,healthy,7.5372,471.6973,449.6992,449.6992,21.9981,0.9314,4.9317,0,1,0
3595,3595,test,healthy,7.4353,451.5678,451.9992,451.9992,-0.4314,0.4211,4.9317,0,1,0
3596,3596,test,healthy,7.2935,424.4258,417.3521,417.3521,7.0737,0.3931,4.9317,0,1,0
3597,3597,test,healthy,6.9832,368.6495,378.0145,378.0145,-9.365,0.0,4.9317,0,1,0
3598,3598,test,healthy,6.6318,311.2007,320.2876,320.2876,-9.0869,0.0,4.9317,0,1,0
3599,3599,test,healthy,7.0769,384.9926,377.6076,377.6076,7.385,0.0,4.9317,0,1,0
3600,3600,test,healthy,7.2027,407.605,410.4891,410.4891,-2.8841,0.0,4.9317,0,1,0
3601,3601,test,healthy,7.0673,383.2925,388.5043,388.5043,-5.2117,0.0,4.9317,0,1,0
3602,3602,test,healthy,7.3972,444.1681,433.5791,433.5791,10.589,0.198,4.9317,0,1,0
3603,3603,test,healthy,7.6965,504.3043,483.2188,483.2188,21.0855,1.0708,4.9317,0,1,0
3604,3604,test,healthy,7.1785,403.2002,386.5305,386.5305,16.6697,1.6597,4.9317,0,1,0
3605,3605,test,healthy,7.357,436.4457,443.3968,443.3968,-6.9511,0.7302,4.9317,0,1,0
3606,3606,test,healthy,7.6837,501.6428,515.3883,515.3883,-13.7455,0.0,4.9317,0,1,0
3607,3607,test,healthy,8.479,684.9858,668.4849,668.4849,16.5009,0.5781,4.9317,0,1,0
3608,3608,test,healthy,8.4914,688.1444,674.9809,674.9809,13.1635,0.9416,4.9317,0,1,0
3609,3609,test,healthy,9.4273,953.3666,947.1902,947.1902,6.1765,0.856,4.9317,0,1,0
3610,3610,test,healthy,9.2484,898.351,920.7428,920.7428,-22.3919,0.0,4.9317,0,1,0
3611,3611,test,healthy,9.04,836.8793,856.9821,856.9821,-20.1028,0.0,4.9317,0,1,0
3612,3612,test,healthy,8.8064,771.2718,752.112,752.112,19.1598,0.749,4.9317,0,1,0
3613,3613,test,healthy,8.5961,715.1042,734.4289,734.4289,-19.3247,0.0,4.9317,0,1,0
3614,3614,test,healthy,8.5898,713.4538,714.8752,714.8752,-1.4214,0.0,4.9317,0,1,0
3615,3615,test,healthy,9.1835,878.9139,877.3273,877.3273,1.5866,0.0,4.9317,0,1,0
3616,3616,test,healthy,9.0693,845.3392,824.0141,824.0141,21.325,0.8882,4.9317,0,1,0
3617,3617,test,healthy,8.9691,816.6121,808.1458,808.1458,8.4663,0.9497,4.9317,0,1,0
3618,3618,test,healthy,8.5848,712.1467,714.5902,714.5902,-2.4435,0.31,4.9317,0,1,0
3619,3619,test,healthy,8.3146,644.0945,662.7917,662.7917,-18.6972,0.0,4.9317,0,1,0
3620,3620,test,healthy,8.4588,679.8901,687.2448,687.2448,-7.3547,0.0,4.9317,0,1,0
3621,3621,test,healthy,8.8649,787.3833,799.4888,799.4888,-12.1055,0.0,4.9317,0,1,0
3622,3622,test,healthy,8.3033,641.355,618.6249,618.6249,22.7302,0.9785,4.9317,0,1,0
3623,3623,test,healthy,7.7726,520.365,529.3581,529.3581,-8.9931,0.0,4.9317,0,1,0
3624,3624,test,healthy,8.499,690.0805,722.3499,722.3499,-32.2694,0.0,4.9317,0,1,0
3625,3625,test,healthy,8.9354,807.0838,818.5344,818.5344,-11.4506,0.0,4.9317,0,1,0
3626,3626,test,healthy,8.9397,808.2924,778.8628,778.8628,29.4296,1.4091,4.9317,0,1,0
3627,3627,test,healthy,9.2236,890.8802,871.5656,871.5656,19.3145,2.1681,4.9317,0,1,0
3628,3628,test,healthy,9.2563,900.7433,895.1755,895.1755,5.5678,2.0433,4.9317,0,1,0
3629,3629,test,healthy,9.6546,1026.3737,1055.8133,1055.8133,-29.4396,0.0,4.9317,0,1,0
3630,3630,test,healthy,9.9972,1143.0295,1113.0645,1113.0645,29.965,1.4435,4.9317,0,1,0
3631,3631,test,healthy,10.4728,1318.803,1317.6332,1317.6332,1.1698,1.0361,4.9317,0,1,0
3632,3632,test,healthy,10.1898,1212.2704,1217.4158,1217.4158,-5.1454,0.2227,4.9317,0,1,0
3633,3633,test,healthy,9.7594,1061.1862,1049.0924,1049.0924,12.0938,0.5175,4.9317,0,1,0
3634,3634,test,healthy,9.0433,837.8216,834.3639,834.3639,3.4577,0.2571,4.9317,0,1,0
3635,3635,test,healthy,8.7913,767.1485,749.6844,749.6844,17.4641,0.8971,4.9317,0,1,0
3636,3636,test,healthy,8.6071,717.9562,693.3107,693.3107,24.6455,1.9987,4.9317,0,1,0
3637,3637,test,healthy,8.5276,697.3839,678.5163,678.5163,18.8676,2.7289,4.9317,0,1,0
3638,3638,test,healthy,8.0553,582.8307,588.2495,588.2495,-5.4187,1.8979,4.9317,0,1,0
3639,3639,test,healthy,7.7374,512.9001,536.6147,536.6147,-23.7146,0.0,4.9317,0,1,0
3640,3640,test,healthy,7.5224,468.7423,446.0123,446.0123,22.7301,0.9785,4.9317,0,1,0
3641,3641,test,healthy,7.4608,456.5569,483.2391,483.2391,-26.6823,0.0,4.9317,0,1,0
3642,3642,test,healthy,7.4982,463.9232,451.6038,451.6038,12.3194,0.3093,4.9317,0,1,0
3643,3643,test,healthy,7.7236,509.9955,531.0943,531.0943,-21.0988,0.0,4.9317,0,1,0
3644,3644,test,healthy,7.879,543.3521,503.4779,503.4779,39.8743,2.0805,4.9317,0,1,0
3645,3645,test,healthy,7.8484,536.6672,518.0942,518.0942,18.573,2.7918,4.9317,0,1,0
3646,3646,test,healthy,7.2496,416.2396,411.6043,411.6043,4.6353,2.6071,4.9317,0,1,0
3647,3647,test,healthy,7.2638,418.8837,393.2048,393.2048,25.6789,3.7751,4.9317,0,1,0
3648,3648,test,healthy,6.9914,370.0601,382.794,382.794,-12.7339,2.4739,4.9317,0,1,0
3649,3649,test,healthy,6.7953,337.186,341.684,341.684,-4.498,1.7022,4.9317,0,1,0
3650,3650,test,healthy,6.6864,319.7405,334.9779,334.9779,-15.2374,0.24,4.9317,0,1,0
3651,3651,test,healthy,6.7202,325.0919,309.8426,309.8426,15.2492,0.7376,4.9317,0,1,0
3652,3652,test,healthy,6.9228,358.3532,367.5873,367.5873,-9.2341,0.0,4.9317,0,1,0
3653,3653,test,healthy,7.4336,451.2221,471.1021,471.1021,-19.88,0.0,4.9317,0,1,0
3654,3654,test,healthy,7.889,545.5507,518.0318,518.0318,27.5189,1.2863,4.9317,0,1,0
3655,3655,test,healthy,8.1821,612.299,575.5584,575.5584,36.7407,3.1654,4.9317,0,1,0
3656,3656,test,healthy,8.2926,638.7468,668.4134,668.4134,-29.6666,0.7758,4.9317,0,1,0
3657,3657,test,healthy,8.5425,701.2157,723.482,723.482,-22.2664,0.0,4.9317,0,1,0
3658,3658,test,healthy,9.0821,849.0721,875.4077,875.4077,-26.3356,0.0,4.9317,0,1,0
3659,3659,test,healthy,8.6529,730.0073,724.5332,724.5332,5.4741,0.0,4.9317,0,1,0
3660,3660,test,healthy,8.5153,694.2383,720.5707,720.5707,-26.3324,0.0,4.9317,0,1,0
3661,3661,test,healthy,8.6661,733.4849,745.6906,745.6906,-12.2056,0.0,4.9317,0,1,0
3662,3662,test,healthy,8.9028,797.9123,801.5537,801.5537,-3.6414,0.0,4.9317,0,1,0
3663,3663,test,healthy,8.5958,715.0138,740.5308,740.5308,-25.5171,0.0,4.9317,0,1,0
3664,3664,test,healthy,8.321,645.6745,632.3263,632.3263,13.3482,0.3754,4.9317,0,1,0
3665,3665,test,healthy,8.1785,611.4564,612.5967,612.5967,-1.1403,0.0,4.9317,0,1,0
3666,3666,test,healthy,8.5532,703.9783,738.5806,738.5806,-34.6023,0.0,4.9317,0,1,0
3667,3667,test,healthy,8.093,591.4976,609.2905,609.2905,-17.7929,0.0,4.9317,0,1,0
3668,3668,test,healthy,7.7422,513.9013,519.4841,519.4841,-5.5827,0.0,4.9317,0,1,0
3669,3669,test,healthy,7.9853,566.9348,583.6925,583.6925,-16.7578,0.0,4.9317,0,1,0
3670,3670,test,healthy,7.68,500.8702,507.789,507.789,-6.9188,0.0,4.9317,0,1,0
3671,3671,test,healthy,7.448,454.0423,456.8391,456.8391,-2.7968,0.0,4.9317,0,1,0
3672,3672,test,healthy,7.7005,505.1442,501.4435,501.4435,3.7007,0.0,4.9317,0,1,0
3673,3673,test,healthy,7.5737,479.0517,506.6039,506.6039,-27.5522,0.0,4.9317,0,1,0
3674,3674,test,healthy,7.4107,446.7765,458.2786,458.2786,-11.5021,0.0,4.9317,0,1,0
3675,3675,test,healthy,7.3426,433.7153,428.3599,428.3599,5.3554,0.0,4.9317,0,1,0
3676,3676,test,healthy,7.6173,487.9278,475.9314,475.9314,11.9964,0.2885,4.9317,0,1,0
3677,3677,test,healthy,7.6184,488.1405,502.4068,502.4068,-14.2663,0.0,4.9317,0,1,0
3678,3678,test,healthy,7.4815,460.6148,444.4167,444.4167,16.1981,0.5586,4.9317,0,1,0
3679,3679,test,healthy,7.4792,460.1717,449.7238,449.7238,10.4479,0.7476,4.9317,0,1,0
3680,3680,test,healthy,7.7765,521.1946,550.1317,550.1317,-28.937,0.0,4.9317,0,1,0
3681,3681,test,healthy,7.6422,493.0328,478.6184,478.6184,14.4145,0.4439,4.9317,0,1,0
3682,3682,test,healthy,7.7754,520.9594,518.5988,518.5988,2.3606,0.113,4.9317,0,1,0
3683,3683,test,healthy,7.7302,511.3806,555.3616,555.3616,-43.981,0.0,4.9317,0,1,0
3684,3684,test,healthy,7.5273,469.7187,449.9844,449.9844,19.7344,0.7859,4.9317,0,1,0
3685,3685,test,healthy,7.4475,453.9468,452.7589,452.7589,1.1879,0.3796,4.9317,0,1,0
3686,3686,test,healthy,7.2818,422.2404,415.2923,415.2923,6.9481,0.3436,4.9317,0,1,0
3687,3687,test,healthy,7.0856,386.5173,401.5795,401.5795,-15.0623,0.0,4.9317,0,1,0
3688,3688,test,healthy,7.219,410.591,423.7221,423.7221,-13.1312,0.0,4.9317,0,1,0
3689,3689,test,healthy,6.8484,345.9038,343.8871,343.8871,2.0168,0.0,4.9317,0,1,0
3690,3690,test,healthy,6.3682,271.9042,270.7416,270.7416,1.1626,0.0,4.9317,0,1,0
3691,3691,test,healthy,7.1028,389.5759,364.8895,364.8895,24.6865,1.1042,4.9317,0,1,0
3692,3692,test,healthy,7.2759,421.1415,408.7271,408.7271,12.4144,1.4196,4.9317,0,1,0
3693,3693,test,healthy,7.2431,415.0442,433.3439,433.3439,-18.2997,0.0,4.9317,0,1,0
3694,3694,test,healthy,7.1752,402.5979,421.262,421.262,-18.6641,0.0,4.9317,0,1,0
3695,3695,test,healthy,6.8187,341.0069,354.377,354.377,-13.3701,0.0,4.9317,0,1,0
3696,3696,test,healthy,6.9622,365.042,380.5055,380.5055,-15.4635,0.0,4.9317,0,1,0
3697,3697,test,healthy,7.0223,375.4073,364.7061,364.7061,10.7012,0.2052,4.9317,0,1,0
3698,3698,test,healthy,6.4936,290.1921,294.5311,294.5311,-4.3391,0.0,4.9317,0,1,0
3699,3699,test,healthy,6.7064,322.9046,310.374,310.374,12.5306,0.3228,4.9317,0,1,0
3700,3700,test,healthy,7.147,397.4971,354.5197,354.5197,42.9774,2.6028,4.9317,0,1,0
3701,3701,test,healthy,6.9851,368.9679,364.7288,364.7288,4.239,2.3927,4.9317,0,1,0
3702,3702,test,healthy,7.5865,481.6558,483.0768,483.0768,-1.421,1.8187,4.9317,0,1,0
3703,3703,test,healthy,7.7062,506.3393,496.8493,496.8493,9.49,1.9461,4.9317,0,1,0
3704,3704,test,healthy,7.8612,539.4668,535.4206,535.4206,4.0462,1.7235,4.9317,0,1,0
3705,3705,test,healthy,8.0571,583.2412,567.0531,567.0531,16.1881,2.2815,4.9317,0,1,0
3706,3706,test,healthy,8.2641,631.871,636.3812,636.3812,-4.5102,1.5089,4.9317,0,1,0
3707,3707,test,healthy,7.752,515.991,504.5765,504.5765,11.4145,1.76,4.9317,0,1,0
3708,3708,test,healthy,7.8658,540.4635,554.657,554.657,-14.1936,0.365,4.9317,0,1,0
3709,3709,test,healthy,8.0467,580.8671,574.685,574.685,6.1821,0.2798,4.9317,0,1,0
3710,3710,test,healthy,7.6359,491.7513,506.209,506.209,-14.4577,0.0,4.9317,0,1,0
3711,3711,test,healthy,7.3019,426.0173,406.845,406.845,19.1723,0.7498,4.9317,0,1,0
3712,3712,test,healthy,7.6275,490.0193,490.7336,490.7336,-0.7143,0.2212,4.9317,0,1,0
3713,3713,test,healthy,7.9756,564.7534,576.0124,576.0124,-11.259,0.0,4.9317,0,1,0
3714,3714,test,healthy,7.8578,538.7155,526.0198,526.0198,12.6958,0.3335,4.9317,0,1,0
3715,3715,test,healthy,7.6874,502.4041,511.6435,511.6435,-9.2394,0.0,4.9317,0,1,0
3716,3716,test,healthy,7.6698,498.7502,508.9053,508.9053,-10.155,0.0,4.9317,0,1,0
3717,3717,test,healthy,7.4363,451.7469,420.7285,420.7285,31.0184,1.5113,4.9317,0,1,0
3718,3718,test,healthy,7.5685,478.0029,467.2323,467.2323,10.7706,1.721,4.9317,0,1,0
3719,3719,test,healthy,7.7323,511.8122,526.8904,526.8904,-15.0781,0.2691,4.9317,0,1,0
3720,3720,test,healthy,7.7821,522.3852,520.3422,520.3422,2.043,0.0,4.9317,0,1,0
3721,3721,test,healthy,8.0543,582.584,577.9885,577.9885,4.5955,0.0,4.9317,0,1,0
3722,3722,test,healthy,8.0172,574.1412,564.5331,564.5331,9.6081,0.135,4.9317,0,1,0
3723,3723,test,healthy,7.9974,569.6755,570.2871,570.2871,-0.6116,0.0,4.9317,0,1,0
3724,3724,test,healthy,7.9698,563.4707,545.5353,545.5353,17.9354,0.6703,4.9317,0,1,0
3725,3725,test,healthy,7.6399,492.5628,478.6091,478.6091,13.9538,1.0846,4.9317,0,1,0
3726,3726,test,healthy,7.4914,462.5863,486.3571,486.3571,-23.7708,0.0,4.9317,0,1,0
3727,3727,test,healthy,7.7871,523.4567,527.5897,527.5897,-4.1329,0.0,4.9317,0,1,0
3728,3728,test,healthy,7.5671,477.7236,487.7059,487.7059,-9.9824,0.0,4.9317,0,1,0
3729,3729,test,healthy,7.3883,442.4593,437.1909,437.1909,5.2684,0.0,4.9317,0,1,0
3730,3730,test,healthy,7.2608,418.3199,404.2145,404.2145,14.1054,0.4241,4.9317,0,1,0
3731,3731,test,healthy,7.2384,414.1701,417.5771,417.5771,-3.407,0.0,4.9317,0,1,0
3732,3732,test,healthy,7.1438,396.9166,397.1201,397.1201,-0.2036,0.0,4.9317,0,1,0
3733,3733,test,healthy,7.7095,507.0227,508.2012,508.2012,-1.1785,0.0,4.9317,0,1,0
3734,3734,test,healthy,7.6182,488.1187,484.8048,484.8048,3.314,0.0,4.9317,0,1,0
3735,3735,test,healthy,8.0772,587.8544,547.9824,547.9824,39.8721,2.0804,4.9317,0,1,0
3736,3736,test,healthy,8.0838,589.3726,596.9321,596.9321,-7.5595,1.1118,4.9317,0,1,0
3737,3737,test,healthy,7.8198,530.4923,507.5687,507.5687,22.9237,2.1027,4.9317,0,1,0
3738,3738,test,healthy,8.2809,635.9248,666.1624,666.1624,-30.2376,0.0,4.9317,0,1,0
3739,3739,test,healthy,7.9733,564.2509,544.0942,544.0942,20.1567,0.8131,4.9317,0,1,0
3740,3740,test,healthy,8.0704,586.2969,584.6498,584.6498,1.647,0.4363,4.9317,0,1,0
3741,3741,test,healthy,8.068,585.7424,576.0953,576.0953,9.6471,0.5738,4.9317,0,1,0
3742,3742,test,healthy,7.4818,460.689,460.7693,460.7693,-0.0803,0.086,4.9317,0,1,0
3743,3743,test,healthy,7.2425,414.927,427.6417,427.6417,-12.7147,0.0,4.9317,0,1,0
3744,3744,test,healthy,7.4511,454.6481,416.0344,416.0344,38.6136,1.9995,4.9317,0,1,0
3745,3745,test,healthy,7.8608,539.3721,520.3729,520.3729,18.9992,2.7381,4.9317,0,1,0
3746,3746,test,healthy,7.5412,472.5081,462.3137,462.3137,10.1944,2.9108,4.9317,0,1,0
3747,3747,test,healthy,7.1895,405.1944,399.3839,399.3839,5.8105,2.8017,4.9317,0,1,0
3748,3748,test,healthy,6.7036,322.4584,327.1322,327.1322,-4.6737,2.0186,4.9317,0,1,0
3749,3749,test,healthy,6.8321,343.2123,353.543,353.543,-10.3307,0.8719,4.9317,0,1,0
3750,3750,test,healthy,7.7041,505.8852,517.615,517.615,-11.7298,0.0,4.9317,0,1,0
3751,3751,test,healthy,8.6193,721.1522,706.4799,706.4799,14.6723,0.4605,4.9317,0,1,0
3752,3752,test,healthy,8.4614,680.5469,680.2305,680.2305,0.3164,0.0,4.9317,0,1,0
3753,3753,test,healthy,8.1438,603.297,594.754,594.754,8.543,0.0665,4.9317,0,1,0
3754,3754,test,healthy,7.9421,557.27,587.402,587.402,-30.132,0.0,4.9317,0,1,0
3755,3755,test,healthy,7.7845,522.909,544.2139,544.2139,-21.3048,0.0,4.9317,0,1,0
3756,3756,test,healthy,7.7729,520.4285,504.7092,504.7092,15.7194,0.5278,4.9317,0,1,0
3757,3757,test,healthy,7.5142,467.1115,466.444,466.444,0.6676,0.0881,4.9317,0,1,0
3758,3758,test,healthy,7.0864,386.6628,398.5388,398.5388,-11.876,0.0,4.9317,0,1,0
3759,3759,test,healthy,6.7756,333.9853,319.9452,319.9452,14.0401,0.4199,4.9317,0,1,0
3760,3760,test,healthy,6.7782,334.4083,356.9184,356.9184,-22.51,0.0,4.9317,0,1,0
3761,3761,test,healthy,6.9543,363.6983,344.118,344.118,19.5803,0.776,4.9317,0,1,0
3762,3762,test,healthy,6.4955,290.4808,300.6093,300.6093,-10.1286,0.0,4.9317,0,1,0
3763,3763,test,healthy,6.1232,238.1924,268.2903,268.2903,-30.098,0.0,4.9317,0,1,0
3764,3764,test,healthy,6.0117,223.7124,227.4476,227.4476,-3.7352,0.0,4.9317,0,1,0
3765,3765,test,healthy,6.2909,260.9867,251.1262,251.1262,9.8605,0.1512,4.9317,0,1,0
3766,3766,test,healthy,6.0311,226.1959,214.3282,214.3282,11.8677,0.4314,4.9317,0,1,0
3767,3767,test,healthy,6.0281,225.8046,225.0422,225.0422,0.7624,0.0,4.9317,0,1,0
3768,3768,test,healthy,6.0784,232.3047,245.2422,245.2422,-12.9375,0.0,4.9317,0,1,0
3769,3769,test,healthy,6.395,275.7518,282.1174,282.1174,-6.3655,0.0,4.9317,0,1,0
3770,3770,test,healthy,6.3748,272.8494,268.2099,268.2099,4.6395,0.0,4.9317,0,1,0
3771,3771,test,healthy,6.2844,260.0691,283.4029,283.4029,-23.3339,0.0,4.9317,0,1,0
3772,3772,test,healthy,6.5594,300.0875,300.3635,300.3635,-0.276,0.0,4.9317,0,1,0
3773,3773,test,healthy,6.5835,303.7515,316.1741,316.1741,-12.4226,0.0,4.9317,0,1,0
3774,3774,test,healthy,6.2213,251.3797,240.431,240.431,10.9487,0.2212,4.9317,0,1,0
3775,3775,test,healthy,5.9438,215.1538,230.0421,230.0421,-14.8883,0.0,4.9317,0,1,0
3776,3776,test,healthy,6.5359,296.5347,316.22,316.22,-19.6853,0.0,4.9317,0,1,0
3777,3777,test,healthy,6.8998,354.4706,358.5631,358.5631,-4.0924,0.0,4.9317,0,1,0
3778,3778,test,healthy,6.8352,343.731,322.9789,322.9789,20.7521,0.8513,4.9317,0,1,0
3779,3779,test,healthy,6.887,352.3259,329.8801,329.8801,22.4458,1.8115,4.9317,0,1,0
3780,3780,test,healthy,6.6137,308.3891,307.4297,307.4297,0.9594,1.3906,4.9317,0,1,0
3781,3781,test,healthy,6.9642,365.3878,351.1717,351.1717,14.2161,1.8217,4.9317,0,1,0
3782,3782,test,healthy,7.0625,382.4399,424.1431,424.1431,-41.7032,0.0,4.9317,0,1,0
3783,3783,test,healthy,7.1914,405.5481,402.9378,402.9378,2.6103,0.0,4.9317,0,1,0
3784,3784,test,healthy,7.2868,423.1709,398.4564,398.4564,24.7145,1.106,4.9317,0,1,0
3785,3785,test,healthy,7.2901,423.7932,422.1294,422.1294,1.6637,0.7303,4.9317,0,1,0
3786,3786,test,healthy,7.4381,452.1046,459.387,459.387,-7.2824,0.0,4.9317,0,1,0
3787,3787,test,healthy,7.1253,393.5902,385.2925,385.2925,8.2977,0.0507,4.9317,0,1,0
3788,3788,test,healthy,6.9889,369.6351,392.264,392.264,-22.6289,0.0,4.9317,0,1,0
3789,3789,test,healthy,6.9619,364.9991,402.5201,402.5201,-37.521,0.0,4.9317,0,1,0
3790,3790,test,healthy,7.0888,387.0819,376.9008,376.9008,10.1811,0.1718,4.9317,0,1,0
3791,3791,test,healthy,7.3541,435.9056,422.6718,422.6718,13.2338,0.5399,4.9317,0,1,0
3792,3792,test,healthy,7.2111,409.1402,446.1652,446.1652,-37.025,0.0,4.9317,0,1,0
3793,3793,test,healthy,7.2519,416.6759,439.0602,439.0602,-22.3843,0.0,4.9317,0,1,0
3794,3794,test,healthy,7.3449,434.1487,433.6849,433.6849,0.4638,0.0,4.9317,0,1,0
3795,3795,test,healthy,8.0646,584.9477,583.4254,583.4254,1.5224,0.0,4.9317,0,1,0
3796,3796,test,healthy,8.3097,642.9101,631.3442,631.3442,11.5659,0.2608,4.9317,0,1,0
3797,3797,test,healthy,8.1764,610.9654,636.7231,636.7231,-25.7578,0.0,4.9317,0,1,0
3798,3798,test,healthy,8.1055,594.3856,575.0316,575.0316,19.354,0.7615,4.9317,0,1,0
3799,3799,test,healthy,7.9793,565.5848,565.2332,565.2332,0.3517,0.3014,4.9317,0,1,0
3800,3800,test,healthy,7.4928,462.8519,458.8192,458.8192,4.0327,0.078,4.9317,0,1,0
3801,3801,test,healthy,7.6588,496.4736,486.618,486.618,9.8556,0.2289,4.9317,0,1,0
3802,3802,test,healthy,7.2966,425.0154,421.9824,421.9824,3.033,0.0,4.9317,0,1,0
3803,3803,test,healthy,6.7517,330.1422,337.5693,337.5693,-7.4271,0.0,4.9317,0,1,0
3804,3804,test,healthy,6.4355,281.6368,278.0093,278.0093,3.6275,0.0,4.9317,0,1,0
3805,3805,test,healthy,7.4872,461.756,457.3002,457.3002,4.4558,0.0,4.9317,0,1,0
3806,3806,test,healthy,7.0528,380.7376,421.1371,421.1371,-40.3995,0.0,4.9317,0,1,0
3807,3807,test,healthy,6.7856,335.6062,334.9565,334.9565,0.6496,0.0,4.9317,0,1,0
3808,3808,test,healthy,6.4503,283.7987,263.6183,263.6183,20.1804,0.8146,4.9317,0,1,0
3809,3809,test,healthy,6.8444,345.2501,349.795,349.795,-4.545,0.0398,4.9317,0,1,0
3810,3810,test,healthy,6.571,301.8537,299.8265,299.8265,2.0272,0.0,4.9317,0,1,0
3811,3811,test,healthy,6.6936,320.8762,275.6985,275.6985,45.1777,2.4214,4.9317,0,1,0
3812,3812,test,healthy,6.6777,318.3697,311.8281,311.8281,6.5416,2.3593,4.9317,0,1,0
3813,3813,test,healthy,6.7149,324.2428,351.3599,351.3599,-27.1171,0.1335,4.9317,0,1,0
3814,3814,test,healthy,6.7541,330.5175,316.1815,316.1815,14.336,0.5724,4.9317,0,1,0
3815,3815,test,healthy,6.7509,329.9989,319.5245,319.5245,10.4745,0.7631,4.9317,0,1,0
3816,3816,test,healthy,6.7228,325.5027,310.061,310.061,15.4418,1.2731,4.9317,0,1,0
3817,3817,test,healthy,6.6756,318.0305,316.3564,316.3564,1.674,0.898,4.9317,0,1,0
3818,3818,test,healthy,6.4331,281.2822,281.6889,281.6889,-0.4067,0.3893,4.9317,0,1,0
3819,3819,test,healthy,6.3009,262.3806,250.5884,250.5884,11.7922,0.6646,4.9317,0,1,0
3820,3820,test,healthy,6.5519,298.9417,298.7825,298.7825,0.1591,0.1922,4.9317,0,1,0
3821,3821,test,healthy,6.8752,350.3597,327.7558,327.7558,22.6039,1.1626,4.9317,0,1,0
3822,3822,test,healthy,6.9134,356.7664,325.2146,325.2146,31.5519,2.7082,4.9317,0,1,0
3823,3823,test,healthy,7.5919,482.7514,495.9985,495.9985,-13.2471,1.374,4.9317,0,1,0
3824,3824,test,healthy,7.6564,495.9722,512.3722,512.3722,-16.4,0.0,4.9317,0,1,0
3825,3825,test,healthy,7.9959,569.3291,576.5492,576.5492,-7.2201,0.0,4.9317,0,1,0
3826,3826,test,healthy,8.6241,722.4267,710.674,710.674,11.7527,0.2728,4.9317,0,1,0
3827,3827,test,healthy,8.5497,703.0715,721.6995,721.6995,-18.6279,0.0,4.9317,0,1,0
3828,3828,test,healthy,8.8712,789.1078,765.71,765.71,23.3978,1.0214,4.9317,0,1,0
3829,3829,test,healthy,8.4266,671.7775,702.8956,702.8956,-31.1182,0.0,4.9317,0,1,0
3830,3830,test,healthy,8.3603,655.3161,683.2837,683.2837,-27.9676,0.0,4.9317,0,1,0
3831,3831,test,healthy,8.4631,680.9711,682.5055,682.5055,-1.5344,0.0,4.9317,0,1,0
3832,3832,test,healthy,8.2236,622.1623,626.2589,626.2589,-4.0966,0.0,4.9317,0,1,0
3833,3833,test,healthy,8.5583,705.296,724.8258,724.8258,-19.5298,0.0,4.9317,0,1,0
3834,3834,test,healthy,8.1671,608.7705,630.4537,630.4537,-21.6833,0.0,4.9317,0,1,0
3835,3835,test,healthy,7.7334,512.0592,515.1089,515.1089,-3.0497,0.0,4.9317,0,1,0
3836,3836,test,healthy,7.4499,454.4074,467.5764,467.5764,-13.169,0.0,4.9317,0,1,0
3837,3837,test,healthy,7.0279,376.3817,334.9595,334.9595,41.4222,2.18,4.9317,0,1,0
3838,3838,test,healthy,7.1727,402.1422,431.8705,431.8705,-29.7283,0.0,4.9317,0,1,0
3839,3839,test,healthy,7.6902,502.9824,495.7984,495.7984,7.184,0.0,4.9317,0,1,0
3840,3840,test,healthy,7.9105,550.2699,536.394,536.394,13.8759,0.4093,4.9317,0,1,0
3841,3841,test,healthy,8.3823,660.7354,664.9359,664.9359,-4.2005,0.0,4.9317,0,1,0
3842,3842,test,healthy,7.974,564.3938,588.3553,588.3553,-23.9616,0.0,4.9317,0,1,0
3843,3843,test,healthy,7.4667,457.6981,449.3173,449.3173,8.3808,0.0561,4.9317,0,1,0
3844,3844,test,healthy,7.5733,478.9757,469.1555,469.1555,9.8201,0.2047,4.9317,0,1,0
3845,3845,test,healthy,7.5945,483.2667,480.8651,480.8651,2.4016,0.0,4.9317,0,1,0
3846,3846,test,healthy,7.8084,528.0326,496.2428,496.2428,31.7898,1.5608,4.9317,0,1,0
3847,3847,test,healthy,7.7495,515.4651,517.7208,517.7208,-2.2558,0.9332,4.9317,0,1,0
3848,3848,test,healthy,7.5636,477.021,482.4995,482.4995,-5.4785,0.0984,4.9317,0,1,0
3849,3849,test,healthy,8.2205,621.4137,641.9272,641.9272,-20.5135,0.0,4.9317,0,1,0
3850,3850,test,healthy,8.1691,609.2488,601.0435,601.0435,8.2053,0.0448,4.9317,0,1,0
3851,3851,test,healthy,8.1479,604.2584,607.7461,607.7461,-3.4877,0.0,4.9317,0,1,0
3852,3852,test,healthy,7.8398,534.7986,545.599,545.599,-10.8004,0.0,4.9317,0,1,0
3853,3853,test,healthy,7.5914,482.6327,497.219,497.219,-14.5864,0.0,4.9317,0,1,0
3854,3854,test,healthy,7.6459,493.8031,482.3027,482.3027,11.5004,0.2566,4.9317,0,1,0
3855,3855,test,healthy,7.6588,496.4691,502.0894,502.0894,-5.6203,0.0,4.9317,0,1,0
3856,3856,test,healthy,7.6331,491.1729,510.5909,510.5909,-19.4181,0.0,4.9317,0,1,0
3857,3857,test,healthy,7.4837,461.0635,464.6282,464.6282,-3.5647,0.0,4.9317,0,1,0
3858,3858,test,healthy,7.3037,426.3439,441.2927,441.2927,-14.9488,0.0,4.9317,0,1,0
3859,3859,test,healthy,8.1702,609.5045,613.79,613.79,-4.2855,0.0,4.9317,0,1,0
3860,3860,test,healthy,8.6039,717.1418,703.9994,703.9994,13.1425,0.3622,4.9317,0,1,0
3861,3861,test,healthy,9.3434,927.3031,922.183,922.183,5.1201,0.2087,4.9317,0,1,0
3862,3862,test,healthy,9.3942,943.0218,980.8272,980.8272,-37.8054,0.0,4.9317,0,1,0
3863,3863,test,healthy,8.8747,790.0903,798.2441,798.2441,-8.1538,0.0,4.9317,0,1,0
3864,3864,test,healthy,9.4375,956.5648,914.5732,914.5732,41.9916,2.2166,4.9317,0,1,0
3865,3865,test,healthy,8.8419,781.0205,779.4677,779.4677,1.5528,1.8338,4.9317,0,1,0
3866,3866,test,healthy,9.3293,922.9541,905.1945,905.1945,17.7595,2.4928,4.9317,0,1,0
3867,3867,test,healthy,9.271,905.175,876.5541,876.5541,28.621,3.8499,4.9317,0,1,0
3868,3868,test,healthy,9.3097,916.9702,930.6577,930.6577,-13.6875,2.4874,4.9317,0,1,0
3869,3869,test,healthy,8.6356,725.4436,737.806,737.806,-12.3624,1.2101,4.9317,0,1,0
3870,3870,test,healthy,8.2735,634.1268,626.1048,626.1048,8.022,1.2431,4.9317,0,1,0
3871,3871,test,healthy,8.5766,710.0244,711.775,711.775,-1.7506,0.648,4.9317,0,1,0
3872,3872,test,healthy,8.6895,739.7126,730.786,730.786,8.9266,0.7391,4.9317,0,1,0
3873,3873,test,healthy,8.6192,721.1294,692.3484,692.3484,28.781,2.1066,4.9317,0,1,0
3874,3874,test,healthy,8.9081,799.4069,790.5383,790.5383,8.8686,2.194,4.9317,0,1,0
3875,3875,test,healthy,8.3903,662.7198,628.6501,628.6501,34.0697,3.9014,4.9317,0,1,0
3876,3876,test,healthy,8.4279,672.1047,693.7034,693.7034,-21.5987,2.0304,4.9317,0,1,0
3877,3877,test,healthy,8.8575,785.3177,756.4971,756.4971,28.8206,3.4004,4.9317,0,1,0
3878,3878,test,healthy,8.7666,760.4151,765.5649,765.5649,-5.1497,2.5867,4.9317,0,1,0
3879,3879,test,healthy,8.5408,700.7692,713.4079,713.4079,-12.6387,1.2916,4.9317,0,1,0
3880,3880,test,healthy,8.725,749.1959,734.9105,734.9105,14.2854,1.7273,4.9317,0,1,0
3881,3881,test,healthy,8.7623,759.2651,754.3302,754.3302,4.9349,1.5618,4.9317,0,1,0
3882,3882,test,healthy,8.7254,749.3006,798.4627,798.4627,-49.1621,0.0,4.9317,0,1,0
3883,3883,test,healthy,8.9325,806.2637,807.1568,807.1568,-0.8931,0.0,4.9317,0,1,0
3884,3884,test,healthy,9.0463,838.6839,844.5824,844.5824,-5.8985,0.0,4.9317,0,1,0
3885,3885,test,healthy,8.9908,822.7808,850.7185,850.7185,-27.9377,0.0,4.9317,0,1,0
3886,3886,test,healthy,8.8297,777.6568,810.0889,810.0889,-32.432,0.0,4.9317,0,1,0
3887,3887,test,healthy,8.3222,645.9553,662.6133,662.6133,-16.658,0.0,4.9317,0,1,0
3888,3888,test,healthy,8.0813,588.7995,615.752,615.752,-26.9525,0.0,4.9317,0,1,0
3889,3889,test,healthy,8.1685,609.1011,580.5621,580.5621,28.539,1.3519,4.9317,0,1,0
3890,3890,test,healthy,8.443,675.9063,666.943,666.943,8.9633,1.4454,4.9317,0,1,0
3891,3891,test,healthy,7.9733,564.255,576.4243,576.4243,-12.1694,0.1805,4.9317,0,1,0
3892,3892,test,healthy,8.0672,585.5515,558.4838,558.4838,27.0677,1.4378,4.9317,0,1,0
3893,3893,test,healthy,8.1962,615.6452,638.6715,638.6715,-23.0263,0.0,4.9317,0,1,0
3894,3894,test,healthy,7.7749,520.8468,511.2383,511.2383,9.6085,0.135,4.9317,0,1,0
3895,3895,test,healthy,7.9175,551.8279,546.7916,546.7916,5.0363,0.0,4.9317,0,1,0
3896,3896,test,healthy,7.8809,543.7735,586.3944,586.3944,-42.6209,0.0,4.9317,0,1,0
3897,3897,test,healthy,7.6248,489.4553,461.3882,461.3882,28.0671,1.3215,4.9317,0,1,0
3898,3898,test,healthy,7.7147,508.1172,522.1311,522.1311,-14.0138,0.0,4.9317,0,1,0
3899,3899,test,healthy,8.2667,632.4871,611.5313,611.5313,20.9559,0.8644,4.9317,0,1,0
3900,3900,test,healthy,8.8999,797.12,807.5375,807.5375,-10.4175,0.0,4.9317,0,1,0
3901,3901,test,healthy,8.936,807.2386,782.2004,782.2004,25.0382,1.1268,4.9317,0,1,0
3902,3902,test,healthy,8.615,720.0296,683.2451,683.2451,36.7845,3.0088,4.9317,0,1,0
3903,3903,test,healthy,8.6423,727.1985,729.8824,729.8824,-2.6839,2.3536,4.9317,0,1,0
3904,3904,test,healthy,8.1576,606.5268,584.0251,584.0251,22.5016,3.3174,4.9317,0,1,0
3905,3905,test,healthy,7.9924,568.5487,607.5385,607.5385,-38.9898,0.3284,4.9317,0,1,0
3906,3906,test,healthy,7.5888,482.1123,504.9766,504.9766,-22.8643,0.0,4.9317,0,1,0
3907,3907,test,healthy,8.1897,614.0931,620.7082,620.7082,-6.6151,0.0,4.9317,0,1,0
3908,3908,test,healthy,8.0326,577.6399,632.0085,632.0085,-54.3686,0.0,4.9317,0,1,0
3909,3909,test,healthy,7.6355,491.6516,493.3521,493.3521,-1.7005,0.0,4.9317,0,1,0
3910,3910,test,healthy,8.0013,570.5414,574.8427,574.8427,-4.3012,0.0,4.9317,0,1,0
3911,3911,test,healthy,8.4649,681.412,681.0198,681.0198,0.3922,0.0,4.9317,0,1,0
3912,3912,test,healthy,7.9166,551.6257,573.3075,573.3075,-21.6818,0.0,4.9317,0,1,0
3913,3913,test,healthy,7.4958,463.4443,499.8076,499.8076,-36.3634,0.0,4.9317,0,1,0
3914,3914,test,healthy,7.7064,506.3783,510.9896,510.9896,-4.6113,0.0,4.9317,0,1,0
3915,3915,test,healthy,7.1581,399.502,392.3671,392.3671,7.1349,0.0,4.9317,0,1,0
3916,3916,test,healthy,7.5405,472.3719,476.8115,476.8115,-4.4395,0.0,4.9317,0,1,0
3917,3917,test,healthy,8.5949,714.7888,706.9945,706.9945,7.7944,0.0184,4.9317,0,1,0
3918,3918,test,healthy,8.6107,718.9205,712.1299,712.1299,6.7906,0.0,4.9317,0,1,0
3919,3919,test,healthy,8.1371,601.7294,577.8945,577.8945,23.8349,1.0495,4.9317,0,1,0
3920,3920,test,healthy,7.7267,510.631,497.1615,497.1615,13.4695,1.4327,4.9317,0,1,0
3921,3921,test,healthy,7.6009,484.571,506.3991,506.3991,-21.8282,0.0,4.9317,0,1,0
3922,3922,test,healthy,7.275,420.9677,405.2672,405.2672,15.7005,0.5266,4.9317,0,1,0
3923,3923,test,healthy,7.719,509.0195,498.6788,498.6788,10.3406,0.7087,4.9317,0,1,0
3924,3924,test,healthy,7.4582,456.0473,435.7857,435.7857,20.2616,1.5285,4.9317,0,1,0
3925,3925,test,healthy,7.0521,380.6171,367.2543,367.2543,13.3628,1.9048,4.9317,0,1,0
3926,3926,test,healthy,7.8876,545.2249,534.2879,534.2879,10.937,2.1252,4.9317,0,1,0
3927,3927,test,healthy,7.9499,559.0162,557.6041,557.6041,1.4121,1.7333,4.9317,0,1,0
3928,3928,test,healthy,7.8917,546.1316,546.7322,546.7322,-0.6005,1.2121,4.9317,0,1,0
3929,3929,test,healthy,8.4944,688.905,670.1854,670.1854,18.7196,1.9328,4.9317,0,1,0
3930,3930,test,healthy,8.2914,638.4618,646.9241,646.9241,-8.4623,0.9062,4.9317,0,1,0
3931,3931,test,healthy,8.135,601.2396,590.3434,590.3434,10.8962,1.1239,4.9317,0,1,0
3932,3932,test,healthy,7.8087,528.0923,500.2902,500.2902,27.802,2.4285,4.9317,0,1,0
3933,3933,test,healthy,7.6578,496.2583,465.5638,465.5638,30.6945,3.9189,4.9317,0,1,0
3934,3934,test,healthy,7.6595,496.6137,488.8327,488.8327,7.781,3.9364,4.9317,0,1,0
3935,3935,test,healthy,7.5215,468.5697,476.6286,476.6286,-8.0589,2.9357,4.9317,0,1,0
3936,3936,test,healthy,7.8796,543.4755,575.1825,575.1825,-31.707,0.4149,4.9317,0,1,0
3937,3937,test,healthy,7.6794,500.7292,535.4606,535.4606,-34.7315,0.0,4.9317,0,1,0
3938,3938,test,healthy,8.0985,592.7596,591.2752,591.2752,1.4844,0.0,4.9317,0,1,0
3939,3939,test,healthy,7.6995,504.9305,507.9376,507.9376,-3.0071,0.0,4.9317,0,1,0
3940,3940,test,healthy,8.2761,634.7478,626.363,626.363,8.3848,0.0563,4.9317,0,1,0
3941,3941,test,healthy,9.0238,832.2161,838.6727,838.6727,-6.4566,0.0,4.9317,0,1,0
3942,3942,test,healthy,8.7771,763.2635,774.0609,774.0609,-10.7974,0.0,4.9317,0,1,0
3943,3943,test,healthy,8.9622,814.6557,802.9064,802.9064,11.7493,0.2726,4.9317,0,1,0
3944,3944,test,healthy,8.4608,680.3728,692.2056,692.2056,-11.8328,0.0,4.9317,0,1,0
3945,3945,test,healthy,8.177,611.1002,635.458,635.458,-24.3578,0.0,4.9317,0,1,0
3946,3946,test,healthy,8.2708,633.4746,647.8852,647.8852,-14.4106,0.0,4.9317,0,1,0
3947,3947,test,healthy,8.1881,613.7121,617.0231,617.0231,-3.3111,0.0,4.9317,0,1,0
3948,3948,test,healthy,8.3219,645.8825,622.9627,622.9627,22.9198,0.9907,4.9317,0,1,0
3949,3949,test,healthy,8.5741,709.3877,737.3695,737.3695,-27.9817,0.0,4.9317,0,1,0
3950,3950,test,healthy,8.6563,730.8944,738.0609,738.0609,-7.1666,0.0,4.9317,0,1,0
3951,3951,test,healthy,8.8779,790.987,769.1205,769.1205,21.8665,0.923,4.9317,0,1,0
3952,3952,test,healthy,9.1527,869.7718,858.7181,858.7181,11.0538,1.1509,4.9317,0,1,0
3953,3953,test,healthy,9.5247,984.2085,980.8577,980.8577,3.3509,0.8836,4.9317,0,1,0
3954,3954,test,healthy,9.0972,853.4805,846.4117,846.4117,7.0688,0.8554,4.9317,0,1,0
3955,3955,test,healthy,8.8767,790.6595,809.2691,809.2691,-18.6096,0.0,4.9317,0,1,0
3956,3956,test,healthy,9.0158,829.913,844.1791,844.1791,-14.2661,0.0,4.9317,0,1,0
3957,3957,test,healthy,9.2505,898.9929,900.9757,900.9757,-1.9828,0.0,4.9317,0,1,0
3958,3958,test,healthy,9.1695,874.74,875.3515,875.3515,-0.6115,0.0,4.9317,0,1,0
3959,3959,test,healthy,8.6658,733.4164,711.6408,711.6408,21.7756,0.9171,4.9317,0,1,0
3960,3960,test,healthy,8.6687,734.1877,727.2912,727.2912,6.8965,0.8778,4.9317,0,1,0
3961,3961,test,healthy,8.5074,692.2054,689.687,689.687,2.5184,0.557,4.9317,0,1,0
3962,3962,test,healthy,8.9397,808.2974,833.62,833.62,-25.3225,0.0,4.9317,0,1,0
3963,3963,test,healthy,8.9558,812.8206,839.5759,839.5759,-26.7553,0.0,4.9317,0,1,0
3964,3964,test,healthy,8.4101,667.6491,669.199,669.199,-1.5499,0.0,4.9317,0,1,0
3965,3965,test,healthy,7.9685,563.1661,549.1518,549.1518,14.0143,0.4182,4.9317,0,1,0
3966,3966,test,healthy,8.3721,658.2298,648.9472,648.9472,9.2826,0.5323,4.9317,0,1,0
3967,3967,test,healthy,8.7271,749.7549,747.605,747.605,2.1499,0.1878,4.9317,0,1,0
3968,3968,test,healthy,8.2952,639.3906,645.9121,645.9121,-6.5215,0.0,4.9317,0,1,0
3969,3969,test,healthy,8.5457,702.0306,667.1175,667.1175,34.9131,1.7616,4.9317,0,1,0
3970,3970,test,healthy,8.6013,716.4555,722.3353,722.3353,-5.8798,0.901,4.9317,0,1,0
3971,3971,test,healthy,8.6409,726.8264,747.2242,747.2242,-20.3977,0.0,4.9317,0,1,0
3972,3972,test,healthy,8.1381,601.9743,594.6245,594.6245,7.3498,0.0,4.9317,0,1,0
3973,3973,test,healthy,8.4568,679.3649,702.5787,702.5787,-23.2138,0.0,4.9317,0,1,0
3974,3974,test,healthy,8.072,586.6569,597.9219,597.9219,-11.265,0.0,4.9317,0,1,0
3975,3975,test,healthy,7.8257,531.7566,528.4847,528.4847,3.2719,0.0,4.9317,0,1,0
3976,3976,test,healthy,7.8354,533.8435,537.3297,537.3297,-3.4862,0.0,4.9317,0,1,0
3977,3977,test,healthy,8.1849,612.9697,626.3736,626.3736,-13.404,0.0,4.9317,0,1,0
3978,3978,test,healthy,8.0155,573.7636,582.6621,582.6621,-8.8985,0.0,4.9317,0,1,0
3979,3979,test,healthy,7.6774,500.3335,480.6838,480.6838,19.6498,0.7805,4.9317,0,1,0
3980,3980,test,healthy,7.9756,564.7522,589.0271,589.0271,-24.2748,0.0,4.9317,0,1,0
3981,3981,test,healthy,8.1759,610.8515,613.7549,613.7549,-2.9034,0.0,4.9317,0,1,0
3982,3982,test,healthy,8.6349,725.2592,747.7148,747.7148,-22.4556,0.0,4.9317,0,1,0
3983,3983,test,healthy,8.6932,740.6907,736.101,736.101,4.5897,0.0,4.9317,0,1,0
3984,3984,test,healthy,8.0819,588.9306,591.7202,591.7202,-2.7896,0.0,4.9317,0,1,0
3985,3985,test,healthy,8.0092,572.3404,591.0421,591.0421,-18.7016,0.0,4.9317,0,1,0
3986,3986,test,healthy,8.0433,580.0832,574.1002,574.1002,5.983,0.0,4.9317,0,1,0
3987,3987,test,healthy,7.7122,507.6014,537.9531,537.9531,-30.3517,0.0,4.9317,0,1,0
3988,3988,test,healthy,8.7069,744.3615,734.6029,734.6029,9.7586,0.1447,4.9317,0,1,0
3989,3989,test,healthy,8.3443,651.3695,666.9059,666.9059,-15.5364,0.0,4.9317,0,1,0
3990,3990,test,healthy,8.0592,583.7164,601.7022,601.7022,-17.9858,0.0,4.9317,0,1,0
3991,3991,test,healthy,8.4997,690.2498,673.0711,673.0711,17.1787,0.6216,4.9317,0,1,0
3992,3992,test,healthy,8.8202,775.0534,790.312,790.312,-15.2586,0.0,4.9317,0,1,0
3993,3993,test,healthy,9.3795,938.4593,957.5604,957.5604,-19.1012,0.0,4.9317,0,1,0
3994,3994,test,healthy,9.6091,1011.4651,992.9323,992.9323,18.5327,0.7087,4.9317,0,1,0
3995,3995,test,healthy,9.2239,890.9616,895.8272,895.8272,-4.8656,0.0,4.9317,0,1,0
3996,3996,test,healthy,8.6183,720.8937,722.9848,722.9848,-2.0911,0.0,4.9317,0,1,0
3997,3997,test,healthy,8.2772,635.029,631.0166,631.0166,4.0125,0.0,4.9317,0,1,0
3998,3998,test,healthy,8.1543,605.7593,615.2422,615.2422,-9.4829,0.0,4.9317,0,1,0
3999,3999,test,healthy,7.9053,549.1226,552.8688,552.8688,-3.7463,0.0,4.9317,0,1,0
4000,4000,test,healthy,7.6585,496.4084,500.2909,500.2909,-3.8825,0.0,4.9317,0,1,0
4001,4001,test,healthy,7.3566,436.3793,442.2488,442.2488,-5.8695,0.0,4.9317,0,1,0
4002,4002,test,healthy,7.6018,484.7643,480.2426,480.2426,4.5217,0.0,4.9317,0,1,0
4003,4003,test,healthy,7.6743,499.6776,511.9502,511.9502,-12.2725,0.0,4.9317,0,1,0
4004,4004,test,healthy,7.6967,504.3386,517.7378,517.7378,-13.3992,0.0,4.9317,0,1,0
4005,4005,test,healthy,8.3015,640.9237,658.0996,658.0996,-17.1758,0.0,4.9317,0,1,0
4006,4006,test,healthy,8.6142,719.8351,725.0842,725.0842,-5.2491,0.0,4.9317,0,1,0
4007,4007,test,healthy,8.6163,720.3633,707.9963,707.9963,12.367,0.3123,4.9317,0,1,0
4008,4008,test,healthy,8.5989,715.8173,721.8776,721.8776,-6.0603,0.0,4.9317,0,1,0
4009,4009,test,healthy,8.8783,791.0828,822.6843,822.6843,-31.6014,0.0,4.9317,0,1,0
4010,4010,test,healthy,8.658,731.3412,721.5662,721.5662,9.775,0.1457,4.9317,0,1,0
4011,4011,test,healthy,8.6138,719.7162,724.7593,724.7593,-5.0431,0.0,4.9317,0,1,0
4012,4012,test,healthy,8.4623,680.7632,702.7289,702.7289,-21.9657,0.0,4.9317,0,1,0
4013,4013,test,healthy,8.208,618.4502,622.0671,622.0671,-3.6169,0.0,4.9317,0,1,0
4014,4014,test,healthy,8.4221,670.6673,650.7009,650.7009,19.9664,0.8008,4.9317,0,1,0
4015,4015,test,healthy,7.9859,567.0666,581.4844,581.4844,-14.4178,0.0,4.9317,0,1,0
4016,4016,test,healthy,7.5278,469.8126,463.0618,463.0618,6.7508,0.0,4.9317,0,1,0
4017,4017,test,healthy,7.5449,473.2515,482.1523,482.1523,-8.9008,0.0,4.9317,0,1,0
4018,4018,test,healthy,7.5657,477.4415,473.6076,473.6076,3.8339,0.0,4.9317,0,1,0
4019,4019,test,healthy,7.7678,519.3508,482.5522,482.5522,36.7986,1.8828,4.9317,0,1,0
4020,4020,test,healthy,7.4476,453.959,486.6726,486.6726,-32.7135,0.0,4.9317,0,1,0
4021,4021,test,healthy,7.6204,488.55,489.0113,489.0113,-0.4613,0.0,4.9317,0,1,0
4022,4022,test,healthy,7.7542,516.4499,523.0464,523.0464,-6.5965,0.0,4.9317,0,1,0
4023,4023,test,healthy,8.1778,611.3008,640.9562,640.9562,-29.6553,0.0,4.9317,0,1,0
4024,4024,test,healthy,8.0717,586.5876,579.9728,579.9728,6.6148,0.0,4.9317,0,1,0
4025,4025,test,healthy,7.8049,527.2784,538.5455,538.5455,-11.2672,0.0,4.9317,0,1,0
4026,4026,test,healthy,8.3486,652.428,660.1925,660.1925,-7.7645,0.0,4.9317,0,1,0
4027,4027,test,healthy,8.4097,667.5501,689.2237,689.2237,-21.6736,0.0,4.9317,0,1,0
4028,4028,test,healthy,8.5581,705.2416,729.5878,729.5878,-24.3462,0.0,4.9317,0,1,0
4029,4029,test,healthy,8.2862,637.2121,656.6762,656.6762,-19.4642,0.0,4.9317,0,1,0
4030,4030,test,healthy,8.3057,641.9429,654.2604,654.2604,-12.3175,0.0,4.9317,0,1,0
4031,4031,test,healthy,7.7822,522.4208,504.3339,504.3339,18.0869,0.68,4.9317,0,1,0
4032,4032,test,healthy,7.5853,481.3968,501.8075,501.8075,-20.4107,0.0,4.9317,0,1,0
4033,4033,test,healthy,7.9922,568.5008,582.0302,582.0302,-13.5294,0.0,4.9317,0,1,0
4034,4034,test,healthy,8.3397,650.2365,656.5321,656.5321,-6.2956,0.0,4.9317,0,1,0
4035,4035,test,healthy,8.0645,584.9252,596.2129,596.2129,-11.2877,0.0,4.9317,0,1,0
4036,4036,test,healthy,8.1484,604.3829,635.7145,635.7145,-31.3316,0.0,4.9317,0,1,0
4037,4037,test,healthy,8.5413,700.9093,735.0251,735.0251,-34.1158,0.0,4.9317,0,1,0
4038,4038,test,healthy,8.3515,653.1497,656.373,656.373,-3.2232,0.0,4.9317,0,1,0
4039,4039,test,healthy,7.913,550.815,545.9528,545.9528,4.8622,0.0,4.9317,0,1,0
4040,4040,test,healthy,7.9578,560.7815,543.9375,543.9375,16.844,0.6001,4.9317,0,1,0
4041,4041,test,healthy,7.4972,463.7259,469.1596,469.1596,-5.4337,0.0,4.9317,0,1,0
4042,4042,test,healthy,7.3501,435.1336,440.5083,440.5083,-5.3747,0.0,4.9317,0,1,0
4043,4043,test,healthy,6.9664,365.7646,361.7877,361.7877,3.9769,0.0,4.9317,0,1,0
4044,4044,test,healthy,6.9764,367.4884,333.7876,333.7876,33.7008,1.6837,4.9317,0,1,0
4045,4045,test,healthy,7.2824,422.3514,435.3639,435.3639,-13.0124,0.3646,4.9317,0,1,0
4046,4046,test,healthy,7.4315,450.8189,464.0736,464.0736,-13.2547,0.0,4.9317,0,1,0
4047,4047,test,healthy,7.4882,461.9504,465.8884,465.8884,-3.938,0.0,4.9317,0,1,0
4048,4048,test,healthy,7.5679,477.8727,486.8978,486.8978,-9.0251,0.0,4.9317,0,1,0
4049,4049,test,healthy,7.1304,394.5138,388.8833,388.8833,5.6305,0.0,4.9317,0,1,0
4050,4050,test,healthy,7.767,519.1782,529.0489,529.0489,-9.8706,0.0,4.9317,0,1,0
4051,4051,test,healthy,7.4796,460.2561,454.9485,454.9485,5.3076,0.0,4.9317,0,1,0
4052,4052,test,healthy,7.5167,467.6062,477.8599,477.8599,-10.2538,0.0,4.9317,0,1,0
4053,4053,test,healthy,7.0153,374.2034,366.72,366.72,7.4834,0.0,4.9317,0,1,0
4054,4054,test,healthy,6.8479,345.8284,378.8879,378.8879,-33.0595,0.0,4.9317,0,1,0
4055,4055,test,healthy,7.2658,419.2606,415.8422,415.8422,3.4183,0.0,4.9317,0,1,0
4056,4056,test,healthy,6.9538,363.6155,362.3456,362.3456,1.2698,0.0,4.9317,0,1,0
4057,4057,test,healthy,6.9907,369.9341,385.8654,385.8654,-15.9313,0.0,4.9317,0,1,0
4058,4058,test,healthy,7.2726,420.5163,422.9109,422.9109,-2.3946,0.0,4.9317,0,1,0
4059,4059,test,healthy,7.3869,442.1741,448.6315,448.6315,-6.4574,0.0,4.9317,0,1,0
4060,4060,test,healthy,7.1783,403.1619,431.2053,431.2053,-28.0434,0.0,4.9317,0,1,0
4061,4061,test,healthy,7.5146,467.1875,448.2921,448.2921,18.8954,0.732,4.9317,0,1,0
4062,4062,test,healthy,7.6108,486.5944,531.1291,531.1291,-44.5347,0.0,4.9317,0,1,0
4063,4063,test,healthy,8.239,625.8434,645.6244,645.6244,-19.781,0.0,4.9317,0,1,0
4064,4064,test,healthy,8.9643,815.2382,770.5842,770.5842,44.6541,2.3878,4.9317,0,1,0
4065,4065,test,healthy,8.6885,739.4389,752.9451,752.9451,-13.5063,1.0369,4.9317,0,1,0
4066,4066,test,healthy,8.3423,650.8754,631.6998,631.6998,19.1756,1.7869,4.9317,0,1,0
4067,4067,test,healthy,7.8459,536.1396,524.0966,524.0966,12.043,2.0784,4.9317,0,1,0
4068,4068,test,healthy,7.9197,552.3134,572.3859,572.3859,-20.0725,0.3055,4.9317,0,1,0
4069,4069,test,healthy,7.5969,483.7588,465.714,465.714,18.0449,0.9828,4.9317,0,1,0
4070,4070,test,healthy,7.3289,431.1101,457.7328,457.7328,-26.6227,0.0,4.9317,0,1,0
4071,4071,test,healthy,7.9565,560.4834,544.4238,544.4238,16.0596,0.5497,4.9317,0,1,0
4072,4072,test,healthy,7.6935,503.6813,500.2463,500.2463,3.435,0.2879,4.9317,0,1,0
4073,4073,test,healthy,7.7153,508.2343,492.105,492.105,16.1293,0.842,4.9317,0,1,0
4074,4074,test,healthy,8.165,608.2843,600.6733,600.6733,7.611,0.8486,4.9317,0,1,0
4075,4075,test,healthy,7.573,478.9202,464.1659,464.1659,14.7543,1.3144,4.9317,0,1,0
4076,4076,test,healthy,8.0721,586.6799,589.3514,589.3514,-2.6715,0.66,4.9317,0,1,0
4077,4077,test,healthy,7.747,514.9359,520.0353,520.0353,-5.0994,0.0,4.9317,0,1,0
4078,4078,test,healthy,8.1439,603.3376,619.3532,619.3532,-16.0156,0.0,4.9317,0,1,0
4079,4079,test,healthy,7.9604,561.3498,585.7943,585.7943,-24.4445,0.0,4.9317,0,1,0
4080,4080,test,healthy,7.5497,474.207,485.3609,485.3609,-11.1539,0.0,4.9317,0,1,0
4081,4081,test,healthy,7.6923,503.4231,495.5499,495.5499,7.8733,0.0235,4.9317,0,1,0
4082,4082,test,healthy,7.9054,549.1577,538.2293,538.2293,10.9284,0.2433,4.9317,0,1,0
4083,4083,test,healthy,7.8358,533.9451,541.9951,541.9951,-8.05,0.0,4.9317,0,1,0
4084,4084,test,healthy,7.8972,547.3357,578.0862,578.0862,-30.7505,0.0,4.9317,0,1,0
4085,4085,test,healthy,7.9373,556.2011,569.8295,569.8295,-13.6284,0.0,4.9317,0,1,0
4086,4086,test,healthy,8.2421,626.5734,635.116,635.116,-8.5426,0.0,4.9317,0,1,0
4087,4087,test,healthy,8.2014,616.8741,603.5852,603.5852,13.2889,0.3716,4.9317,0,1,0
4088,4088,test,healthy,8.3592,655.0279,674.8363,674.8363,-19.8084,0.0,4.9317,0,1,0
4089,4089,test,healthy,8.1672,608.8032,595.8322,595.8322,12.971,0.3512,4.9317,0,1,0
4090,4090,test,healthy,8.2117,619.3104,615.1388,615.1388,4.1717,0.1367,4.9317,0,1,0
4091,4091,test,healthy,7.8217,530.8937,516.6945,516.6945,14.1992,0.5668,4.9317,0,1,0
4092,4092,test,healthy,7.3734,439.5801,436.9306,436.9306,2.6495,0.2544,4.9317,0,1,0
4093,4093,test,healthy,7.7225,509.7585,523.9679,523.9679,-14.2094,0.0,4.9317,0,1,0
4094,4094,test,healthy,8.0001,570.2772,591.9083,591.9083,-21.6311,0.0,4.9317,0,1,0
4095,4095,test,healthy,7.995,569.1313,533.2816,533.2816,35.8496,1.8218,4.9317,0,1,0
4096,4096,test,healthy,7.5861,481.5585,501.3275,501.3275,-19.769,0.0684,4.9317,0,1,0
4097,4097,test,healthy,7.7847,522.9383,492.7621,492.7621,30.1762,1.5255,4.9317,0,1,0
4098,4098,test,healthy,7.8697,541.3077,551.535,551.535,-10.2273,0.3855,4.9317,0,1,0
4099,4099,test,healthy,7.8712,541.6417,540.8904,540.8904,0.7513,0.0,4.9317,0,1,0
4100,4100,test,healthy,7.4701,458.3732,470.1358,470.1358,-11.7626,0.0,4.9317,0,1,0
4101,4101,test,healthy,8.1479,604.2562,615.08,615.08,-10.8237,0.0,4.9317,0,1,0
4102,4102,test,healthy,8.1166,596.9624,609.6591,609.6591,-12.6967,0.0,4.9317,0,1,0
4103,4103,test,healthy,8.3286,647.5146,638.8203,638.8203,8.6942,0.0762,4.9317,0,1,0
4104,4104,test,healthy,8.0668,585.4544,585.7769,585.7769,-0.3225,0.0,4.9317,0,1,0
4105,4105,test,healthy,7.7204,509.3058,509.4938,509.4938,-0.188,0.0,4.9317,0,1,0
4106,4106,test,healthy,8.2745,634.3721,640.6206,640.6206,-6.2485,0.0,4.9317,0,1,0
4107,4107,test,healthy,8.412,668.1301,697.8209,697.8209,-29.6908,0.0,4.9317,0,1,0
4108,4108,test,healthy,8.2148,620.064,619.2885,619.2885,0.7755,0.0,4.9317,0,1,0
4109,4109,test,healthy,8.721,748.1391,740.5333,740.5333,7.6057,0.0063,4.9317,0,1,0
4110,4110,test,healthy,8.5039,691.3206,697.5001,697.5001,-6.1795,0.0,4.9317,0,1,0
4111,4111,test,healthy,8.5876,712.8781,709.985,709.985,2.8931,0.0,4.9317,0,1,0
4112,4112,test,healthy,8.7134,746.0834,759.3769,759.3769,-13.2935,0.0,4.9317,0,1,0
4113,4113,test,healthy,8.591,713.7794,695.4287,695.4287,18.3508,0.697,4.9317,0,1,0
4114,4114,test,healthy,8.6968,741.6407,742.2416,742.2416,-0.6009,0.1757,4.9317,0,1,0
4115,4115,test,healthy,8.1931,614.9033,619.17,619.17,-4.2667,0.0,4.9317,0,1,0
4116,4116,test,healthy,8.6337,724.9451,720.2773,720.2773,4.6678,0.0,4.9317,0,1,0
4117,4117,test,healthy,8.2029,617.2237,604.8676,604.8676,12.356,0.3116,4.9317,0,1,0
4118,4118,test,healthy,8.4751,684.0089,684.0016,684.0016,0.0073,0.0,4.9317,0,1,0
4119,4119,test,healthy,8.3675,657.0781,676.9398,676.9398,-19.8617,0.0,4.9317,0,1,0
4120,4120,test,healthy,8.6586,731.5092,707.5281,707.5281,23.9811,1.0589,4.9317,0,1,0
4121,4121,test,healthy,9.2667,903.8858,914.7016,914.7016,-10.8158,0.0,4.9317,0,1,0
4122,4122,test,healthy,9.5529,993.2821,990.1188,990.1188,3.1633,0.0,4.9317,0,1,0
4123,4123,test,healthy,9.1781,877.301,860.8809,860.8809,16.4202,0.5729,4.9317,0,1,0
4124,4124,test,healthy,9.1134,858.2155,843.8313,843.8313,14.3841,1.0149,4.9317,0,1,0
4125,4125,test,healthy,8.6232,722.1896,725.3123,725.3123,-3.1227,0.3315,4.9317,0,1,0
4126,4126,test,healthy,8.4646,681.3358,675.8267,675.8267,5.5091,0.203,4.9317,0,1,0
4127,4127,test,healthy,8.6237,722.3156,691.3758,691.3758,30.9398,1.7092,4.9317,0,1,0
4128,4128,test,healthy,8.7005,742.6538,738.7002,738.7002,3.9536,1.4807,4.9317,0,1,0
4129,4129,test,healthy,8.3443,651.366,661.6834,661.6834,-10.3174,0.3348,4.9317,0,1,0
4130,4130,test,healthy,8.1493,604.5889,608.6678,608.6678,-4.0789,0.0,4.9317,0,1,0
4131,4131,test,healthy,8.729,750.2853,751.4229,751.4229,-1.1376,0.0,4.9317,0,1,0
4132,4132,test,healthy,8.9843,820.9162,820.2532,820.2532,0.6629,0.0,4.9317,0,1,0
4133,4133,test,healthy,8.9583,813.5432,796.3212,796.3212,17.222,0.6244,4.9317,0,1,0
4134,4134,test,healthy,8.4367,674.3278,658.4475,658.4475,15.8803,1.1626,4.9317,0,1,0
4135,4135,test,healthy,7.8717,541.7425,531.7117,531.7117,10.0309,1.3247,4.9317,0,1,0
4136,4136,test,healthy,7.6179,488.0562,505.6664,505.6664,-17.6102,0.0,4.9317,0,1,0
4137,4137,test,healthy,7.5314,470.5508,480.2638,480.2638,-9.713,0.0,4.9317,0,1,0
4138,4138,test,healthy,7.8465,536.263,541.9797,541.9797,-5.7166,0.0,4.9317,0,1,0
4139,4139,test,healthy,7.6618,497.0762,533.931,533.931,-36.8548,0.0,4.9317,0,1,0
4140,4140,test,healthy,7.79,524.0792,546.38,546.38,-22.3008,0.0,4.9317,0,1,0
4141,4141,test,healthy,7.3846,441.7347,437.9697,437.9697,3.765,0.0,4.9317,0,1,0
4142,4142,test,healthy,7.3514,435.3878,439.5885,439.5885,-4.2007,0.0,4.9317,0,1,0
4143,4143,test,healthy,6.9822,368.4728,348.0389,348.0389,20.4339,0.8309,4.9317,0,1,0
4144,4144,test,healthy,6.8078,339.2339,351.15,351.15,-11.9161,0.0,4.9317,0,1,0
4145,4145,test,healthy,6.7005,321.9561,333.0527,333.0527,-11.0966,0.0,4.9317,0,1,0
4146,4146,test,healthy,7.0489,380.0496,365.3542,365.3542,14.6954,0.462,4.9317,0,1,0
4147,4147,test,healthy,7.9446,557.8385,583.4062,583.4062,-25.5677,0.0,4.9317,0,1,0
4148,4148,test,healthy,7.5759,479.5034,439.051,439.051,40.4524,2.1177,4.9317,0,1,0
4149,4149,test,healthy,7.5877,481.8898,474.8729,474.8729,7.0168,2.0861,4.9317,0,1,0
4150,4150,test,healthy,7.5662,477.5369,467.2513,467.2513,10.2855,2.2646,4.9317,0,1,0
4151,4151,test,healthy,7.5126,466.7999,459.4582,459.4582,7.3417,2.2539,4.9317,0,1,0
4152,4152,test,healthy,7.9329,555.2322,559.6467,559.6467,-4.4145,1.4875,4.9317,0,1,0
4153,4153,test,healthy,7.7458,514.6656,522.6829,522.6829,-8.0173,0.4895,4.9317,0,1,0
4154,4154,test,healthy,7.785,523.0065,537.3963,537.3963,-14.3898,0.0,4.9317,0,1,0
4155,4155,test,healthy,7.585,481.3503,465.2703,465.2703,16.08,0.551,4.9317,0,1,0
4156,4156,test,healthy,7.5394,472.1482,477.5366,477.5366,-5.3884,0.0,4.9317,0,1,0
4157,4157,test,healthy,7.5605,476.3822,459.6818,459.6818,16.7003,0.5909,4.9317,0,1,0
4158,4158,test,healthy,7.1225,393.0979,396.995,396.995,-3.8971,0.0,4.9317,0,1,0
4159,4159,test,healthy,7.5364,471.5349,423.7948,423.7948,47.7402,2.5862,4.9317,0,1,0
4160,4160,test,healthy,7.932,555.0413,542.0179,542.0179,13.0234,2.9407,4.9317,0,1,0
4161,4161,test,healthy,7.8478,536.5474,541.5286,541.5286,-4.9812,2.1378,4.9317,0,1,0
4162,4162,test,healthy,8.3768,659.3755,688.3707,688.3707,-28.9952,0.0,4.9317,0,1,0
4163,4163,test,healthy,7.8426,535.4204,544.4371,544.4371,-9.0168,0.0,4.9317,0,1,0
4164,4164,test,healthy,7.5874,481.8365,480.607,480.607,1.2296,0.0,4.9317,0,1,0
4165,4165,test,healthy,7.7273,510.7598,488.3893,488.3893,22.3705,0.9554,4.9317,0,1,0
4166,4166,test,healthy,7.3824,441.3251,473.0265,473.0265,-31.7014,0.0,4.9317,0,1,0
4167,4167,test,healthy,7.4352,451.5474,427.8528,427.8528,23.6946,1.0405,4.9317,0,1,0
4168,4168,test,healthy,7.3004,425.7202,414.2269,414.2269,11.4934,1.2966,4.9317,0,1,0
4169,4169,test,healthy,7.2641,418.942,406.065,406.065,12.877,1.6418,4.9317,0,1,0
4170,4170,test,healthy,7.2449,415.3778,426.4899,426.4899,-11.1121,0.4448,4.9317,0,1,0
4171,4171,test,healthy,7.2175,410.3218,421.3764,421.3764,-11.0546,0.0,4.9317,0,1,0
4172,4172,test,healthy,7.0816,385.8188,382.287,382.287,3.5318,0.0,4.9317,0,1,0
4173,4173,test,healthy,7.0217,375.3161,367.0408,367.0408,8.2753,0.0493,4.9317,0,1,0
4174,4174,test,healthy,7.1053,390.0209,393.5314,393.5314,-3.5105,0.0,4.9317,0,1,0
4175,4175,test,healthy,7.6288,490.2911,460.8829,460.8829,29.4082,1.4078,4.9317,0,1,0
4176,4176,test,healthy,7.6708,498.9426,475.6902,475.6902,23.2524,2.4198,4.9317,0,1,0
4177,4177,test,healthy,7.7558,516.7935,520.8859,520.8859,-4.0924,1.6741,4.9317,0,1,0
4178,4178,test,healthy,7.6841,501.7224,523.1253,523.1253,-21.403,0.0,4.9317,0,1,0
4179,4179,test,healthy,7.838,534.4088,528.9195,528.9195,5.4893,0.0,4.9317,0,1,0
4180,4180,test,healthy,7.5996,484.3098,464.9962,464.9962,19.3136,0.7589,4.9317,0,1,0
4181,4181,test,healthy,7.4801,460.3549,458.0195,458.0195,2.3354,0.4263,4.9317,0,1,0
4182,4182,test,healthy,7.4777,459.8782,462.1599,462.1599,-2.2817,0.0,4.9317,0,1,0
4183,4183,test,healthy,7.3557,436.2112,443.2617,443.2617,-7.0505,0.0,4.9317,0,1,0
4184,4184,test,healthy,7.6566,496.0082,525.0308,525.0308,-29.0227,0.0,4.9317,0,1,0
4185,4185,test,healthy,8.07,586.2014,573.8067,573.8067,12.3947,0.3141,4.9317,0,1,0
4186,4186,test,healthy,7.7217,509.5804,524.2373,524.2373,-14.6569,0.0,4.9317,0,1,0
4187,4187,test,healthy,7.3093,427.3964,436.7739,436.7739,-9.3774,0.0,4.9317,0,1,0
4188,4188,test,healthy,7.0289,376.5581,396.2747,396.2747,-19.7166,0.0,4.9317,0,1,0
4189,4189,test,healthy,7.0763,384.8824,418.9597,418.9597,-34.0772,0.0,4.9317,0,1,0
4190,4190,test,healthy,6.964,365.3498,360.1983,360.1983,5.1516,0.0,4.9317,0,1,0
4191,4191,test,healthy,7.1959,406.3689,372.102,372.102,34.2669,1.7201,4.9317,0,1,0
4192,4192,test,healthy,7.1429,396.7531,390.7941,390.7941,5.9589,1.6205,4.9317,0,1,0
4193,4193,test,healthy,8.0375,578.767,598.8084,598.8084,-20.0414,0.0,4.9317,0,1,0
4194,4194,test,healthy,7.7017,505.3907,515.3976,515.3976,-10.0069,0.0,4.9317,0,1,0
4195,4195,test,healthy,7.948,558.5884,546.5315,546.5315,12.0569,0.2924,4.9317,0,1,0
4196,4196,test,healthy,8.198,616.0577,652.4615,652.4615,-36.4038,0.0,4.9317,0,1,0
4197,4197,test,healthy,8.4647,681.3619,675.4087,675.4087,5.9531,0.0,4.9317,0,1,0
4198,4198,test,healthy,8.4471,676.9321,641.8074,641.8074,35.1247,1.7752,4.9317,0,1,0
4199,4199,test,healthy,8.4021,665.6613,648.2722,648.2722,17.389,2.4104,4.9317,0,1,0
4200,4200,test,healthy,8.0305,577.1757,582.5303,582.5303,-5.3545,1.5835,4.9317,0,1,0
4201,4201,test,healthy,7.9465,558.2464,521.4759,521.4759,36.7705,3.4645,4.9317,0,1,0
4202,4202,test,healthy,8.0376,578.77,585.7978,585.7978,-7.0278,2.5301,4.9317,0,1,0
4203,4203,test,healthy,7.657,496.102,491.7044,491.7044,4.3977,2.3302,4.9317,0,1,0
4204,4204,test,healthy,7.7322,511.8061,498.4092,498.4092,13.3969,2.7087,4.9317,0,1,0
4205,4205,test,healthy,7.6382,492.2071,473.5968,473.5968,18.6104,3.4224,4.9317,0,1,0
4206,4206,test,healthy,7.8365,534.1026,522.7723,522.7723,11.3303,3.6681,4.9317,0,1,0
4207,4207,test,healthy,7.8321,533.1475,570.3001,570.3001,-37.1526,0.7972,4.9317,0,1,0
4208,4208,test,healthy,7.4894,462.1764,451.892,451.892,10.2844,0.9756,4.9317,0,1,0
4209,4209,test,healthy,7.1715,401.9278,444.4294,444.4294,-42.5017,0.0,4.9317,0,1,0
4210,4210,test,healthy,6.8642,348.5262,344.6272,344.6272,3.899,0.0,4.9317,0,1,0
4211,4211,test,healthy,7.1396,396.1585,404.1316,404.1316,-7.9731,0.0,4.9317,0,1,0
4212,4212,test,healthy,7.0662,383.1054,388.2799,388.2799,-5.1744,0.0,4.9317,0,1,0
4213,4213,test,healthy,7.0747,384.5946,380.799,380.799,3.7955,0.0,4.9317,0,1,0
4214,4214,test,healthy,7.3915,443.0664,465.0533,465.0533,-21.9869,0.0,4.9317,0,1,0
4215,4215,test,healthy,7.0767,384.9528,402.5706,402.5706,-17.6178,0.0,4.9317,0,1,0
4216,4216,test,healthy,6.9315,359.8177,392.7383,392.7383,-32.9206,0.0,4.9317,0,1,0
4217,4217,test,healthy,7.1037,389.7298,404.5784,404.5784,-14.8486,0.0,4.9317,0,1,0
4218,4218,test,healthy,6.8244,341.9585,357.0953,357.0953,-15.1367,0.0,4.9317,0,1,0
4219,4219,test,healthy,6.2864,260.361,249.7899,249.7899,10.5712,0.1969,4.9317,0,1,0
4220,4220,test,healthy,6.5542,299.303,307.2372,307.2372,-7.9342,0.0,4.9317,0,1,0
4221,4221,test,healthy,7.1626,400.3145,388.7734,388.7734,11.5411,0.2592,4.9317,0,1,0
4222,4222,test,healthy,7.3013,425.8958,430.9684,430.9684,-5.0726,0.0,4.9317,0,1,0
4223,4223,test,healthy,6.9201,357.8871,377.8193,377.8193,-19.9323,0.0,4.9317,0,1,0
4224,4224,test,healthy,7.6264,489.7913,497.1148,497.1148,-7.3234,0.0,4.9317,0,1,0
4225,4225,test,healthy,7.8268,531.9829,522.1398,522.1398,9.8431,0.1501,4.9317,0,1,0
4226,4226,test,healthy,8.2107,619.0864,586.9786,586.9786,32.1078,1.7314,4.9317,0,1,0
4227,4227,test,healthy,8.0626,584.4868,591.7355,591.7355,-7.2487,0.7828,4.9317,0,1,0
4228,4228,test,healthy,8.3796,660.0848,658.4269,658.4269,1.6579,0.4067,4.9317,0,1,0
4229,4229,test,healthy,7.9441,557.726,542.8552,542.8552,14.8708,0.88,4.9317,0,1,0
4230,4230,test,healthy,7.5877,481.8874,481.5323,481.5323,0.3551,0.4202,4.9317,0,1,0
4231,4231,test,healthy,7.3696,438.8629,464.2444,464.2444,-25.3814,0.0,4.9317,0,1,0
4232,4232,test,healthy,7.3821,441.264,426.6529,426.6529,14.6111,0.4566,4.9317,0,1,0
4233,4233,test,healthy,6.9188,357.6736,393.4016,393.4016,-35.728,0.0,4.9317,0,1,0
4234,4234,test,healthy,6.8067,339.0531,318.2085,318.2085,20.8445,0.8573,4.9317,0,1,0
4235,4235,test,healthy,6.726,326.0099,328.0094,328.0094,-1.9994,0.2461,4.9317,0,1,0
4236,4236,test,healthy,7.172,402.0132,371.8654,371.8654,30.1478,1.7014,4.9317,0,1,0
4237,4237,test,healthy,7.2519,416.6693,432.2923,432.2923,-15.623,0.2145,4.9317,0,1,0
4238,4238,test,healthy,7.0093,373.1517,390.6301,390.6301,-17.4784,0.0,4.9317,0,1,0
4239,4239,test,healthy,7.1959,406.3654,406.0772,406.0772,0.2881,0.0,4.9317,0,1,0
4240,4240,test,healthy,7.4815,460.6182,478.297,478.297,-17.6787,0.0,4.9317,0,1,0
4241,4241,test,healthy,7.4758,459.5058,482.9173,482.9173,-23.4115,0.0,4.9317,0,1,0
4242,4242,test,healthy,7.0873,386.8257,414.6555,414.6555,-27.8298,0.0,4.9317,0,1,0
4243,4243,test,healthy,6.9281,359.2393,348.9786,348.9786,10.2607,0.1769,4.9317,0,1,0
4244,4244,test,healthy,6.8763,350.5476,344.2282,344.2282,6.3194,0.1005,4.9317,0,1,0
4245,4245,test,healthy,7.1818,403.7986,435.2028,435.2028,-31.4042,0.0,4.9317,0,1,0
4246,4246,test,healthy,6.9925,370.2439,394.7134,394.7134,-24.4694,0.0,4.9317,0,1,0
4247,4247,test,healthy,6.8006,338.0511,326.7178,326.7178,11.3333,0.2459,4.9317,0,1,0
4248,4248,test,healthy,7.5327,470.7967,499.9367,499.9367,-29.14,0.0,4.9317,0,1,0
4249,4249,test,healthy,7.4281,450.1523,443.565,443.565,6.5873,0.0,4.9317,0,1,0
4250,4250,test,healthy,7.0053,372.4609,367.6675,367.6675,4.7934,0.0,4.9317,0,1,0
4251,4251,test,healthy,7.0239,375.683,393.6664,393.6664,-17.9834,0.0,4.9317,0,1,0
4252,4252,test,healthy,7.166,400.9156,371.499,371.499,29.4166,1.4083,4.9317,0,1,0
4253,4253,test,healthy,7.1736,402.3043,385.3732,385.3732,16.9311,2.014,4.9317,0,1,0
4254,4254,test,healthy,7.5252,469.2983,478.383,478.383,-9.0847,0.9474,4.9317,0,1,0
4255,4255,test,healthy,7.7551,516.6325,510.8411,510.8411,5.7914,0.837,4.9317,0,1,0
4256,4256,test,healthy,7.4725,458.8396,454.5922,454.5922,4.2473,0.6274,4.9317,0,1,0
4257,4257,test,healthy,7.3795,440.7594,432.4726,432.4726,8.2868,0.6774,4.9317,0,1,0
4258,4258,test,healthy,7.9387,556.5184,533.382,533.382,23.1364,1.682,4.9317,0,1,0
4259,4259,test,healthy,7.7972,525.6259,517.7533,517.7533,7.8726,1.7055,4.9317,0,1,0
4260,4260,test,healthy,8.2758,634.691,622.8253,622.8253,11.8657,1.9856,4.9317,0,1,0
4261,4261,test,healthy,8.3179,644.897,653.092,653.092,-8.195,0.9761,4.9317,0,1,0
4262,4262,test,healthy,8.5069,692.1005,710.2709,710.2709,-18.1703,0.0,4.9317,0,1,0
4263,4263,test,healthy,8.1672,608.8023,602.3423,602.3423,6.46,0.0,4.9317,0,1,0
4264,4264,test,healthy,8.7067,744.2863,751.9778,751.9778,-7.6915,0.0,4.9317,0,1,0
4265,4265,test,healthy,8.5963,715.1382,696.9516,696.9516,18.1866,0.6864,4.9317,0,1,0
4266,4266,test,healthy,8.7232,748.71,793.1661,793.1661,-44.4561,0.0,4.9317,0,1,0
4267,4267,test,healthy,10.1491,1197.4243,1210.158,1210.158,-12.7337,0.0,4.9317,0,1,0
4268,4268,test,healthy,9.5463,991.146,1000.0618,1000.0618,-8.9158,0.0,4.9317,0,1,0
4269,4269,test,healthy,9.4257,952.87,954.4054,954.4054,-1.5355,0.0,4.9317,0,1,0
4270,4270,test,healthy,8.7594,758.4837,761.2337,761.2337,-2.75,0.0,4.9317,0,1,0
4271,4271,test,healthy,8.4644,681.3014,718.463,718.463,-37.1616,0.0,4.9317,0,1,0
4272,4272,test,healthy,8.3151,644.2257,645.062,645.062,-0.8363,0.0,4.9317,0,1,0
4273,4273,test,healthy,8.3944,663.7487,673.1678,673.1678,-9.4191,0.0,4.9317,0,1,0
4274,4274,test,healthy,7.8509,537.2155,526.2844,526.2844,10.9312,0.22,4.9317,0,1,0
4275,4275,test,healthy,7.5994,484.2663,496.5579,496.5579,-12.2916,0.0,4.9317,0,1,0
4276,4276,test,healthy,8.4323,673.2045,688.8499,688.8499,-15.6454,0.0,4.9317,0,1,0
4277,4277,test,healthy,8.4736,683.6116,685.0062,685.0062,-1.3946,0.0,4.9317,0,1,0
4278,4278,test,healthy,8.1477,604.2229,615.5398,615.5398,-11.3168,0.0,4.9317,0,1,0
4279,4279,test,healthy,8.7344,751.7371,749.3993,749.3993,2.3377,0.0,4.9317,0,1,0
4280,4280,test,healthy,8.914,801.066,780.5582,780.5582,20.5079,0.8356,4.9317,0,1,0
4281,4281,test,healthy,8.5435,701.4681,715.5456,715.5456,-14.0774,0.0,4.9317,0,1,0
4282,4282,test,healthy,8.3339,648.8126,665.4276,665.4276,-16.615,0.0,4.9317,0,1,0
4283,4283,test,healthy,8.572,708.8327,720.9646,720.9646,-12.1319,0.0,4.9317,0,1,0
4284,4284,test,healthy,8.6915,740.2527,746.6918,746.6918,-6.4391,0.0,4.9317,0,1,0
4285,4285,test,healthy,8.0889,590.5412,611.0404,611.0404,-20.4992,0.0,4.9317,0,1,0
4286,4286,test,healthy,7.6567,496.0411,496.8732,496.8732,-0.832,0.0,4.9317,0,1,0
4287,4287,test,healthy,7.8577,538.6961,519.6564,519.6564,19.0397,0.7413,4.9317,0,1,0
4288,4288,test,healthy,7.6057,485.559,476.0006,476.0006,9.5584,0.873,4.9317,0,1,0
4289,4289,test,healthy,7.6304,490.6051,491.19,491.19,-0.5849,0.3528,4.9317,0,1,0
4290,4290,test,healthy,7.4315,450.8253,438.3424,438.3424,12.4829,0.6726,4.9317,0,1,0
4291,4291,test,healthy,6.9117,356.4775,332.3334,332.3334,24.1441,1.7419,4.9317,0,1,0
4292,4292,test,healthy,6.5177,293.7999,280.8224,280.8224,12.9775,2.0935,4.9317,0,1,0
4293,4293,test,healthy,6.2568,256.253,267.7088,267.7088,-11.4557,0.8745,4.9317,0,1,0
4294,4294,test,healthy,6.4696,286.6435,300.5116,300.5116,-13.8681,0.0,4.9317,0,1,0
4295,4295,test,healthy,6.4094,277.844,283.5206,283.5206,-5.6766,0.0,4.9317,0,1,0
4296,4296,test,healthy,6.2296,252.503,250.3725,250.3725,2.1304,0.0,4.9317,0,1,0
4297,4297,test,healthy,6.5985,306.0513,289.8387,289.8387,16.2126,0.5595,4.9317,0,1,0
4298,4298,test,healthy,6.9173,357.4271,369.1832,369.1832,-11.756,0.0,4.9317,0,1,0
4299,4299,test,healthy,6.5535,299.1952,293.9457,293.9457,5.2495,0.0,4.9317,0,1,0
4300,4300,test,healthy,6.9246,358.657,358.3138,358.3138,0.3432,0.0,4.9317,0,1,0
4301,4301,test,healthy,6.8756,350.4277,342.5113,342.5113,7.9164,0.0262,4.9317,0,1,0
4302,4302,test,healthy,6.6809,318.8763,319.9019,319.9019,-1.0256,0.0,4.9317,0,1,0
4303,4303,test,healthy,6.7913,336.5352,297.6973,297.6973,38.8378,2.0139,4.9317,0,1,0
4304,4304,test,healthy,6.8294,342.7652,340.1241,340.1241,2.6411,1.701,4.9317,0,1,0
4305,4305,test,healthy,6.5271,295.2027,281.0111,281.0111,14.1915,2.1306,4.9317,0,1,0
4306,4306,test,healthy,6.6402,312.5007,308.2695,308.2695,4.2312,1.92,4.9317,0,1,0
4307,4307,test,healthy,6.8221,341.5677,356.7939,356.7939,-15.2262,0.4586,4.9317,0,1,0
4308,4308,test,healthy,7.3825,441.33,467.0298,467.0298,-25.6997,0.0,4.9317,0,1,0
4309,4309,test,healthy,7.1323,394.8423,419.1862,419.1862,-24.3439,0.0,4.9317,0,1,0
4310,4310,test,healthy,7.3528,435.6448,456.8581,456.8581,-21.2132,0.0,4.9317,0,1,0
4311,4311,test,healthy,7.5345,471.1652,474.8054,474.8054,-3.6401,0.0,4.9317,0,1,0
4312,4312,test,healthy,7.1497,397.9833,381.3629,381.3629,16.6203,0.5857,4.9317,0,1,0
4313,4313,test,healthy,7.3025,426.1283,433.4462,433.4462,-7.3179,0.0,4.9317,0,1,0
4314,4314,test,healthy,6.8732,350.0177,363.3309,363.3309,-13.3132,0.0,4.9317,0,1,0
4315,4315,test,healthy,7.3482,434.7801,442.7383,442.7383,-7.9582,0.0,4.9317,0,1,0
4316,4316,test,healthy,7.4609,456.5752,491.1423,491.1423,-34.5671,0.0,4.9317,0,1,0
4317,4317,test,healthy,7.6649,497.7306,495.4282,495.4282,2.3024,0.0,4.9317,0,1,0
4318,4318,test,healthy,7.5347,471.1992,455.4467,455.4467,15.7525,0.5299,4.9317,0,1,0
4319,4319,test,healthy,7.2269,412.0574,452.8328,452.8328,-40.7755,0.0,4.9317,0,1,0
4320,4320,test,healthy,7.7594,517.5517,509.0306,509.0306,8.5211,0.0651,4.9317,0,1,0
4321,4321,test,healthy,7.5406,472.3917,478.124,478.124,-5.7322,0.0,4.9317,0,1,0
4322,4322,test,healthy,7.7267,510.6463,494.1549,494.1549,16.4915,0.5775,4.9317,0,1,0
4323,4323,test,healthy,7.8956,546.9949,514.3291,514.3291,32.6658,2.1946,4.9317,0,1,0
4324,4324,test,healthy,8.3393,650.1323,668.6911,668.6911,-18.5588,0.519,4.9317,0,1,0
4325,4325,test,healthy,8.0697,586.1348,576.5513,576.5513,9.5835,0.6524,4.9317,0,1,0
4326,4326,test,healthy,7.986,567.0885,578.0125,578.0125,-10.924,0.0,4.9317,0,1,0
4327,4327,test,healthy,8.0334,577.818,605.4536,605.4536,-27.6356,0.0,4.9317,0,1,0
4328,4328,test,healthy,8.5713,708.6597,717.2116,717.2116,-8.5519,0.0,4.9317,0,1,0
4329,4329,test,healthy,8.6385,726.1997,713.169,713.169,13.0306,0.355,4.9317,0,1,0
4330,4330,test,healthy,8.9208,802.9575,819.1165,819.1165,-16.159,0.0,4.9317,0,1,0
4331,4331,test,healthy,9.2942,912.2191,881.428,881.428,30.7911,1.4967,4.9317,0,1,0
4332,4332,test,healthy,8.7618,759.1364,782.7046,782.7046,-23.5682,0.0,4.9317,0,1,0
4333,4333,test,healthy,9.7538,1059.3231,1081.0255,1081.0255,-21.7024,0.0,4.9317,0,1,0
4334,4334,test,healthy,9.4406,957.5402,980.9831,980.9831,-23.443,0.0,4.9317,0,1,0
4335,4335,test,healthy,9.1793,877.649,910.7506,910.7506,-33.1016,0.0,4.9317,0,1,0
4336,4336,test,healthy,9.2403,895.9022,907.6775,907.6775,-11.7752,0.0,4.9317,0,1,0
4337,4337,test,healthy,9.9207,1116.2805,1109.2065,1109.2065,7.0741,0.0,4.9317,0,1,0
4338,4338,test,healthy,9.2682,904.3243,893.5281,893.5281,10.7962,0.2114,4.9317,0,1,0
4339,4339,test,healthy,9.1996,883.7028,885.3642,885.3642,-1.6614,0.0,4.9317,0,1,0
4340,4340,test,healthy,8.925,804.1407,822.0751,822.0751,-17.9344,0.0,4.9317,0,1,0
4341,4341,test,healthy,9.54,989.1129,988.6491,988.6491,0.4639,0.0,4.9317,0,1,0
4342,4342,test,healthy,9.4114,948.4004,952.2641,952.2641,-3.8637,0.0,4.9317,0,1,0
4343,4343,test,healthy,9.1404,866.1378,860.3361,860.3361,5.8017,0.0,4.9317,0,1,0
4344,4344,test,healthy,9.4138,949.1414,960.2152,960.2152,-11.0738,0.0,4.9317,0,1,0
4345,4345,test,healthy,9.4067,946.9271,980.7607,980.7607,-33.8336,0.0,4.9317,0,1,0
4346,4346,test,healthy,8.9072,799.1515,794.3602,794.3602,4.7913,0.0,4.9317,0,1,0
4347,4347,test,healthy,8.5732,709.134,682.4937,682.4937,26.6403,1.2298,4.9317,0,1,0
4348,4348,test,healthy,8.2209,621.4986,623.0842,623.0842,-1.5856,0.6453,4.9317,0,1,0
4349,4349,test,healthy,8.1965,615.7158,625.0275,625.0275,-9.3117,0.0,4.9317,0,1,0
4350,4350,test,healthy,7.7533,516.2681,496.0391,496.0391,20.229,0.8177,4.9317,0,1,0
4351,4351,test,healthy,8.01,572.5211,561.4534,561.4534,11.0677,1.0465,4.9317,0,1,0
4352,4352,test,healthy,7.9492,558.8632,548.5273,548.5273,10.3359,1.2283,4.9317,0,1,0
4353,4353,test,healthy,8.5655,707.1629,724.1379,724.1379,-16.975,0.0,4.9317,0,1,0
4354,4354,test,healthy,8.4914,688.1359,676.4705,676.4705,11.6653,0.2672,4.9317,0,1,0
4355,4355,test,healthy,8.5972,715.374,712.9228,712.9228,2.4512,0.0,4.9317,0,1,0
4356,4356,test,healthy,9.1667,873.9157,868.758,868.758,5.1577,0.0,4.9317,0,1,0
4357,4357,test,healthy,8.8913,794.7116,784.0624,784.0624,10.6493,0.2019,4.9317,0,1,0
4358,4358,test,healthy,9.0449,838.2885,843.0551,843.0551,-4.7666,0.0,4.9317,0,1,0
4359,4359,test,healthy,8.6667,733.6552,715.2829,715.2829,18.3723,0.6984,4.9317,0,1,0
4360,4360,test,healthy,7.9915,568.3393,554.321,554.321,14.0183,1.1168,4.9317,0,1,0
4361,4361,test,healthy,7.6722,499.2335,503.3194,503.3194,-4.0859,0.3715,4.9317,0,1,0
4362,4362,test,healthy,8.0668,585.4549,619.2271,619.2271,-33.7721,0.0,4.9317,0,1,0
4363,4363,test,healthy,9.0247,832.4664,811.3371,811.3371,21.1292,0.8756,4.9317,0,1,0
4364,4364,test,healthy,9.2316,893.2965,897.1965,897.1965,-3.9001,0.1422,4.9317,0,1,0
4365,4365,test,healthy,9.2526,899.6174,877.6152,877.6152,22.0022,1.0739,4.9317,0,1,0
4366,4366,test,healthy,9.5136,980.6583,1022.094,1022.094,-41.4357,0.0,4.9317,0,1,0
4367,4367,test,healthy,8.9293,805.3535,789.7079,789.7079,15.6456,0.5231,4.9317,0,1,0
4368,4368,test,healthy,9.2105,886.9632,853.3539,853.3539,33.6093,2.2009,4.9317,0,1,0
4369,4369,test,healthy,9.188,880.2383,876.8483,876.8483,3.39,1.9362,4.9317,0,1,0
4370,4370,test,healthy,8.5991,715.883,717.2586,717.2586,-1.3756,1.3651,4.9317,0,1,0
4371,4371,test,healthy,8.6987,742.1538,765.847,765.847,-23.6932,0.0,4.9317,0,1,0
4372,4372,test,healthy,8.4357,674.0554,685.952,685.952,-11.8965,0.0,4.9317,0,1,0
4373,4373,test,healthy,9.019,830.8351,834.4241,834.4241,-3.589,0.0,4.9317,0,1,0
4374,4374,test,healthy,9.4338,955.4194,981.0849,981.0849,-25.6656,0.0,4.9317,0,1,0
4375,4375,test,healthy,8.9781,819.1461,830.7632,830.7632,-11.617,0.0,4.9317,0,1,0
4376,4376,test,healthy,8.3938,663.5939,687.1609,687.1609,-23.567,0.0,4.9317,0,1,0
4377,4377,test,healthy,8.3464,651.8777,604.9215,604.9215,46.9561,2.5358,4.9317,0,1,0
4378,4378,test,healthy,8.2471,627.7848,612.413,612.413,15.3718,3.0412,4.9317,0,1,0
4379,4379,test,healthy,8.7604,758.7493,740.8552,740.8552,17.8942,3.7089,4.9317,0,1,0
4380,4380,test,healthy,8.8288,777.3978,792.6266,792.6266,-15.2288,2.2473,4.9317,0,1,0
4381,4381,test,healthy,8.6082,718.2594,718.8045,718.8045,-0.5451,1.7296,4.9317,0,1,0
4382,4382,test,healthy,8.5416,700.9925,712.2103,712.2103,-11.2178,0.5259,4.9317,0,1,0
4383,4383,test,healthy,8.5175,694.8002,690.2454,690.2454,4.5548,0.336,4.9317,0,1,0
4384,4384,test,healthy,8.1769,611.0723,592.5223,592.5223,18.5501,1.0458,4.9317,0,1,0
4385,4385,test,healthy,7.5633,476.9558,481.7053,481.7053,-4.7495,0.2578,4.9317,0,1,0
4386,4386,test,healthy,7.3778,440.4234,441.924,441.924,-1.5005,0.0,4.9317,0,1,0
4387,4387,test,healthy,7.6043,485.2756,497.7523,497.7523,-12.4767,0.0,4.9317,0,1,0
4388,4388,test,healthy,8.0025,570.8248,568.9569,568.9569,1.8679,0.0,4.9317,0,1,0
4389,4389,test,healthy,7.766,518.9671,498.1656,498.1656,20.8014,0.8545,4.9317,0,1,0
4390,4390,test,healthy,7.5425,472.7594,480.25,480.25,-7.4906,0.0,4.9317,0,1,0
4391,4391,test,healthy,7.3281,430.96,448.0354,448.0354,-17.0754,0.0,4.9317,0,1,0
4392,4392,test,healthy,7.7116,507.462,523.2979,523.2979,-15.8359,0.0,4.9317,0,1,0
4393,4393,test,healthy,7.868,540.9454,545.5953,545.5953,-4.6499,0.0,4.9317,0,1,0
4394,4394,test,healthy,7.6362,491.8006,475.0478,475.0478,16.7528,0.5942,4.9317,0,1,0
4395,4395,test,healthy,7.6238,489.2503,494.0601,494.0601,-4.8098,0.0,4.9317,0,1,0
4396,4396,test,healthy,7.6444,493.4895,496.3304,496.3304,-2.8409,0.0,4.9317,0,1,0
4397,4397,test,healthy,7.8708,541.557,521.5185,521.5185,20.0386,0.8055,4.9317,0,1,0
4398,4398,test,healthy,8.2828,636.3846,668.9006,668.9006,-32.516,0.0,4.9317,0,1,0
4399,4399,test,healthy,8.5051,691.6263,639.4598,639.4598,52.1664,2.8707,4.9317,0,1,0
4400,4400,test,healthy,8.5891,713.2674,726.849,726.849,-13.5816,1.515,4.9317,0,1,0
4401,4401,test,healthy,8.5461,702.143,691.4476,691.4476,10.6954,1.7199,4.9317,0,1,0
4402,4402,test,healthy,8.1212,598.0363,613.0182,613.0182,-14.9819,0.2742,4.9317,0,1,0
4403,4403,test,healthy,7.8769,542.8899,507.5418,507.5418,35.3481,2.0638,4.9317,0,1,0
4404,4404,test,healthy,7.6777,500.3779,462.7203,462.7203,37.6576,4.0018,4.9317,0,1,0
4405,4405,test,healthy,7.5453,473.3342,484.1549,484.1549,-10.8207,2.8236,4.9317,0,1,0
4406,4406,test,healthy,7.4084,446.3284,453.4697,453.4697,-7.1414,1.8819,4.9317,0,1,0
4407,4407,test,healthy,7.3479,434.7057,470.9986,470.9986,-36.2929,0.0,4.9317,0,1,0
4408,4408,test,healthy,7.8469,536.3492,555.3666,555.3666,-19.0173,0.0,4.9317,0,1,0
4409,4409,test,healthy,7.8584,538.8494,547.9761,547.9761,-9.1267,0.0,4.9317,0,1,0
4410,4410,test,healthy,8.0812,588.7727,607.58,607.58,-18.8073,0.0,4.9317,0,1,0
4411,4411,test,healthy,8.1399,602.3819,579.8004,579.8004,22.5815,0.9689,4.9317,0,1,0
4412,4412,test,healthy,7.8964,547.1589,565.3089,565.3089,-18.15,0.0,4.9317,0,1,0
4413,4413,test,healthy,7.9744,564.4993,597.0228,597.0228,-32.5235,0.0,4.9317,0,1,0
4414,4414,test,healthy,7.8925,546.3085,549.3083,549.3083,-2.9998,0.0,4.9317,0,1,0
4415,4415,test,healthy,7.8862,544.9259,550.7656,550.7656,-5.8396,0.0,4.9317,0,1,0
4416,4416,test,healthy,7.8465,536.2576,541.2331,541.2331,-4.9754,0.0,4.9317,0,1,0
4417,4417,test,healthy,7.5687,478.0426,520.6381,520.6381,-42.5955,0.0,4.9317,0,1,0
4418,4418,test,healthy,7.6972,504.4458,506.5509,506.5509,-2.1051,0.0,4.9317,0,1,0
4419,4419,test,healthy,7.5407,472.415,490.1313,490.1313,-17.7163,0.0,4.9317,0,1,0
4420,4420,test,healthy,7.2903,423.8317,390.6248,390.6248,33.2069,1.6519,4.9317,0,1,0
4421,4421,test,healthy,7.3698,438.905,459.3635,459.3635,-20.4585,0.0,4.9317,0,1,0
4422,4422,test,healthy,7.1132,391.426,388.1727,388.1727,3.2533,0.0,4.9317,0,1,0
4423,4423,test,healthy,6.9956,370.7876,361.3984,361.3984,9.3891,0.1209,4.9317,0,1,0
4424,4424,test,healthy,6.7669,332.5767,320.2216,320.2216,12.3551,0.4325,4.9317,0,1,0
4425,4425,test,healthy,7.0826,385.9927,406.187,406.187,-20.1942,0.0,4.9317,0,1,0
4426,4426,test,healthy,7.338,432.8382,412.1233,412.1233,20.7148,0.8489,4.9317,0,1,0
4427,4427,test,healthy,7.2442,415.2507,397.822,397.822,17.4287,1.4866,4.9317,0,1,0
4428,4428,test,healthy,6.9809,368.2593,370.8021,370.8021,-2.5428,0.8405,4.9317,0,1,0
4429,4429,test,healthy,7.2813,422.1484,405.9181,405.9181,16.2303,1.4012,4.9317,0,1,0
4430,4430,test,healthy,7.7154,508.2551,465.553,465.553,42.7021,3.6635,4.9317,0,1,0
4431,4431,test,healthy,7.2759,421.1461,435.6745,435.6745,-14.5284,2.247,4.9317,0,1,0
4432,4432,test,healthy,7.8269,532.0114,532.7472,532.7472,-0.7358,1.717,4.9317,0,1,0
4433,4433,test,healthy,7.6367,491.9034,508.6203,508.6203,-16.7169,0.1598,4.9317,0,1,0
4434,4434,test,healthy,7.9898,567.9486,572.7829,572.7829,-4.8343,0.0,4.9317,0,1,0
4435,4435,test,healthy,7.6329,491.1153,515.0213,515.0213,-23.906,0.0,4.9317,0,1,0
4436,4436,test,healthy,7.6964,504.2755,530.193,530.193,-25.9175,0.0,4.9317,0,1,0
4437,4437,test,healthy,8.0117,572.9017,579.7754,579.7754,-6.8738,0.0,4.9317,0,1,0
4438,4438,test,healthy,7.9981,569.8278,549.1025,549.1025,20.7254,0.8496,4.9317,0,1,0
4439,4439,test,healthy,7.9226,552.9474,519.6549,519.6549,33.2925,2.5071,4.9317,0,1,0
4440,4440,test,healthy,8.3833,660.9946,657.8306,657.8306,3.1641,2.2278,4.9317,0,1,0
4441,4441,test,healthy,8.267,632.5626,624.0767,624.0767,8.4859,2.2906,4.9317,0,1,0
4442,4442,test,healthy,7.7814,522.2419,543.2696,543.2696,-21.0277,0.4563,4.9317,0,1,0
4443,4443,test,healthy,8.9212,803.0909,802.5164,802.5164,0.5745,0.0106,4.9317,0,1,0
4444,4444,test,healthy,8.8366,779.5578,761.6349,761.6349,17.9229,0.6801,4.9317,0,1,0
4445,4445,test,healthy,8.591,713.7742,729.8519,729.8519,-16.0777,0.0,4.9317,0,1,0
4446,4446,test,healthy,8.8399,780.4741,760.5728,760.5728,19.9013,0.7966,4.9317,0,1,0
4447,4447,test,healthy,8.5698,708.2561,704.5203,704.5203,3.7358,0.5541,4.9317,0,1,0
4448,4448,test,healthy,8.3655,656.6015,651.6261,651.6261,4.9754,0.3913,4.9317,0,1,0
4449,4449,test,healthy,8.4352,673.9323,668.8874,668.8874,5.0449,0.233,4.9317,0,1,0
4450,4450,test,healthy,8.4054,666.4967,680.515,680.515,-14.0183,0.0,4.9317,0,1,0
4451,4451,test,healthy,9.0187,830.7621,817.5187,817.5187,13.2434,0.3687,4.9317,0,1,0
4452,4452,test,healthy,8.6252,722.7077,752.0406,752.0406,-29.3329,0.0,4.9317,0,1,0
4453,4453,test,healthy,8.7242,748.9846,746.544,746.544,2.4406,0.0,4.9317,0,1,0
4454,4454,test,healthy,9.2917,911.4625,905.8333,905.8333,5.6292,0.0,4.9317,0,1,0
4455,4455,test,healthy,9.4246,952.539,955.2332,955.2332,-2.6941,0.0,4.9317,0,1,0
4456,4456,test,healthy,9.4518,961.0809,956.4336,956.4336,4.6473,0.0,4.9317,0,1,0
4457,4457,test,healthy,9.2674,904.0945,889.2293,889.2293,14.8652,0.4729,4.9317,0,1,0
4458,4458,test,healthy,9.2298,892.7477,883.3833,883.3833,9.3643,0.5922,4.9317,0,1,0
4459,4459,test,healthy,9.2796,907.7805,880.4371,880.4371,27.3434,1.8672,4.9317,0,1,0
4460,4460,test,healthy,9.2296,892.6833,898.156,898.156,-5.4727,1.0328,4.9317,0,1,0
4461,4461,test,healthy,8.6411,726.8977,723.4778,723.4778,3.4199,0.77,4.9317,0,1,0
4462,4462,test,healthy,8.1196,597.665,610.1443,610.1443,-12.4793,0.0,4.9317,0,1,0
4463,4463,test,healthy,8.5087,692.5534,699.016,699.016,-6.4626,0.0,4.9317,0,1,0
4464,4464,test,healthy,8.2574,630.2546,619.4076,619.4076,10.847,0.2146,4.9317,0,1,0
4465,4465,test,healthy,8.0696,586.1055,600.3071,600.3071,-14.2016,0.0,4.9317,0,1,0
4466,4466,test,healthy,7.6543,495.5304,474.953,474.953,20.5774,0.8401,4.9317,0,1,0
4467,4467,test,healthy,7.4798,460.2975,469.9296,469.9296,-9.6321,0.0,4.9317,0,1,0
4468,4468,test,healthy,7.5307,470.4037,445.3632,445.3632,25.0405,1.127,4.9317,0,1,0
4469,4469,test,healthy,7.2927,424.2725,385.0974,385.0974,39.1751,3.1626,4.9317,0,1,0
4470,4470,test,healthy,7.4294,450.4135,467.1041,467.1041,-16.6906,1.607,4.9317,0,1,0
4471,4471,test,healthy,7.0088,373.0623,345.5683,345.5683,27.4941,2.8918,4.9317,0,1,0
4472,4472,test,healthy,6.6685,316.9133,339.9427,339.9427,-23.0294,0.9288,4.9317,0,1,0
4473,4473,test,healthy,6.6147,308.5493,292.7659,292.7659,15.7833,1.4607,4.9317,0,1,0
4474,4474,test,healthy,6.9587,364.456,379.2794,379.2794,-14.8234,0.0252,4.9317,0,1,0
4475,4475,test,healthy,6.8394,344.4208,377.0875,377.0875,-32.6667,0.0,4.9317,0,1,0
4476,4476,test,healthy,6.9207,357.9973,335.2639,335.2639,22.7334,0.9787,4.9317,0,1,0
4477,4477,test,healthy,6.8634,348.3882,363.5205,363.5205,-15.1323,0.0,4.9317,0,1,0
4478,4478,test,healthy,6.5522,299.0017,327.4355,327.4355,-28.4338,0.0,4.9317,0,1,0
4479,4479,test,healthy,6.4961,290.5746,285.5938,285.5938,4.9808,0.0,4.9317,0,1,0
4480,4480,test,healthy,6.5751,302.4771,315.0524,315.0524,-12.5753,0.0,4.9317,0,1,0
4481,4481,test,healthy,6.3308,266.5891,280.571,280.571,-13.9819,0.0,4.9317,0,1,0
4482,4482,test,healthy,6.4158,278.7669,289.5869,289.5869,-10.82,0.0,4.9317,0,1,0
4483,4483,test,healthy,6.1838,246.2781,231.9545,231.9545,14.3236,0.4381,4.9317,0,1,0
4484,4484,test,healthy,7.2631,418.7511,401.9116,401.9116,16.8395,1.0379,4.9317,0,1,0
4485,4485,test,healthy,7.4073,446.1117,468.3376,468.3376,-22.226,0.0,4.9317,0,1,0
4486,4486,test,healthy,7.512,466.6799,466.7903,466.7903,-0.1104,0.0,4.9317,0,1,0
4487,4487,test,healthy,7.6656,497.8763,513.7218,513.7218,-15.8455,0.0,4.9317,0,1,0
4488,4488,test,healthy,8.1043,594.1137,602.2847,602.2847,-8.1709,0.0,4.9317,0,1,0
4489,4489,test,healthy,8.1923,614.714,656.0434,656.0434,-41.3293,0.0,4.9317,0,1,0
4490,4490,test,healthy,8.1807,611.9791,590.9141,590.9141,21.065,0.8714,4.9317,0,1,0
4491,4491,test,healthy,8.4363,674.2139,690.7727,690.7727,-16.5588,0.0,4.9317,0,1,0
4492,4492,test,healthy,8.6991,742.2616,753.221,753.221,-10.9594,0.0,4.9317,0,1,0
4493,4493,test,healthy,8.8904,794.4607,797.9543,797.9543,-3.4936,0.0,4.9317,0,1,0
4494,4494,test,healthy,8.4882,687.3141,674.2372,674.2372,13.077,0.358,4.9317,0,1,0
4495,4495,test,healthy,8.0919,591.2394,563.6651,563.6651,27.5743,1.6478,4.9317,0,1,0
4496,4496,test,healthy,7.8522,537.5053,524.0768,524.0768,13.4286,2.0284,4.9317,0,1,0
4497,4497,test,healthy,8.0386,579.0038,589.0484,589.0484,-10.0446,0.9001,4.9317,0,1,0
4498,4498,test,healthy,7.9969,569.5466,582.8992,582.8992,-13.3526,0.0,4.9317,0,1,0
4499,4499,test,healthy,8.4087,667.3082,673.6489,673.6489,-6.3407,0.0,4.9317,0,1,0
4500,4500,test,healthy,7.8652,540.336,541.665,541.665,-1.329,0.0,4.9317,0,1,0
4501,4501,test,healthy,7.915,551.2668,561.6381,561.6381,-10.3714,0.0,4.9317,0,1,0
4502,4502,test,healthy,7.8623,539.7052,534.4005,534.4005,5.3047,0.0,4.9317,0,1,0
4503,4503,test,healthy,7.8954,546.947,550.4119,550.4119,-3.4648,0.0,4.9317,0,1,0
4504,4504,test,healthy,8.6798,737.131,739.1634,739.1634,-2.0325,0.0,4.9317,0,1,0
4505,4505,test,healthy,8.6224,721.9873,698.6211,698.6211,23.3662,1.0194,4.9317,0,1,0
4506,4506,test,healthy,8.4374,674.4893,650.5096,650.5096,23.9797,2.0782,4.9317,0,1,0
4507,4507,test,healthy,7.9448,557.8839,552.2171,552.2171,5.6668,1.9598,4.9317,0,1,0
4508,4508,test,healthy,7.8157,529.5897,566.2074,566.2074,-36.6177,0.0,4.9317,0,1,0
4509,4509,test,healthy,7.654,495.4736,500.7602,500.7602,-5.2867,0.0,4.9317,0,1,0
4510,4510,test,healthy,7.81,528.379,533.1274,533.1274,-4.7484,0.0,4.9317,0,1,0
4511,4511,test,healthy,7.5978,483.9367,495.7015,495.7015,-11.7648,0.0,4.9317,0,1,0
4512,4512,test,healthy,7.1127,391.3405,374.3901,374.3901,16.9504,0.6069,4.9317,0,1,0
4513,4513,test,healthy,7.1784,403.1791,428.6798,428.6798,-25.5007,0.0,4.9317,0,1,0
4514,4514,test,healthy,7.8016,526.5749,520.2032,520.2032,6.3716,0.0,4.9317,0,1,0
4515,4515,test,healthy,7.9372,556.1967,561.3133,561.3133,-5.1165,0.0,4.9317,0,1,0
4516,4516,test,healthy,8.7642,759.7743,762.2288,762.2288,-2.4544,0.0,4.9317,0,1,0
4517,4517,test,healthy,8.6205,721.4771,719.1606,719.1606,2.3165,0.0,4.9317,0,1,0
4518,4518,test,healthy,8.9827,820.4685,815.506,815.506,4.9625,0.0,4.9317,0,1,0
4519,4519,test,healthy,9.7911,1071.8635,1072.8374,1072.8374,-0.9738,0.0,4.9317,0,1,0
4520,4520,test,healthy,9.3484,928.8529,907.8375,907.8375,21.0154,0.8683,4.9317,0,1,0
4521,4521,test,healthy,9.2674,904.076,886.6223,886.6223,17.4537,1.5076,4.9317,0,1,0
4522,4522,test,healthy,9.4099,947.9347,968.9045,968.9045,-20.9698,0.0,4.9317,0,1,0
4523,4523,test,healthy,9.7808,1068.3931,1091.5778,1091.5778,-23.1846,0.0,4.9317,0,1,0
4524,4524,test,healthy,9.7,1041.3505,1063.9161,1063.9161,-22.5657,0.0,4.9317,0,1,0
4525,4525,test,healthy,9.0395,836.7295,824.6684,824.6684,12.0611,0.2927,4.9317,0,1,0
4526,4526,test,healthy,9.2022,884.4674,890.0587,890.0587,-5.5914,0.0,4.9317,0,1,0
4527,4527,test,healthy,9.0265,833.0026,816.2403,816.2403,16.7623,0.5949,4.9317,0,1,0
4528,4528,test,healthy,8.5474,702.4853,701.2352,701.2352,1.2501,0.1926,4.9317,0,1,0
4529,4529,test,healthy,8.0948,591.9041,566.2037,566.2037,25.7004,1.362,4.9317,0,1,0
4530,4530,test,healthy,8.2327,624.32,618.0323,618.0323,6.2877,1.2835,4.9317,0,1,0
4531,4531,test,healthy,7.6598,496.6716,484.7926,484.7926,11.879,1.5645,4.9317,0,1,0
4532,4532,test,healthy,7.8695,541.2794,561.0431,561.0431,-19.7637,0.0,4.9317,0,1,0
4533,4533,test,healthy,7.7576,517.1662,519.596,519.596,-2.4298,0.0,4.9317,0,1,0
4534,4534,test,healthy,8.1652,608.3238,595.0634,595.0634,13.2603,0.3698,4.9317,0,1,0
4535,4535,test,healthy,7.9246,553.3961,542.697,542.697,10.699,0.5749,4.9317,0,1,0
4536,4536,test,healthy,8.0069,571.822,575.1514,575.1514,-3.3294,0.0,4.9317,0,1,0
4537,4537,test,healthy,7.9612,561.5407,563.0904,563.0904,-1.5497,0.0,4.9317,0,1,0
4538,4538,test,healthy,8.0205,574.8965,586.1234,586.1234,-11.2269,0.0,4.9317,0,1,0
4539,4539,test,healthy,7.8603,539.2565,493.8344,493.8344,45.4221,2.4372,4.9317,0,1,0
4540,4540,test,healthy,7.4903,462.3707,434.4556,434.4556,27.9151,3.7489,4.9317,0,1,0
4541,4541,test,healthy,7.4123,447.0852,435.3612,435.3612,11.724,4.0199,4.9317,0,1,0
4542,4542,test,healthy,8.2654,632.1799,665.0686,665.0686,-32.8887,1.4231,4.9317,0,1,0
4543,4543,test,healthy,8.0155,573.7564,544.0838,544.0838,29.6726,2.8479,4.9317,0,1,0
4544,4544,test,healthy,8.4713,683.0303,696.4744,696.4744,-13.4441,1.501,4.9317,0,1,0
4545,4545,test,healthy,8.5542,704.2281,734.7717,734.7717,-30.5436,0.0,4.9317,0,1,0
4546,4546,test,healthy,8.9155,801.4688,787.5169,787.5169,13.9519,0.4142,4.9317,0,1,0
4547,4547,test,healthy,8.4933,688.6203,681.8022,681.8022,6.818,0.3698,4.9317,0,1,0
4548,4548,test,healthy,8.5183,695.0003,702.984,702.984,-7.9837,0.0,4.9317,0,1,0
4549,4549,test,healthy,8.5776,710.2871,686.6573,686.6573,23.6298,1.0363,4.9317,0,1,0
4550,4550,test,healthy,8.5344,699.1331,688.439,688.439,10.6942,1.2411,4.9317,0,1,0
4551,4551,test,healthy,8.7283,750.0768,772.0275,772.0275,-21.9507,0.0,4.9317,0,1,0
4552,4552,test,healthy,8.364,656.2125,679.0817,679.0817,-22.8692,0.0,4.9317,0,1,0
4553,4553,test,healthy,8.2334,624.4917,621.6355,621.6355,2.8561,0.0,4.9317,0,1,0
4554,4554,test,healthy,8.146,603.8088,620.1316,620.1316,-16.3228,0.0,4.9317,0,1,0
4555,4555,test,healthy,8.4058,666.5862,665.1719,665.1719,1.4142,0.0,4.9317,0,1,0
4556,4556,test,healthy,8.1006,593.2519,599.2555,599.2555,-6.0036,0.0,4.9317,0,1,0
4557,4557,test,healthy,8.5068,692.0664,677.4678,677.4678,14.5986,0.4558,4.9317,0,1,0
4558,4558,test,healthy,8.2777,635.1413,634.8342,634.8342,0.3072,0.0,4.9317,0,1,0
4559,4559,test,healthy,7.8912,546.0207,537.1334,537.1334,8.8873,0.0886,4.9317,0,1,0
4560,4560,test,healthy,8.1047,594.1934,606.6407,606.6407,-12.4473,0.0,4.9317,0,1,0
4561,4561,test,healthy,8.3499,652.7412,658.9439,658.9439,-6.2027,0.0,4.9317,0,1,0
4562,4562,test,healthy,8.0498,581.563,579.3909,579.3909,2.1721,0.0,4.9317,0,1,0
4563,4563,test,healthy,7.8112,528.6395,532.7123,532.7123,-4.0727,0.0,4.9317,0,1,0
4564,4564,test,healthy,7.4921,462.7266,458.0515,458.0515,4.6751,0.0,4.9317,0,1,0
4565,4565,test,healthy,7.7372,512.8599,487.6771,487.6771,25.1827,1.1361,4.9317,0,1,0
4566,4566,test,healthy,7.8171,529.9066,529.7594,529.7594,0.1472,0.663,4.9317,0,1,0
4567,4567,test,healthy,7.3257,430.5032,449.2448,449.2448,-18.7416,0.0,4.9317,0,1,0
4568,4568,test,healthy,7.4872,461.7589,475.2618,475.2618,-13.5029,0.0,4.9317,0,1,0
4569,4569,test,healthy,7.7135,507.8659,523.4539,523.4539,-15.588,0.0,4.9317,0,1,0
4570,4570,test,healthy,7.3029,426.1882,443.3018,443.3018,-17.1137,0.0,4.9317,0,1,0
4571,4571,test,healthy,7.6465,493.9337,485.5336,485.5336,8.4,0.0573,4.9317,0,1,0
4572,4572,test,healthy,7.5992,484.2245,467.4148,467.4148,16.8097,0.6552,4.9317,0,1,0
4573,4573,test,healthy,7.3979,444.2984,508.7929,508.7929,-64.4945,0.0,4.9317,0,1,0
4574,4574,test,healthy,7.0059,372.5633,390.9176,390.9176,-18.3543,0.0,4.9317,0,1,0
4575,4575,test,healthy,6.7472,329.4104,346.6491,346.6491,-17.2387,0.0,4.9317,0,1,0
4576,4576,test,healthy,6.4444,282.9323,237.6073,237.6073,45.3251,2.4309,4.9317,0,1,0
4577,4577,test,healthy,6.6957,321.207,312.1947,312.1947,9.0123,2.5276,4.9317,0,1,0
4578,4578,test,healthy,6.4822,288.5084,284.3422,284.3422,4.1662,2.3128,4.9317,0,1,0
4579,4579,test,healthy,6.1355,239.825,237.7084,237.7084,2.1166,1.9662,4.9317,0,1,0
4580,4580,test,healthy,6.396,275.8966,307.6958,307.6958,-31.7993,0.0,4.9317,0,1,0
4581,4581,test,healthy,6.302,262.5349,258.4273,258.4273,4.1076,0.0,4.9317,0,1,0
4582,4582,test,healthy,6.6963,321.2984,340.5869,340.5869,-19.2885,0.0,4.9317,0,1,0
4583,4583,test,healthy,6.9905,369.8989,408.5018,408.5018,-38.6029,0.0,4.9317,0,1,0
4584,4584,test,healthy,6.9434,361.8482,366.0982,366.0982,-4.25,0.0,4.9317,0,1,0
4585,4585,test,healthy,6.9527,363.428,365.4961,365.4961,-2.0681,0.0,4.9317,0,1,0
4586,4586,test,healthy,6.8507,346.2881,322.9678,322.9678,23.3203,1.0164,4.9317,0,1,0
4587,4587,test,healthy,7.3467,434.4882,443.5487,443.5487,-9.0605,0.0,4.9317,0,1,0
4588,4588,test,healthy,7.5394,472.1411,471.0699,471.0699,1.0712,0.0,4.9317,0,1,0
4589,4589,test,healthy,7.1281,394.1015,396.3287,396.3287,-2.2271,0.0,4.9317,0,1,0
4590,4590,test,healthy,7.3621,437.431,437.6445,437.6445,-0.2135,0.0,4.9317,0,1,0
4591,4591,test,healthy,7.5791,480.1449,510.8284,510.8284,-30.6835,0.0,4.9317,0,1,0
4592,4592,test,healthy,7.916,551.4924,579.3055,579.3055,-27.8131,0.0,4.9317,0,1,0
4593,4593,test,healthy,7.5933,483.0349,499.3448,499.3448,-16.3099,0.0,4.9317,0,1,0
4594,4594,test,healthy,7.4538,455.1847,432.9417,432.9417,22.243,0.9472,4.9317,0,1,0
4595,4595,test,healthy,7.0988,388.8707,396.839,396.839,-7.9682,0.0,4.9317,0,1,0
4596,4596,test,healthy,6.9543,363.6986,372.7157,372.7157,-9.0171,0.0,4.9317,0,1,0
4597,4597,test,healthy,6.6281,310.6206,335.5517,335.5517,-24.9311,0.0,4.9317,0,1,0
4598,4598,test,healthy,6.8736,350.0996,346.8924,346.8924,3.2072,0.0,4.9317,0,1,0
4599,4599,test,healthy,6.7565,330.9094,341.3498,341.3498,-10.4404,0.0,4.9317,0,1,0
4600,4600,test,healthy,7.3763,440.1457,428.6074,428.6074,11.5383,0.2591,4.9317,0,1,0
4601,4601,test,healthy,7.7694,519.6747,547.2084,547.2084,-27.5337,0.0,4.9317,0,1,0
4602,4602,test,healthy,7.5297,470.1992,485.2959,485.2959,-15.0967,0.0,4.9317,0,1,0
4603,4603,test,healthy,7.4932,462.9308,467.5887,467.5887,-4.658,0.0,4.9317,0,1,0
4604,4604,test,healthy,7.4434,453.1455,440.3643,440.3643,12.7811,0.3389,4.9317,0,1,0
4605,4605,test,healthy,7.1746,402.4764,403.4815,403.4815,-1.0051,0.0,4.9317,0,1,0
4606,4606,test,healthy,6.9013,354.7193,372.5938,372.5938,-17.8745,0.0,4.9317,0,1,0
4607,4607,test,healthy,6.9269,359.0398,374.6271,374.6271,-15.5873,0.0,4.9317,0,1,0
4608,4608,test,healthy,6.997,371.023,396.37,396.37,-25.347,0.0,4.9317,0,1,0
4609,4609,test,healthy,7.0437,379.1506,416.7744,416.7744,-37.6238,0.0,4.9317,0,1,0
4610,4610,test,healthy,6.8093,339.4749,350.3959,350.3959,-10.921,0.0,4.9317,0,1,0
4611,4611,test,healthy,7.43,450.5198,466.0825,466.0825,-15.5627,0.0,4.9317,0,1,0
4612,4612,test,healthy,7.6937,503.7259,512.4645,512.4645,-8.7386,0.0,4.9317,0,1,0
4613,4613,test,healthy,8.1908,614.3649,647.0757,647.0757,-32.7108,0.0,4.9317,0,1,0
4614,4614,test,healthy,8.0163,573.9338,569.7928,569.7928,4.141,0.0,4.9317,0,1,0
4615,4615,test,healthy,7.6779,500.4286,505.133,505.133,-4.7045,0.0,4.9317,0,1,0
4616,4616,test,healthy,7.8028,526.816,511.0445,511.0445,15.7715,0.5312,4.9317,0,1,0
4617,4617,test,healthy,7.8417,535.227,545.3497,545.3497,-10.1227,0.0,4.9317,0,1,0
4618,4618,test,healthy,7.8871,545.1293,565.5796,565.5796,-20.4503,0.0,4.9317,0,1,0
4619,4619,test,healthy,7.6093,486.2937,472.3819,472.3819,13.9118,0.4116,4.9317,0,1,0
4620,4620,test,healthy,7.8704,541.4726,528.2677,528.2677,13.205,0.7778,4.9317,0,1,0
4621,4621,test,healthy,7.5871,481.7725,461.1689,461.1689,20.6037,1.6196,4.9317,0,1,0
4622,4622,test,healthy,7.7779,521.4924,499.4282,499.4282,22.0642,2.5553,4.9317,0,1,0
4623,4623,test,healthy,7.7504,515.6352,540.7594,540.7594,-25.1243,0.4576,4.9317,0,1,0
4624,4624,test,healthy,7.4728,458.9076,409.1027,409.1027,49.8049,3.1765,4.9317,0,1,0
4625,4625,test,healthy,8.1396,602.3196,588.8396,588.8396,13.48,3.5604,4.9317,0,1,0
4626,4626,test,healthy,8.1704,609.5522,615.9816,615.9816,-6.4295,2.6644,4.9317,0,1,0
4627,4627,test,healthy,7.7331,511.9787,524.0249,524.0249,-12.0462,1.4074,4.9317,0,1,0
4628,4628,test,healthy,7.6156,487.5853,504.441,504.441,-16.8557,0.0,4.9317,0,1,0
4629,4629,test,healthy,7.0723,384.176,380.5108,380.5108,3.6651,0.0,4.9317,0,1,0
4630,4630,test,healthy,7.2678,419.6252,439.905,439.905,-20.2798,0.0,4.9317,0,1,0
4631,4631,test,healthy,7.2457,415.5174,414.8956,414.8956,0.6217,0.0,4.9317,0,1,0
4632,4632,test,healthy,6.9149,357.0168,359.0294,359.0294,-2.0126,0.0,4.9317,0,1,0
4633,4633,test,healthy,6.5377,296.8066,316.267,316.267,-19.4604,0.0,4.9317,0,1,0
4634,4634,test,healthy,6.8301,342.8877,285.6445,285.6445,57.2432,3.197,4.9317,0,1,0
4635,4635,test,healthy,7.2655,419.1925,417.0869,417.0869,2.1056,2.8497,4.9317,0,1,0
4636,4636,test,healthy,7.667,498.1648,474.9559,474.9559,23.2089,3.859,4.9317,0,1,0
4637,4637,test,healthy,8.6152,720.0859,704.0113,704.0113,16.0746,4.4096,4.9317,0,1,0
4638,4638,test,healthy,9.0603,842.7394,856.1012,856.1012,-13.3619,3.0681,4.9317,0,1,0
4639,4639,test,healthy,9.0372,836.0628,854.56,854.56,-18.4972,1.3964,4.9317,0,1,0
4640,4640,test,healthy,8.8963,796.0958,813.1306,813.1306,-17.0347,0.0,4.9317,0,1,0
4641,4641,test,healthy,8.6334,724.8566,700.984,700.984,23.8726,1.0519,4.9317,0,1,0
4642,4642,test,healthy,8.8474,782.5283,781.4974,781.4974,1.0309,0.6355,4.9317,0,1,0
4643,4643,test,healthy,8.439,674.9053,684.6664,684.6664,-9.7611,0.0,4.9317,0,1,0
4644,4644,test,healthy,8.0539,582.5076,578.246,578.246,4.2615,0.0,4.9317,0,1,0
4645,4645,test,healthy,7.9225,552.9192,564.7256,564.7256,-11.8064,0.0,4.9317,0,1,0
4646,4646,test,healthy,7.7097,507.0569,521.647,521.647,-14.5901,0.0,4.9317,0,1,0
4647,4647,test,healthy,7.9364,556.0197,538.0329,538.0329,17.9868,0.6736,4.9317,0,1,0
4648,4648,test,healthy,7.7894,523.9471,521.6579,521.6579,2.2892,0.3381,4.9317,0,1,0
4649,4649,test,healthy,7.6535,495.3679,467.6931,467.6931,27.6748,1.6344,4.9317,0,1,0
4650,4650,test,healthy,7.8038,527.0408,531.506,531.506,-4.4652,0.8647,4.9317,0,1,0
4651,4651,test,healthy,7.4879,461.8799,466.3405,466.3405,-4.4607,0.0954,4.9317,0,1,0
4652,4652,test,healthy,8.1005,593.2346,609.6076,609.6076,-16.373,0.0,4.9317,0,1,0
4653,4653,test,healthy,7.625,489.4948,490.5294,490.5294,-1.0346,0.0,4.9317,0,1,0
4654,4654,test,healthy,7.5798,480.2908,479.1855,479.1855,1.1054,0.0,4.9317,0,1,0
4655,4655,test,healthy,7.9834,566.5194,552.4664,552.4664,14.053,0.4207,4.9317,0,1,0
4656,4656,test,healthy,8.0687,585.8918,606.2028,606.2028,-20.3111,0.0,4.9317,0,1,0
4657,4657,test,healthy,8.0076,571.9648,565.7089,565.7089,6.2559,0.0,4.9317,0,1,0
4658,4658,test,healthy,8.3106,643.1309,665.0322,665.0322,-21.9013,0.0,4.9317,0,1,0
4659,4659,test,healthy,8.7895,766.6626,761.9974,761.9974,4.6651,0.0,4.9317,0,1,0
4660,4660,test,healthy,8.3986,664.7841,649.922,649.922,14.8621,0.4727,4.9317,0,1,0
4661,4661,test,healthy,8.7304,750.6581,751.746,751.746,-1.0879,0.0,4.9317,0,1,0
4662,4662,test,healthy,8.3785,659.7975,669.9587,669.9587,-10.1612,0.0,4.9317,0,1,0
4663,4663,test,healthy,8.3286,647.5119,641.519,641.519,5.9929,0.0,4.9317,0,1,0
4664,4664,test,healthy,7.8934,546.5147,548.4255,548.4255,-1.9108,0.0,4.9317,0,1,0
4665,4665,test,healthy,7.393,443.3475,430.9009,430.9009,12.4466,0.3174,4.9317,0,1,0
4666,4666,test,healthy,6.8853,352.0463,371.9002,371.9002,-19.8539,0.0,4.9317,0,1,0
4667,4667,test,healthy,6.7262,326.0558,312.2336,312.2336,13.8222,0.4059,4.9317,0,1,0
4668,4668,test,healthy,6.9177,357.485,329.0393,329.0393,28.4457,1.7518,4.9317,0,1,0
4669,4669,test,healthy,6.614,308.4348,276.1119,276.1119,32.3229,3.3469,4.9317,0,1,0
4670,4670,test,healthy,6.875,350.3304,375.2535,375.2535,-24.9231,1.2621,4.9317,0,1,0
4671,4671,test,healthy,7.4944,463.1793,467.7339,467.7339,-4.5546,0.4867,4.9317,0,1,0
4672,4672,test,healthy,6.995,370.6847,395.7531,395.7531,-25.0683,0.0,4.9317,0,1,0
4673,4673,test,healthy,7.367,438.3549,445.9479,445.9479,-7.593,0.0,4.9317,0,1,0
4674,4674,test,healthy,7.0835,386.1435,411.5798,411.5798,-25.4363,0.0,4.9317,0,1,0
4675,4675,test,healthy,6.7352,327.4931,338.6226,338.6226,-11.1295,0.0,4.9317,0,1,0
4676,4676,test,healthy,6.5177,293.7989,319.2267,319.2267,-25.4278,0.0,4.9317,0,1,0
4677,4677,test,healthy,6.2463,254.7953,237.1199,237.1199,17.6754,0.6536,4.9317,0,1,0
4678,4678,test,healthy,6.5236,294.6883,311.8274,311.8274,-17.139,0.0,4.9317,0,1,0
4679,4679,test,healthy,6.6092,307.7073,329.2303,329.2303,-21.5229,0.0,4.9317,0,1,0
4680,4680,test,healthy,6.7066,322.9302,334.4057,334.4057,-11.4755,0.0,4.9317,0,1,0
4681,4681,test,healthy,6.6556,314.8994,314.4931,314.4931,0.4063,0.0,4.9317,0,1,0
4682,4682,test,healthy,7.1691,401.4895,405.3247,405.3247,-3.8352,0.0,4.9317,0,1,0
4683,4683,test,healthy,7.1014,389.3329,401.1816,401.1816,-11.8486,0.0,4.9317,0,1,0
4684,4684,test,healthy,6.8888,352.6384,379.1209,379.1209,-26.4825,0.0,4.9317,0,1,0
4685,4685,test,healthy,7.7321,511.7825,484.4889,484.4889,27.2936,1.2718,4.9317,0,1,0
4686,4686,test,healthy,7.7128,507.7268,513.5465,513.5465,-5.8198,0.4151,4.9317,0,1,0
4687,4687,test,healthy,7.8959,547.057,572.2234,572.2234,-25.1664,0.0,4.9317,0,1,0
4688,4688,test,healthy,7.7087,506.8513,503.0338,503.0338,3.8175,0.0,4.9317,0,1,0
4689,4689,test,healthy,8.1556,606.0705,595.9875,595.9875,10.0831,0.1655,4.9317,0,1,0
4690,4690,test,healthy,7.8924,546.2829,539.186,539.186,7.097,0.1391,4.9317,0,1,0
4691,4691,test,healthy,7.8683,541.0075,509.6862,509.6862,31.3212,1.6698,4.9317,0,1,0
4692,4692,test,healthy,7.3164,428.7375,407.4997,407.4997,21.2378,2.5524,4.9317,0,1,0
4693,4693,test,healthy,7.3904,442.8475,467.9794,467.9794,-25.1318,0.4542,4.9317,0,1,0
4694,4694,test,healthy,7.7644,518.6173,533.1014,533.1014,-14.4841,0.0,4.9317,0,1,0
4695,4695,test,healthy,7.6138,487.2096,484.0997,484.0997,3.1099,0.0,4.9317,0,1,0
4696,4696,test,healthy,7.171,401.8231,406.3906,406.3906,-4.5675,0.0,4.9317,0,1,0
4697,4697,test,healthy,6.9027,354.9579,372.513,372.513,-17.5551,0.0,4.9317,0,1,0
4698,4698,test,healthy,7.1705,401.7329,389.2422,389.2422,12.4907,0.3203,4.9317,0,1,0
4699,4699,test,healthy,7.2146,409.7817,417.4594,417.4594,-7.6776,0.0,4.9317,0,1,0
4700,4700,test,healthy,7.3207,429.5557,414.0628,414.0628,15.4929,0.5133,4.9317,0,1,0
4701,4701,test,healthy,8.0375,578.7629,577.8635,577.8635,0.8995,0.0884,4.9317,0,1,0
4702,4702,test,healthy,8.1385,602.0669,599.6877,599.6877,2.3792,0.0,4.9317,0,1,0
4703,4703,test,healthy,7.7731,520.4626,554.5119,554.5119,-34.0493,0.0,4.9317,0,1,0
4704,4704,test,healthy,7.6355,491.6644,490.8208,490.8208,0.8436,0.0,4.9317,0,1,0
4705,4705,test,healthy,7.3062,426.8145,420.5214,420.5214,6.293,0.0,4.9317,0,1,0
4706,4706,test,healthy,8.297,639.8203,617.0887,617.0887,22.7316,0.9786,4.9317,0,1,0
4707,4707,test,healthy,8.2494,628.3244,651.7199,651.7199,-23.3955,0.0,4.9317,0,1,0
4708,4708,test,healthy,7.951,559.2619,538.1463,538.1463,21.1157,0.8747,4.9317,0,1,0
4709,4709,test,healthy,8.385,661.4153,679.4256,679.4256,-18.0103,0.0,4.9317,0,1,0
4710,4710,test,healthy,8.0243,575.7591,568.4345,568.4345,7.3247,0.0,4.9317,0,1,0
4711,4711,test,healthy,7.5644,477.1778,506.8255,506.8255,-29.6476,0.0,4.9317,0,1,0
4712,4712,test,healthy,7.5666,477.6241,496.0974,496.0974,-18.4734,0.0,4.9317,0,1,0
4713,4713,test,healthy,7.7203,509.2902,522.6944,522.6944,-13.4042,0.0,4.9317,0,1,0
4714,4714,test,healthy,7.9118,550.5711,556.6676,556.6676,-6.0965,0.0,4.9317,0,1,0
4715,4715,test,healthy,7.7435,514.1794,508.4385,508.4385,5.7409,0.0,4.9317,0,1,0
4716,4716,test,healthy,7.8143,529.288,509.1347,509.1347,20.1533,0.8128,4.9317,0,1,0
4717,4717,test,healthy,7.7605,517.7931,492.0917,492.0917,25.7014,1.9823,4.9317,0,1,0
4718,4718,test,healthy,7.3897,442.7188,415.3985,415.3985,27.3203,3.2559,4.9317,0,1,0
4719,4719,test,healthy,7.8737,542.1921,561.7385,561.7385,-19.5464,1.5168,4.9317,0,1,0
4720,4720,test,healthy,7.8624,539.7285,533.8355,533.8355,5.893,1.4129,4.9317,0,1,0
4721,4721,test,healthy,7.8041,527.1054,555.6556,555.6556,-28.5502,0.0,4.9317,0,1,0
4722,4722,test,healthy,7.7531,516.2228,549.7524,549.7524,-33.5296,0.0,4.9317,0,1,0
4723,4723,test,healthy,7.7969,525.5599,549.816,549.816,-24.2561,0.0,4.9317,0,1,0
4724,4724,test,healthy,7.979,565.5318,551.0847,551.0847,14.4471,0.446,4.9317,0,1,0
4725,4725,test,healthy,8.1945,615.2313,589.6636,589.6636,25.5676,1.6069,4.9317,0,1,0
4726,4726,test,healthy,7.8036,527.0037,497.2713,497.2713,29.7324,3.0355,4.9317,0,1,0
4727,4727,test,healthy,7.6366,491.8763,477.4153,477.4153,14.461,3.4824,4.9317,0,1,0
4728,4728,test,healthy,7.2756,421.0843,381.4524,381.4524,39.6319,5.5474,4.9317,1,1,0
4729,4729,test,healthy,7.054,380.9477,375.8656,375.8656,5.0821,5.3914,4.9317,1,1,0
4730,4730,test,healthy,7.1052,389.9968,389.4811,389.4811,0.5157,4.9419,4.9317,1,1,0
4731,4731,test,healthy,6.8585,347.58,344.6576,344.6576,2.9223,4.6471,4.9317,0,1,0
4732,4732,test,healthy,6.3881,274.7669,269.7943,269.7943,4.9725,4.4841,4.9317,0,1,0
4733,4733,test,healthy,6.0182,224.5385,206.1819,206.1819,18.3566,5.1815,4.9317,1,1,0
4734,4734,test,healthy,6.9414,361.4979,342.3801,342.3801,19.1178,5.9278,4.9317,1,1,0
4735,4735,test,healthy,6.7794,334.6092,311.848,311.848,22.7613,6.9082,4.9317,1,1,0
4736,4736,test,healthy,6.9017,354.7874,351.7412,351.7412,3.0462,6.6214,4.9317,1,1,0
4737,4737,test,healthy,7.1353,395.3843,400.324,400.324,-4.9397,5.8212,4.9317,1,1,0
4738,4738,test,healthy,7.0548,381.0946,390.7818,390.7818,-9.6872,4.7159,4.9317,0,1,0
4739,4739,test,healthy,7.2563,417.4895,424.3703,424.3703,-6.8808,3.7909,4.9317,0,1,0
4740,4740,test,healthy,7.0779,385.1637,380.95,380.95,4.2137,3.5792,4.9317,0,1,0
4741,4741,test,healthy,7.007,372.7634,401.1755,401.1755,-28.4121,1.2702,4.9317,0,1,0
4742,4742,test,healthy,6.8742,350.199,351.6191,351.6191,-1.4201,0.6962,4.9317,0,1,0
4743,4743,test,healthy,6.9216,358.1529,365.4305,365.4305,-7.2776,0.0,4.9317,0,1,0
4744,4744,test,healthy,6.8138,340.2161,346.4213,346.4213,-6.2052,0.0,4.9317,0,1,0
4745,4745,test,healthy,6.9114,356.4241,341.7041,341.7041,14.72,0.4636,4.9317,0,1,0
4746,4746,test,healthy,7.3435,433.88,438.3785,438.3785,-4.4985,0.0,4.9317,0,1,0
4747,4747,test,healthy,6.9642,365.3928,372.9748,372.9748,-7.582,0.0,4.9317,0,1,0
4748,4748,test,healthy,6.5546,299.3599,318.4455,318.4455,-19.0857,0.0,4.9317,0,1,0
4749,4749,test,healthy,6.6732,317.6649,322.3732,322.3732,-4.7083,0.0,4.9317,0,1,0
4750,4750,test,healthy,6.7756,333.9887,347.6636,347.6636,-13.675,0.0,4.9317,0,1,0
4751,4751,test,healthy,6.6299,310.9004,324.9617,324.9617,-14.0613,0.0,4.9317,0,1,0
4752,4752,test,healthy,6.3919,275.3117,263.2838,263.2838,12.0279,0.2905,4.9317,0,1,0
4753,4753,test,healthy,6.128,238.8224,283.6368,283.6368,-44.8144,0.0,4.9317,0,1,0
4754,4754,test,healthy,5.7232,188.6643,181.7568,181.7568,6.9075,0.0,4.9317,0,1,0
4755,4755,test,healthy,5.8162,199.5956,194.1114,194.1114,5.4842,0.0,4.9317,0,1,0
4756,4756,test,healthy,5.804,198.138,199.5373,199.5373,-1.3993,0.0,4.9317,0,1,0
4757,4757,test,healthy,5.5507,169.3309,171.5456,171.5456,-2.2146,0.0,4.9317,0,1,0
4758,4758,test,healthy,6.2904,260.9073,236.3865,236.3865,24.5209,1.0936,4.9317,0,1,0
4759,4759,test,healthy,6.7571,331.0,327.0991,327.0991,3.9009,0.8617,4.9317,0,1,0
4760,4760,test,healthy,7.4215,448.882,443.3859,443.3859,5.4961,0.7324,4.9317,0,1,0
4761,4761,test,healthy,8.2398,626.0373,604.9318,604.9318,21.1054,1.6064,4.9317,0,1,0
4762,4762,test,healthy,7.7913,524.3566,532.7508,532.7508,-8.3942,0.5842,4.9317,0,1,0
4763,4763,test,healthy,7.8161,529.6792,506.8869,506.8869,22.7923,1.5666,4.9317,0,1,0
4764,4764,test,healthy,7.8247,531.5418,513.2951,513.2951,18.2467,2.2569,4.9317,0,1,0
4765,4765,test,healthy,7.9674,562.9136,587.1222,587.1222,-24.2086,0.2181,4.9317,0,1,0
4766,4766,test,healthy,8.1668,608.7009,611.0054,611.0054,-2.3045,0.0,4.9317,0,1,0
4767,4767,test,healthy,8.0291,576.8463,582.2782,582.2782,-5.432,0.0,4.9317,0,1,0
4768,4768,test,healthy,7.9146,551.188,535.0781,535.0781,16.11,0.5529,4.9317,0,1,0
4769,4769,test,healthy,7.7043,505.9429,505.7708,505.7708,0.1721,0.0813,4.9317,0,1,0
4770,4770,test,healthy,7.6416,492.9216,483.3615,483.3615,9.5602,0.2132,4.9317,0,1,0
4771,4771,test,healthy,7.7695,519.696,500.0248,500.0248,19.6711,0.9951,4.9317,0,1,0
4772,4772,test,healthy,8.1799,611.7957,584.8878,584.8878,26.9079,2.2421,4.9317,0,1,0
4773,4773,test,healthy,8.5409,700.8063,692.406,692.406,8.4003,2.2995,4.9317,0,1,0
4774,4774,test,healthy,7.9421,557.2773,553.7582,553.7582,3.5191,2.043,4.9317,0,1,0
4775,4775,test,healthy,8.276,634.7346,645.9851,645.9851,-11.2504,0.8372,4.9317,0,1,0
4776,4776,test,healthy,8.1321,600.5634,601.4428,601.4428,-0.8794,0.298,4.9317,0,1,0
4777,4777,test,healthy,9.2058,885.5508,874.735,874.735,10.8158,0.5106,4.9317,0,1,0
4778,4778,test,healthy,8.5791,710.6647,682.408,682.408,28.2567,1.8444,4.9317,0,1,0
4779,4779,test,healthy,8.6703,734.6169,743.2726,743.2726,-8.6556,0.8053,4.9317,0,1,0
4780,4780,test,healthy,8.7664,760.3701,760.6339,760.6339,-0.2639,0.3057,4.9317,0,1,0
4781,4781,test,healthy,8.3533,653.5786,663.3221,663.3221,-9.7435,0.0,4.9317,0,1,0
4782,4782,test,healthy,8.0223,575.3003,576.6615,576.6615,-1.3612,0.0,4.9317,0,1,0
4783,4783,test,healthy,7.664,497.5376,506.3136,506.3136,-8.776,0.0,4.9317,0,1,0
4784,4784,test,healthy,7.4138,447.3756,463.7437,463.7437,-16.3681,0.0,4.9317,0,1,0
4785,4785,test,healthy,7.238,414.1011,377.3808,377.3808,36.7203,1.8778,4.9317,0,1,0
4786,4786,test,healthy,6.9495,362.874,382.1825,382.1825,-19.3085,0.154,4.9317,0,1,0
4787,4787,test,healthy,6.936,360.5866,366.2759,366.2759,-5.6893,0.0,4.9317,0,1,0
4788,4788,test,healthy,7.314,428.2961,407.7979,407.7979,20.4982,0.835,4.9317,0,1,0
4789,4789,test,healthy,7.1667,401.0432,396.4445,396.4445,4.5986,0.648,4.9317,0,1,0
4790,4790,test,healthy,7.4262,449.7945,469.054,469.054,-19.2595,0.0,4.9317,0,1,0
4791,4791,test,healthy,7.0665,383.1503,404.5716,404.5716,-21.4213,0.0,4.9317,0,1,0
4792,4792,test,healthy,7.108,390.5059,374.0035,374.0035,16.5024,0.5782,4.9317,0,1,0
4793,4793,test,healthy,7.6357,491.6941,481.5385,481.5385,10.1556,0.7483,4.9317,0,1,0
4794,4794,test,healthy,7.9497,558.9798,529.6246,529.6246,29.3553,2.1527,4.9317,0,1,0
4795,4795,test,healthy,7.9214,552.6919,587.7488,587.7488,-35.057,0.0,4.9317,0,1,0
4796,4796,test,healthy,8.6483,728.7771,730.8991,730.8991,-2.122,0.0,4.9317,0,1,0
4797,4797,test,healthy,8.5773,710.2098,701.3891,701.3891,8.8207,0.0844,4.9317,0,1,0
4798,4798,test,healthy,8.5645,706.8997,698.6157,698.6157,8.284,0.1342,4.9317,0,1,0
4799,4799,test,healthy,8.5638,706.7196,682.3648,682.3648,24.3548,1.2171,4.9317,0,1,0
4800,4800,test,healthy,9.0649,844.0678,885.6179,885.6179,-41.5501,0.0,4.9317,0,1,0
4801,4801,test,healthy,8.7184,747.4401,747.1365,747.1365,0.3036,0.0,4.9317,0,1,0
4802,4802,test,healthy,8.4841,686.289,688.3634,688.3634,-2.0744,0.0,4.9317,0,1,0
4803,4803,test,healthy,8.4211,670.4159,653.8751,653.8751,16.5408,0.5806,4.9317,0,1,0
4804,4804,test,healthy,7.9014,548.2657,547.0827,547.0827,1.183,0.174,4.9317,0,1,0
4805,4805,test,healthy,7.5101,466.2856,460.3536,460.3536,5.932,0.0727,4.9317,0,1,0
4806,4806,test,healthy,7.2798,421.8721,388.4805,388.4805,33.3916,1.7365,4.9317,0,1,0
4807,4807,test,healthy,7.9266,553.8295,549.891,549.891,3.9385,1.507,4.9317,0,1,0
4808,4808,test,healthy,8.0278,576.5508,568.7027,568.7027,7.8481,1.5289,4.9317,0,1,0
4809,4809,test,healthy,7.8963,547.1357,533.4189,533.4189,13.7169,1.928,4.9317,0,1,0
4810,4810,test,healthy,7.9587,560.9736,577.2557,577.2557,-16.2821,0.3987,4.9317,0,1,0
4811,4811,test,healthy,7.8435,535.5995,502.0633,502.0633,33.5361,2.0718,4.9317,0,1,0
4812,4812,test,healthy,8.0925,591.3666,611.1082,611.1082,-19.7416,0.3201,4.9317,0,1,0
4813,4813,test,healthy,7.7355,512.4919,512.8689,512.8689,-0.377,0.0,4.9317,0,1,0
4814,4814,test,healthy,7.3699,438.9231,438.5371,438.5371,0.386,0.0,4.9317,0,1,0
4815,4815,test,healthy,7.8115,528.7022,550.0322,550.0322,-21.33,0.0,4.9317,0,1,0
4816,4816,test,healthy,7.8422,535.3336,536.9747,536.9747,-1.6412,0.0,4.9317,0,1,0
4817,4817,test,healthy,8.2,616.5476,607.4164,607.4164,9.1312,0.1043,4.9317,0,1,0
4818,4818,test,healthy,7.9406,556.9507,531.3854,531.3854,25.5653,1.2651,4.9317,0,1,0
4819,4819,test,healthy,7.4081,446.2834,446.8482,446.8482,-0.5648,0.7461,4.9317,0,1,0
4820,4820,test,healthy,7.3344,432.1487,429.9571,429.9571,2.1916,0.4043,4.9317,0,1,0
4821,4821,test,healthy,7.3662,438.2068,429.0477,429.0477,9.1591,0.5105,4.9317,0,1,0
4822,4822,test,healthy,7.1346,395.2685,399.4475,399.4475,-4.179,0.0,4.9317,0,1,0
4823,4823,test,healthy,7.2657,419.2256,447.8756,447.8756,-28.65,0.0,4.9317,0,1,0
4824,4824,test,healthy,6.768,332.7697,351.5536,351.5536,-18.7839,0.0,4.9317,0,1,0
4825,4825,test,healthy,6.5302,295.6809,283.3891,283.3891,12.2917,0.3075,4.9317,0,1,0
4826,4826,test,healthy,6.7467,329.3368,353.3071,353.3071,-23.9703,0.0,4.9317,0,1,0
4827,4827,test,healthy,6.8448,345.312,318.4324,318.4324,26.8795,1.2452,4.9317,0,1,0
4828,4828,test,healthy,6.6248,310.1034,314.7721,314.7721,-4.6688,0.4625,4.9317,0,1,0
4829,4829,test,healthy,6.7155,324.3386,291.8936,291.8936,32.445,2.0654,4.9317,0,1,0
4830,4830,test,healthy,7.6817,501.2277,485.0036,485.0036,16.2241,2.6257,4.9317,0,1,0
4831,4831,test,healthy,7.6154,487.5318,468.7085,468.7085,18.8233,3.353,4.9317,0,1,0
4832,4832,test,healthy,8.3156,644.3543,614.4013,614.4013,29.953,4.7958,4.9317,0,1,0
4833,4833,test,healthy,8.7795,763.924,750.3589,750.3589,13.5651,5.1851,4.9317,1,1,0
4834,4834,test,healthy,8.2075,618.3115,613.6995,613.6995,4.612,4.999,4.9317,1,1,0
4835,4835,test,healthy,8.3832,660.9638,642.3054,642.3054,18.6585,5.7157,4.9317,1,1,0
4836,4836,test,healthy,8.4432,675.9551,706.0272,706.0272,-30.0721,3.3,4.9317,0,1,0
4837,4837,test,healthy,7.9974,569.6747,551.4999,551.4999,18.1747,3.9856,4.9317,0,1,0
4838,4838,test,healthy,7.6329,491.127,526.6132,526.6132,-35.4863,1.2219,4.9317,0,1,0
4839,4839,test,healthy,7.6555,495.7801,499.2393,499.2393,-3.4591,0.5169,4.9317,0,1,0
4840,4840,test,healthy,7.2982,425.306,449.5635,449.5635,-24.2574,0.0,4.9317,0,1,0
4841,4841,test,healthy,7.6371,491.9887,476.1338,476.1338,15.8549,0.5365,4.9317,0,1,0
4842,4842,test,healthy,8.2862,637.1945,637.3864,637.3864,-0.1918,0.0416,4.9317,0,1,0
4843,4843,test,healthy,8.0649,585.0131,599.7641,599.7641,-14.7509,0.0,4.9317,0,1,0
4844,4844,test,healthy,8.0662,585.3193,594.9475,594.9475,-9.6282,0.0,4.9317,0,1,0
4845,4845,test,healthy,7.8501,537.0488,548.3026,548.3026,-11.2538,0.0,4.9317,0,1,0
4846,4846,test,healthy,7.9317,554.9759,554.7812,554.7812,0.1948,0.0,4.9317,0,1,0
4847,4847,test,healthy,8.1282,599.6669,603.364,603.364,-3.6971,0.0,4.9317,0,1,0
4848,4848,test,healthy,8.1307,600.2543,605.3667,605.3667,-5.1124,0.0,4.9317,0,1,0
4849,4849,test,healthy,7.5869,481.7304,482.9079,482.9079,-1.1775,0.0,4.9317,0,1,0
4850,4850,test,healthy,8.234,624.6428,627.7925,627.7925,-3.1496,0.0,4.9317,0,1,0
4851,4851,test,healthy,7.9374,556.2201,612.1128,612.1128,-55.8926,0.0,4.9317,0,1,0
4852,4852,test,healthy,8.015,573.6473,590.3709,590.3709,-16.7237,0.0,4.9317,0,1,0
4853,4853,test,healthy,7.9618,561.6806,566.093,566.093,-4.4124,0.0,4.9317,0,1,0
4854,4854,test,healthy,7.9644,562.2621,536.3256,536.3256,25.9365,1.1846,4.9317,0,1,0
4855,4855,test,healthy,7.4963,463.5538,454.326,454.326,9.2278,1.2951,4.9317,0,1,0
4856,4856,test,healthy,7.3057,426.7185,412.3653,412.3653,14.3532,1.7351,4.9317,0,1,0
4857,4857,test,healthy,7.4378,452.0453,461.8152,461.8152,-9.7699,0.6245,4.9317,0,1,0
4858,4858,test,healthy,8.1203,597.8141,556.4377,556.4377,41.3764,2.8015,4.9317,0,1,0
4859,4859,test,healthy,8.363,655.9778,665.2967,665.2967,-9.3188,1.7199,4.9317,0,1,0
4860,4860,test,healthy,7.9607,561.4258,546.0237,546.0237,15.4022,2.2273,4.9317,0,1,0
4861,4861,test,healthy,7.7868,523.4043,569.0344,569.0344,-45.63,0.0,4.9317,0,1,0
4862,4862,test,healthy,7.6289,490.2984,462.4295,462.4295,27.8688,1.3088,4.9317,0,1,0
4863,4863,test,healthy,7.2397,414.405,418.1104,418.1104,-3.7054,0.588,4.9317,0,1,0
4864,4864,test,healthy,6.9215,358.1278,361.6817,361.6817,-3.5538,0.0,4.9317,0,1,0
4865,4865,test,healthy,7.4985,463.993,437.2065,437.2065,26.7865,1.2392,4.9317,0,1,0
4866,4866,test,healthy,7.3257,430.4944,427.2902,427.2902,3.2042,0.9626,4.9317,0,1,0
4867,4867,test,healthy,7.7296,511.2485,517.3253,517.3253,-6.0768,0.0893,4.9317,0,1,0
4868,4868,test,healthy,8.4284,672.2262,674.5591,674.5591,-2.3329,0.0,4.9317,0,1,0
4869,4869,test,healthy,8.9529,812.0224,772.2386,772.2386,39.7839,2.0747,4.9317,0,1,0
4870,4870,test,healthy,9.3369,925.3091,919.6549,919.6549,5.6542,1.9555,4.9317,0,1,0
4871,4871,test,healthy,9.0086,827.8505,823.4232,823.4232,4.4272,1.7575,4.9317,0,1,0
4872,4872,test,healthy,9.7941,1072.9038,1044.8125,1044.8125,28.0913,3.0806,4.9317,0,1,0
4873,4873,test,healthy,9.6052,1010.2078,994.5361,994.5361,15.6717,3.6053,4.9317,0,1,0
4874,4874,test,healthy,9.1546,870.3305,859.2361,859.2361,11.0944,3.8359,4.9317,0,1,0
4875,4875,test,healthy,9.2248,891.2562,876.5412,876.5412,14.7151,4.2991,4.9317,0,1,0
4876,4876,test,healthy,8.7674,760.639,765.8742,765.8742,-5.2353,3.48,4.9317,0,1,0
4877,4877,test,healthy,8.5703,708.3982,685.2128,685.2128,23.1854,4.4877,4.9317,0,1,0
4878,4878,test,healthy,8.4424,675.7457,665.9217,665.9217,9.824,4.6366,4.9317,0,1,0
4879,4879,test,healthy,8.6412,726.9168,737.7761,737.7761,-10.8593,3.4559,4.9317,0,1,0
4880,4880,test,healthy,9.3348,924.642,950.458,950.458,-25.816,1.3137,4.9317,0,1,0
4881,4881,test,healthy,8.9344,806.7998,810.6751,810.6751,-3.8753,0.582,4.9317,0,1,0
4882,4882,test,healthy,8.3986,664.8061,643.6672,643.6672,21.1389,1.4582,4.9317,0,1,0
4883,4883,test,healthy,8.4697,682.6342,660.3017,660.3017,22.3325,2.4111,4.9317,0,1,0
4884,4884,test,healthy,8.2462,627.5651,602.9853,602.9853,24.5798,3.5085,4.9317,0,1,0
4885,4885,test,healthy,8.2503,628.5467,595.235,595.235,33.3117,5.1672,4.9317,1,1,0
4886,4886,test,healthy,8.7165,746.9336,750.065,750.065,-3.1314,4.4832,4.9317,0,1,0
4887,4887,test,healthy,8.1644,608.1294,612.6395,612.6395,-4.5102,3.7107,4.9317,0,1,0
4888,4888,test,healthy,7.9994,570.1184,566.3673,566.3673,3.7511,3.4691,4.9317,0,1,0
4889,4889,test,healthy,7.8271,532.067,554.8323,554.8323,-22.7653,1.5231,4.9317,0,1,0
4890,4890,test,healthy,7.9513,559.3349,564.5093,564.5093,-5.1744,0.7079,4.9317,0,1,0
4891,4891,test,healthy,7.8337,533.4797,534.9437,534.9437,-1.4639,0.1311,4.9317,0,1,0
4892,4892,test,healthy,7.9864,567.1879,561.4647,561.4647,5.7231,0.0164,4.9317,0,1,0
4893,4893,test,healthy,7.793,524.711,518.3298,518.3298,6.3812,0.0,4.9317,0,1,0
4894,4894,test,healthy,7.8922,546.2523,511.8358,511.8358,34.4164,1.7297,4.9317,0,1,0
4895,4895,test,healthy,7.908,549.7112,595.3849,595.3849,-45.6737,0.0,4.9317,0,1,0
4896,4896,test,healthy,7.5427,472.8155,469.8007,469.8007,3.0148,0.0,4.9317,0,1,0
4897,4897,test,healthy,7.9492,558.8611,567.0078,567.0078,-8.1467,0.0,4.9317,0,1,0
4898,4898,test,healthy,8.2599,630.8439,632.6443,632.6443,-1.8004,0.0,4.9317,0,1,0
4899,4899,test,healthy,7.9829,566.3905,564.2764,564.2764,2.1141,0.0,4.9317,0,1,0
4900,4900,test,healthy,7.4105,446.7315,470.8258,470.8258,-24.0944,0.0,4.9317,0,1,0
4901,4901,test,healthy,7.5271,469.6859,453.1318,453.1318,16.554,0.5815,4.9317,0,1,0
4902,4902,test,healthy,7.4384,452.1559,437.6251,437.6251,14.5308,1.0329,4.9317,0,1,0
4903,4903,test,healthy,7.8993,547.799,549.5212,549.5212,-1.7222,0.4395,4.9317,0,1,0
4904,4904,test,healthy,7.6895,502.8413,517.765,517.765,-14.9237,0.0,4.9317,0,1,0
4905,4905,test,healthy,8.6732,735.3701,732.3937,732.3937,2.9765,0.0,4.9317,0,1,0
4906,4906,test,healthy,8.3032,641.3248,668.0818,668.0818,-26.7571,0.0,4.9317,0,1,0
4907,4907,test,healthy,8.2823,636.2487,651.3795,651.3795,-15.1307,0.0,4.9317,0,1,0
4908,4908,test,healthy,8.5728,709.0513,716.3613,716.3613,-7.31,0.0,4.9317,0,1,0
4909,4909,test,healthy,8.7113,745.5259,783.0604,783.0604,-37.5345,0.0,4.9317,0,1,0
4910,4910,test,healthy,8.5136,693.797,689.106,689.106,4.691,0.0,4.9317,0,1,0
4911,4911,test,healthy,8.2361,625.1462,632.9182,632.9182,-7.7719,0.0,4.9317,0,1,0
4912,4912,test,healthy,8.1456,603.7128,633.0478,633.0478,-29.335,0.0,4.9317,0,1,0
4913,4913,test,healthy,8.2899,638.1084,635.0794,635.0794,3.029,0.0,4.9317,0,1,0
4914,4914,test,healthy,7.7806,522.0665,513.7075,513.7075,8.359,0.0547,4.9317,0,1,0
4915,4915,test,healthy,7.8403,534.9085,531.9882,531.9882,2.9202,0.0,4.9317,0,1,0
4916,4916,test,healthy,7.4447,453.3952,423.0485,423.0485,30.3466,1.4681,4.9317,0,1,0
4917,4917,test,healthy,7.8641,540.0822,570.9242,570.9242,-30.842,0.0,4.9317,0,1,0
4918,4918,test,healthy,8.2907,638.2905,623.6139,623.6139,14.6767,0.4608,4.9317,0,1,0
4919,4919,test,healthy,7.9159,551.4588,530.1121,530.1121,21.3468,1.3504,4.9317,0,1,0
4920,4920,test,healthy,8.941,808.646,818.5585,818.5585,-9.9125,0.2305,4.9317,0,1,0
4921,4921,test,healthy,8.6735,735.4577,746.0926,746.0926,-10.635,0.0,4.9317,0,1,0
4922,4922,test,healthy,8.8965,796.1754,816.3341,816.3341,-20.1587,0.0,4.9317,0,1,0
4923,4923,test,healthy,8.6706,734.6817,719.47,719.47,15.2117,0.4952,4.9317,0,1,0
4924,4924,test,healthy,8.7226,748.5709,755.3318,755.3318,-6.7609,0.0,4.9317,0,1,0
4925,4925,test,healthy,8.3871,661.939,682.6664,682.6664,-20.7274,0.0,4.9317,0,1,0
4926,4926,test,healthy,8.0555,582.8613,590.2168,590.2168,-7.3555,0.0,4.9317,0,1,0
4927,4927,test,healthy,7.9019,548.3862,553.3202,553.3202,-4.9339,0.0,4.9317,0,1,0
4928,4928,test,healthy,7.8567,538.4786,557.8812,557.8812,-19.4026,0.0,4.9317,0,1,0
4929,4929,test,healthy,7.58,480.3331,478.5733,478.5733,1.7598,0.0,4.9317,0,1,0
4930,4930,test,healthy,7.5791,480.1393,500.4033,500.4033,-20.264,0.0,4.9317,0,1,0
4931,4931,test,healthy,7.7882,523.7042,529.7469,529.7469,-6.0427,0.0,4.9317,0,1,0
4932,4932,test,healthy,7.7506,515.6832,520.7596,520.7596,-5.0764,0.0,4.9317,0,1,0
4933,4933,test,healthy,8.2065,618.0821,616.1261,616.1261,1.956,0.0,4.9317,0,1,0
4934,4934,test,healthy,8.2131,619.6499,617.5565,617.5565,2.0935,0.0,4.9317,0,1,0
4935,4935,test,healthy,7.9864,567.1954,581.4655,581.4655,-14.2701,0.0,4.9317,0,1,0
4936,4936,test,healthy,7.5584,475.9574,484.7716,484.7716,-8.8142,0.0,4.9317,0,1,0
4937,4937,test,healthy,7.6495,494.5492,505.8285,505.8285,-11.2794,0.0,4.9317,0,1,0
4938,4938,test,healthy,7.315,428.4712,428.0214,428.0214,0.4498,0.0,4.9317,0,1,0
4939,4939,test,healthy,7.3306,431.4331,466.155,466.155,-34.7219,0.0,4.9317,0,1,0
4940,4940,test,healthy,7.4829,460.8947,444.1594,444.1594,16.7353,0.5931,4.9317,0,1,0
4941,4941,test,healthy,7.7147,508.1222,528.1168,528.1168,-19.9946,0.0,4.9317,0,1,0
4942,4942,test,healthy,7.6293,490.3799,485.2631,485.2631,5.1168,0.0,4.9317,0,1,0
4943,4943,test,healthy,7.8116,528.7248,508.0229,508.0229,20.7018,0.8481,4.9317,0,1,0
4944,4944,test,healthy,7.7394,513.3129,499.4162,499.4162,13.8967,1.2588,4.9317,0,1,0
4945,4945,test,healthy,7.4648,457.3317,482.3438,482.3438,-25.0121,0.0,4.9317,0,1,0
4946,4946,test,healthy,7.0105,373.369,383.1819,383.1819,-9.8129,0.0,4.9317,0,1,0
4947,4947,test,healthy,6.7141,324.1157,296.6329,296.6329,27.4829,1.284,4.9317,0,1,0
4948,4948,test,healthy,7.1367,395.6465,396.7213,396.7213,-1.0747,0.7323,4.9317,0,1,0
4949,4949,test,healthy,6.7929,336.8031,338.0217,338.0217,-1.2185,0.1713,4.9317,0,1,0
4950,4950,test,healthy,6.9245,358.6398,333.429,333.429,25.2108,1.3092,4.9317,0,1,0
4951,4951,test,healthy,7.2528,416.8342,418.4056,418.4056,-1.5714,0.7256,4.9317,0,1,0
4952,4952,test,healthy,7.3188,429.1978,426.9745,426.9745,2.2233,0.3859,4.9317,0,1,0
4953,4953,test,healthy,7.843,535.4956,525.9597,525.9597,9.536,0.5162,4.9317,0,1,0
4954,4954,test,healthy,7.5249,469.2421,487.3872,487.3872,-18.1451,0.0,4.9317,0,1,0
4955,4955,test,healthy,7.3285,431.0248,464.3419,464.3419,-33.3171,0.0,4.9317,0,1,0
4956,4956,test,healthy,6.9847,368.9116,347.5886,347.5886,21.323,0.888,4.9317,0,1,0
4957,4957,test,healthy,7.0566,381.3995,370.0657,370.0657,11.3338,1.1339,4.9317,0,1,0
4958,4958,test,healthy,6.976,367.4103,390.2539,390.2539,-22.8437,0.0,4.9317,0,1,0
4959,4959,test,healthy,7.0693,383.6406,398.3175,398.3175,-14.6769,0.0,4.9317,0,1,0
4960,4960,test,healthy,6.8047,338.7266,348.2048,348.2048,-9.4783,0.0,4.9317,0,1,0
4961,4961,test,healthy,6.9061,355.5274,373.8187,373.8187,-18.2914,0.0,4.9317,0,1,0
4962,4962,test,healthy,6.7449,329.0471,304.3241,304.3241,24.7229,1.1066,4.9317,0,1,0
4963,4963,test,healthy,6.5226,294.5302,339.9883,339.9883,-45.4581,0.0,4.9317,0,1,0
4964,4964,test,healthy,6.2099,249.8178,267.2881,267.2881,-17.4703,0.0,4.9317,0,1,0
4965,4965,test,healthy,6.0168,224.3584,231.7635,231.7635,-7.405,0.0,4.9317,0,1,0
4966,4966,test,healthy,6.3712,272.3407,289.4364,289.4364,-17.0956,0.0,4.9317,0,1,0
4967,4967,test,healthy,6.9483,362.6819,329.9104,329.9104,32.7715,1.624,4.9317,0,1,0
4968,4968,test,healthy,7.1458,397.2692,406.3723,406.3723,-9.1032,0.5561,4.9317,0,1,0
4969,4969,test,healthy,6.8823,351.5362,341.2764,341.2764,10.2598,0.733,4.9317,0,1,0
4970,4970,test,healthy,7.0105,373.3575,363.0145,363.0145,10.343,0.9152,4.9317,0,1,0
4971,4971,test,healthy,6.9854,369.0288,347.8752,347.8752,21.1535,1.7924,4.9317,0,1,0
4972,4972,test,healthy,7.4254,449.6384,388.631,388.631,61.0074,5.2314,4.9317,1,1,0
4973,4973,test,healthy,7.2681,419.6862,394.8931,394.8931,24.7932,6.3425,4.9317,1,1,0
4974,4974,test,healthy,7.5633,476.9611,515.7012,515.7012,-38.7402,3.3695,4.9317,0,1,0
4975,4975,test,healthy,7.2218,411.1071,408.9697,408.9697,2.1374,3.0243,4.9317,0,1,0
4976,4976,test,healthy,7.0571,381.4973,363.2011,363.2011,18.2962,3.7178,4.9317,0,1,0
4977,4977,test,healthy,7.3815,441.1429,432.3332,432.3332,8.8098,3.8014,4.9317,0,1,0
4978,4978,test,healthy,8.0878,590.2887,592.2832,592.2832,-1.9945,3.1906,4.9317,0,1,0
4979,4979,test,healthy,7.6873,502.3826,515.2084,515.2084,-12.8258,1.8835,4.9317,0,1,0
4980,4980,test,healthy,7.257,417.6106,415.0446,415.0446,2.566,1.5658,4.9317,0,1,0
4981,4981,test,healthy,7.368,438.5483,430.04,430.04,8.5083,1.6301,4.9317,0,1,0
4982,4982,test,healthy,7.2881,423.4181,401.1637,401.1637,22.2544,2.578,4.9317,0,1,0
4983,4983,test,healthy,7.7975,525.6957,542.2439,542.2439,-16.5482,1.0316,4.9317,0,1,0
4984,4984,test,healthy,7.7661,518.9856,516.5126,516.5126,2.4731,0.7079,4.9317,0,1,0
4985,4985,test,healthy,8.2302,623.7279,607.2977,607.2977,16.4302,1.2814,4.9317,0,1,0
4986,4986,test,healthy,7.8549,538.0785,542.813,542.813,-4.7345,0.4944,4.9317,0,1,0
4987,4987,test,healthy,7.6592,496.5523,526.5349,526.5349,-29.9826,0.0,4.9317,0,1,0
4988,4988,test,healthy,7.8356,533.9018,544.1864,544.1864,-10.2845,0.0,4.9317,0,1,0
4989,4989,test,healthy,8.2704,633.3874,609.4912,609.4912,23.8963,1.0534,4.9317,0,1,0
4990,4990,test,healthy,8.5866,712.6183,689.0995,689.0995,23.5188,2.0826,4.9317,0,1,0
4991,4991,test,healthy,8.7497,755.8475,733.5691,733.5691,22.2784,3.0321,4.9317,0,1,0
4992,4992,test,healthy,8.7335,751.4863,767.3426,767.3426,-15.8564,1.5301,4.9317,0,1,0
4993,4993,test,healthy,8.4171,669.4073,704.8157,704.8157,-35.4084,0.0,4.9317,0,1,0
4994,4994,test,healthy,8.1346,601.1562,596.6532,596.6532,4.503,0.0,4.9317,0,1,0
4995,4995,test,healthy,8.1876,613.6057,600.0202,600.0202,13.5855,0.3906,4.9317,0,1,0
4996,4996,test,healthy,8.021,574.9993,565.0791,565.0791,9.9203,0.5457,4.9317,0,1,0
4997,4997,test,healthy,7.7182,508.8512,537.23,537.23,-28.3788,0.0,4.9317,0,1,0
4998,4998,test,healthy,7.4755,459.4368,456.3273,456.3273,3.1095,0.0,4.9317,0,1,0
4999,4999,test,healthy,6.9677,365.9959,384.3305,384.3305,-18.3346,0.0,4.9317,0,1,0
5000,5000,test,healthy,6.7931,336.8284,342.3468,342.3468,-5.5184,0.0,4.9317,0,1,0
5001,5001,test,healthy,6.5345,296.3251,286.7785,286.7785,9.5466,0.131,4.9317,0,1,0
5002,5002,test,healthy,6.1513,241.9207,247.2074,247.2074,-5.2866,0.0,4.9317,0,1,0
5003,5003,test,healthy,6.0193,224.6827,204.0916,204.0916,20.5911,0.841,4.9317,0,1,0
5004,5004,test,healthy,5.6329,178.3999,167.0331,167.0331,11.3668,1.089,4.9317,0,1,0
5005,5005,test,healthy,6.2343,253.1535,255.4093,255.4093,-2.2558,0.4614,4.9317,0,1,0
5006,5006,test,healthy,6.8325,343.29,362.9657,362.9657,-19.6756,0.0,4.9317,0,1,0
5007,5007,test,healthy,7.4863,461.577,483.1255,483.1255,-21.5485,0.0,4.9317,0,1,0
5008,5008,test,healthy,7.0455,379.4539,386.1353,386.1353,-6.6813,0.0,4.9317,0,1,0
5009,5009,test,healthy,7.2278,412.2075,424.0995,424.0995,-11.892,0.0,4.9317,0,1,0
5010,5010,test,healthy,7.3626,437.5292,442.67,442.67,-5.1408,0.0,4.9317,0,1,0
5011,5011,test,healthy,7.3113,427.7709,416.7962,416.7962,10.9746,0.2228,4.9317,0,1,0
5012,5012,test,healthy,7.6483,494.3054,479.4385,479.4385,14.8669,0.6958,4.9317,0,1,0
5013,5013,test,healthy,8.5048,691.5475,687.4662,687.4662,4.0813,0.4756,4.9317,0,1,0
5014,5014,test,healthy,8.3935,663.5201,633.3266,633.3266,30.1935,1.9338,4.9317,0,1,0
5015,5015,test,healthy,8.3521,653.297,684.5972,684.5972,-31.3002,0.0,4.9317,0,1,0
5016,5016,test,healthy,8.1854,613.0917,600.6712,600.6712,12.4206,0.3158,4.9317,0,1,0
5017,5017,test,healthy,8.0227,575.3845,611.9368,611.9368,-36.5523,0.0,4.9317,0,1,0
5018,5018,test,healthy,8.3963,664.2187,676.4449,676.4449,-12.2262,0.0,4.9317,0,1,0
5019,5019,test,healthy,8.8224,775.6413,733.3804,733.3804,42.261,2.2339,4.9317,0,1,0
5020,5020,test,healthy,8.4,665.1523,676.8999,676.8999,-11.7476,0.9962,4.9317,0,1,0
5021,5021,test,healthy,8.1075,594.839,623.7839,623.7839,-28.945,0.0,4.9317,0,1,0
5022,5022,test,healthy,8.1052,594.3195,596.1743,596.1743,-1.8548,0.0,4.9317,0,1,0
5023,5023,test,healthy,7.8325,533.231,525.9732,525.9732,7.2578,0.0,4.9317,0,1,0
5024,5024,test,healthy,7.7853,523.0787,492.5376,492.5376,30.5411,1.4806,4.9317,0,1,0
5025,5025,test,healthy,8.5289,697.718,657.3938,657.3938,40.3243,3.59,4.9317,0,1,0
5026,5026,test,healthy,8.3654,656.5583,664.2488,664.2488,-7.6904,2.613,4.9317,0,1,0
5027,5027,test,healthy,7.7749,520.8516,491.3316,491.3316,29.5199,4.028,4.9317,0,1,0
5028,5028,test,healthy,7.5552,475.3108,470.5911,470.5911,4.7197,3.8487,4.9317,0,1,0
5029,5029,test,healthy,7.701,505.2415,480.9189,480.9189,24.3225,4.9296,4.9317,0,1,0
5030,5030,test,healthy,8.3514,653.1251,622.6702,622.6702,30.4549,6.4046,4.9317,1,1,0
5031,5031,test,healthy,7.7631,518.3482,508.919,508.919,9.4292,6.5281,4.9317,1,1,0
5032,5032,test,healthy,7.9518,559.4365,572.8252,572.8252,-13.3887,5.1848,4.9317,1,1,0
5033,5033,test,healthy,8.2843,636.7474,644.7212,644.7212,-7.9739,4.1896,4.9317,0,1,0
5034,5034,test,healthy,8.1487,604.4472,585.1056,585.1056,19.3416,4.9502,4.9317,1,1,0
5035,5035,test,healthy,7.8846,544.5709,528.4484,528.4484,16.1225,5.504,4.9317,1,1,0
5036,5036,test,healthy,7.6118,486.8041,458.7555,458.7555,28.0486,6.8243,4.9317,1,1,0
5037,5037,test,healthy,7.4109,446.8121,456.0807,456.0807,-9.2686,5.7459,4.9317,1,1,0
5038,5038,test,healthy,7.042,378.8481,387.711,387.711,-8.8629,4.6935,4.9317,0,1,0
5039,5039,test,healthy,6.8025,338.3718,319.8091,319.8091,18.5627,5.4041,4.9317,1,1,0
5040,5040,test,healthy,6.6202,309.4024,330.0511,330.0511,-20.6488,3.5942,4.9317,0,1,0
5041,5041,test,healthy,6.4284,280.5987,279.1901,279.1901,1.4086,3.2021,4.9317,0,1,0
5042,5042,test,healthy,6.4058,277.3155,289.8482,289.8482,-12.5327,1.9138,4.9317,0,1,0
5043,5043,test,healthy,6.1599,243.0742,252.6114,252.6114,-9.5372,0.8181,4.9317,0,1,0
5044,5044,test,healthy,6.9031,355.0278,359.6804,359.6804,-4.6526,0.0364,4.9317,0,1,0
5045,5045,test,healthy,7.533,470.863,471.8791,471.8791,-1.0161,0.0,4.9317,0,1,0
5046,5046,test,healthy,7.9775,565.1871,576.3873,576.3873,-11.2002,0.0,4.9317,0,1,0
5047,5047,test,healthy,8.9623,814.6577,838.8071,838.8071,-24.1494,0.0,4.9317,0,1,0
5048,5048,test,healthy,8.8687,788.4213,791.6618,791.6618,-3.2404,0.0,4.9317,0,1,0
5049,5049,test,healthy,8.8366,779.5443,790.4509,790.4509,-10.9066,0.0,4.9317,0,1,0
5050,5050,test,healthy,9.2633,902.8568,904.0789,904.0789,-1.2221,0.0,4.9317,0,1,0
5051,5051,test,healthy,8.9872,821.7308,818.9046,818.9046,2.8262,0.0,4.9317,0,1,0
5052,5052,test,healthy,8.7942,767.9421,789.0392,789.0392,-21.0971,0.0,4.9317,0,1,0
5053,5053,test,healthy,8.5276,697.3784,695.1469,695.1469,2.2315,0.0,4.9317,0,1,0
5054,5054,test,healthy,8.2487,628.1517,637.157,637.157,-9.0053,0.0,4.9317,0,1,0
5055,5055,test,healthy,8.1274,599.4836,594.3819,594.3819,5.1017,0.0,4.9317,0,1,0
5056,5056,test,healthy,7.5588,476.0531,485.2049,485.2049,-9.1519,0.0,4.9317,0,1,0
5057,5057,test,healthy,7.1492,397.8809,392.2787,392.2787,5.6022,0.0,4.9317,0,1,0
5058,5058,test,healthy,7.1062,390.1883,381.5701,381.5701,8.6182,0.0713,4.9317,0,1,0
5059,5059,test,healthy,6.8185,340.9882,364.3325,364.3325,-23.3442,0.0,4.9317,0,1,0
5060,5060,test,healthy,6.9639,365.3424,371.9989,371.9989,-6.6565,0.0,4.9317,0,1,0
5061,5061,test,healthy,7.4514,454.698,461.3221,461.3221,-6.6241,0.0,4.9317,0,1,0
5062,5062,test,healthy,7.9454,558.017,558.8226,558.8226,-0.8056,0.0,4.9317,0,1,0
5063,5063,test,healthy,8.17,609.4584,603.608,603.608,5.8503,0.0,4.9317,0,1,0
5064,5064,test,healthy,8.148,604.2809,631.3865,631.3865,-27.1056,0.0,4.9317,0,1,0
5065,5065,test,healthy,8.2488,628.1792,617.106,617.106,11.0732,0.2292,4.9317,0,1,0
5066,5066,test,healthy,7.7928,524.6808,532.3351,532.3351,-7.6544,0.0,4.9317,0,1,0
5067,5067,test,healthy,7.2857,422.963,433.7889,433.7889,-10.826,0.0,4.9317,0,1,0
5068,5068,test,healthy,7.5992,484.2346,496.5496,496.5496,-12.315,0.0,4.9317,0,1,0
5069,5069,test,healthy,7.7884,523.7293,543.1382,543.1382,-19.4089,0.0,4.9317,0,1,0
5070,5070,test,healthy,7.7935,524.8241,540.3512,540.3512,-15.5271,0.0,4.9317,0,1,0
5071,5071,test,healthy,7.3938,443.5128,455.3067,455.3067,-11.7939,0.0,4.9317,0,1,0
5072,5072,test,healthy,7.0132,373.8288,384.9376,384.9376,-11.1087,0.0,4.9317,0,1,0
5073,5073,test,healthy,7.471,458.5479,448.5877,448.5877,9.9602,0.1576,4.9317,0,1,0
5074,5074,test,healthy,7.4919,462.6894,447.7246,447.7246,14.9647,0.6369,4.9317,0,1,0
5075,5075,test,healthy,7.4685,458.0632,453.6336,453.6336,4.4296,0.439,4.9317,0,1,0
5076,5076,test,healthy,7.2304,412.689,420.059,420.059,-7.37,0.0,4.9317,0,1,0
5077,5077,test,healthy,7.3891,442.6143,444.0612,444.0612,-1.4469,0.0,4.9317,0,1,0
5078,5078,test,healthy,7.7885,523.7575,511.2621,511.2621,12.4954,0.3206,4.9317,0,1,0
5079,5079,test,healthy,7.7326,511.8866,490.0366,490.0366,21.8501,1.2425,4.9317,0,1,0
5080,5080,test,healthy,8.1276,599.5203,631.078,631.078,-31.5577,0.0,4.9317,0,1,0
5081,5081,test,healthy,8.1936,615.0164,594.3538,594.3538,20.6626,0.8456,4.9317,0,1,0
5082,5082,test,healthy,7.6202,488.5108,468.9234,468.9234,19.5874,1.622,4.9317,0,1,0
5083,5083,test,healthy,7.7741,520.6901,561.9288,561.9288,-41.2388,0.0,4.9317,0,1,0
5084,5084,test,healthy,7.7123,507.6097,539.8717,539.8717,-32.262,0.0,4.9317,0,1,0
5085,5085,test,healthy,7.3179,429.0254,441.7709,441.7709,-12.7455,0.0,4.9317,0,1,0
5086,5086,test,healthy,7.1242,393.3978,381.9067,381.9067,11.4912,0.256,4.9317,0,1,0
5087,5087,test,healthy,7.4887,462.0551,493.0852,493.0852,-31.0302,0.0,4.9317,0,1,0
5088,5088,test,healthy,7.9485,558.7026,545.4121,545.4121,13.2905,0.3717,4.9317,0,1,0
5089,5089,test,healthy,8.0084,572.1614,551.8497,551.8497,20.3118,1.1947,4.9317,0,1,0
5090,5090,test,healthy,8.7564,757.6569,786.2899,786.2899,-28.633,0.0,4.9317,0,1,0
5091,5091,test,healthy,8.5565,704.8212,702.0592,702.0592,2.762,0.0,4.9317,0,1,0
5092,5092,test,healthy,8.5382,700.0972,694.4584,694.4584,5.6389,0.0,4.9317,0,1,0
5093,5093,test,healthy,8.4809,685.4692,669.0014,669.0014,16.4678,0.5759,4.9317,0,1,0
5094,5094,test,healthy,9.3151,918.6086,932.0152,932.0152,-13.4065,0.0,4.9317,0,1,0
5095,5095,test,healthy,9.4285,953.7603,952.1573,952.1573,1.6031,0.0,4.9317,0,1,0
5096,5096,test,healthy,9.3324,923.9158,929.5862,929.5862,-5.6704,0.0,4.9317,0,1,0
5097,5097,test,healthy,9.4297,954.1379,955.3,955.3,-1.162,0.0,4.9317,0,1,0
5098,5098,test,healthy,9.7862,1070.2213,1065.9723,1065.9723,4.2491,0.0,4.9317,0,1,0
5099,5099,test,healthy,9.3144,918.3994,936.6656,936.6656,-18.2661,0.0,4.9317,0,1,0
5100,5100,test,healthy,9.0855,850.0519,850.5919,850.5919,-0.5399,0.0,4.9317,0,1,0
5101,5101,test,healthy,8.7923,767.41,757.6673,757.6673,9.7427,0.1436,4.9317,0,1,0
5102,5102,test,healthy,8.3946,663.7895,687.2405,687.2405,-23.451,0.0,4.9317,0,1,0
5103,5103,test,healthy,7.9685,563.1695,562.078,562.078,1.0915,0.0,4.9317,0,1,0
5104,5104,test,healthy,8.623,722.1277,715.0203,715.0203,7.1074,0.0,4.9317,0,1,0
5105,5105,test,healthy,8.3917,663.091,680.0552,680.0552,-16.9642,0.0,4.9317,0,1,0
5106,5106,test,healthy,7.9245,553.3642,522.4284,522.4284,30.9358,1.506,4.9317,0,1,0
5107,5107,test,healthy,8.2639,631.8148,674.5303,674.5303,-42.7155,0.0,4.9317,0,1,0
5108,5108,test,healthy,8.5318,698.4683,690.8103,690.8103,7.6579,0.0096,4.9317,0,1,0
5109,5109,test,healthy,8.2311,623.9546,619.5803,619.5803,4.3743,0.0,4.9317,0,1,0
5110,5110,test,healthy,8.3332,648.6547,655.1065,655.1065,-6.4519,0.0,4.9317,0,1,0
5111,5111,test,healthy,8.2541,629.4509,631.451,631.451,-2.0001,0.0,4.9317,0,1,0
5112,5112,test,healthy,8.359,654.992,661.08,661.08,-6.0879,0.0,4.9317,0,1,0
5113,5113,test,healthy,8.418,669.6366,678.6154,678.6154,-8.9788,0.0,4.9317,0,1,0
5114,5114,test,healthy,8.4642,681.2485,716.6673,716.6673,-35.4188,0.0,4.9317,0,1,0
5115,5115,test,healthy,8.4711,682.9893,682.8415,682.8415,0.1478,0.0,4.9317,0,1,0
5116,5116,test,healthy,8.2161,620.3701,667.112,667.112,-46.742,0.0,4.9317,0,1,0
5117,5117,test,healthy,8.3775,659.5563,659.8601,659.8601,-0.3038,0.0,4.9317,0,1,0
5118,5118,test,healthy,8.9301,805.5907,813.1691,813.1691,-7.5784,0.0,4.9317,0,1,0
5119,5119,test,healthy,8.911,800.2073,789.7545,789.7545,10.4527,0.1893,4.9317,0,1,0
5120,5120,test,healthy,8.3158,644.3984,624.7189,624.7189,19.6795,0.9717,4.9317,0,1,0
5121,5121,test,healthy,8.141,602.647,576.6031,576.6031,26.0439,2.1631,4.9317,0,1,0
5122,5122,test,healthy,8.2925,638.7344,663.3355,663.3355,-24.6011,0.0991,4.9317,0,1,0
5123,5123,test,healthy,8.4644,681.2999,689.0091,689.0091,-7.7093,0.0,4.9317,0,1,0
5124,5124,test,healthy,8.3552,654.0638,671.6797,671.6797,-17.6159,0.0,4.9317,0,1,0
5125,5125,test,healthy,8.2466,627.6585,627.2124,627.2124,0.4461,0.0,4.9317,0,1,0
5126,5126,test,healthy,7.8703,541.4388,531.2572,531.2572,10.1816,0.1718,4.9317,0,1,0
5127,5127,test,healthy,7.9066,549.4031,563.7723,563.7723,-14.3693,0.0,4.9317,0,1,0
5128,5128,test,healthy,7.7882,523.6912,485.792,485.792,37.8993,1.9536,4.9317,0,1,0
5129,5129,test,healthy,7.6621,497.1442,518.7405,518.7405,-21.5963,0.0827,4.9317,0,1,0
5130,5130,test,healthy,8.115,596.5825,593.5671,593.5671,3.0153,0.0,4.9317,0,1,0
5131,5131,test,healthy,8.0684,585.8177,565.7502,565.7502,20.0675,0.8073,4.9317,0,1,0
5132,5132,test,healthy,8.1194,597.6023,578.7432,578.7432,18.8592,1.537,4.9317,0,1,0
5133,5133,test,healthy,8.4008,665.3419,652.3423,652.3423,12.9996,1.89,4.9317,0,1,0
5134,5134,test,healthy,8.4596,680.0917,674.9112,674.9112,5.1805,1.7403,4.9317,0,1,0
5135,5135,test,healthy,8.3533,653.5934,617.6916,617.6916,35.9018,3.5655,4.9317,0,1,0
5136,5136,test,healthy,8.2207,621.4642,635.7264,635.7264,-14.2622,2.1661,4.9317,0,1,0
5137,5137,test,healthy,7.7827,522.514,523.1707,523.1707,-0.6567,1.6412,4.9317,0,1,0
5138,5138,test,healthy,8.2657,632.2366,632.7462,632.7462,-0.5096,1.1258,4.9317,0,1,0
5139,5139,test,healthy,7.7821,522.3997,519.6676,519.6676,2.732,0.8188,4.9317,0,1,0
5140,5140,test,healthy,7.7789,521.7003,520.6137,520.6137,1.0866,0.406,4.9317,0,1,0
5141,5141,test,healthy,8.1158,596.7793,598.0336,598.0336,-1.2542,0.0,4.9317,0,1,0
5142,5142,test,healthy,8.4566,679.3215,664.4041,664.4041,14.9174,0.4763,4.9317,0,1,0
5143,5143,test,healthy,8.4391,674.9081,680.8299,680.8299,-5.9218,0.0,4.9317,0,1,0
5144,5144,test,healthy,8.5898,713.4649,728.2272,728.2272,-14.7623,0.0,4.9317,0,1,0
5145,5145,test,healthy,8.4858,686.7047,655.7007,655.7007,31.004,1.5103,4.9317,0,1,0
5146,5146,test,healthy,8.2125,619.5187,627.3685,627.3685,-7.8499,0.5231,4.9317,0,1,0
5147,5147,test,healthy,7.999,570.0216,564.6625,564.6625,5.3591,0.3849,4.9317,0,1,0
5148,5148,test,healthy,8.4383,674.7183,716.5402,716.5402,-41.822,0.0,4.9317,0,1,0
5149,5149,test,healthy,8.533,698.7685,705.1141,705.1141,-6.3456,0.0,4.9317,0,1,0
5150,5150,test,healthy,8.3804,660.2793,665.4903,665.4903,-5.211,0.0,4.9317,0,1,0
5151,5151,test,healthy,7.9813,566.0463,545.4788,545.4788,20.5675,0.8395,4.9317,0,1,0
5152,5152,test,healthy,8.2421,626.568,633.1314,633.1314,-6.5634,0.0,4.9317,0,1,0
5153,5153,test,healthy,7.7145,508.0703,507.8262,507.8262,0.2441,0.0,4.9317,0,1,0
5154,5154,test,healthy,8.1886,613.8522,593.6636,593.6636,20.1885,0.8151,4.9317,0,1,0
5155,5155,test,healthy,7.9062,549.3206,546.2798,546.2798,3.0408,0.5279,4.9317,0,1,0
5156,5156,test,healthy,8.1558,606.1065,588.3709,588.3709,17.7356,1.1854,4.9317,0,1,0
5157,5157,test,healthy,7.6913,503.213,483.9551,483.9551,19.258,1.9406,4.9317,0,1,0
5158,5158,test,healthy,7.392,443.1595,442.0273,442.0273,1.1321,1.5308,4.9317,0,1,0
5159,5159,test,healthy,7.1597,399.7803,429.4137,429.4137,-29.6334,0.0,4.9317,0,1,0
5160,5160,test,healthy,7.3832,441.4682,436.4882,436.4882,4.98,0.0,4.9317,0,1,0
5161,5161,test,healthy,7.7637,518.4705,521.822,521.822,-3.3515,0.0,4.9317,0,1,0
5162,5162,test,healthy,7.6147,487.3972,491.2667,491.2667,-3.8696,0.0,4.9317,0,1,0
5163,5163,test,healthy,7.2224,411.211,404.4617,404.4617,6.7493,0.0,4.9317,0,1,0
5164,5164,test,healthy,6.9332,360.1025,356.4654,356.4654,3.6371,0.0,4.9317,0,1,0
5165,5165,test,healthy,7.0938,387.9708,387.6765,387.6765,0.2944,0.0,4.9317,0,1,0
5166,5166,test,healthy,7.1749,402.5411,381.5438,381.5438,20.9973,0.8671,4.9317,0,1,0
5167,5167,test,healthy,6.6176,308.9979,281.8932,281.8932,27.1048,2.1268,4.9317,0,1,0
5168,5168,test,healthy,6.3318,266.7324,262.162,262.162,4.5703,1.9379,4.9317,0,1,0
5169,5169,test,healthy,6.9066,355.6171,332.5421,332.5421,23.075,2.9386,4.9317,0,1,0
5170,5170,test,healthy,6.5417,297.4116,261.5886,261.5886,35.823,4.7587,4.9317,0,1,0
5171,5171,test,healthy,6.796,337.3059,329.0947,329.0947,8.2112,4.8039,4.9317,0,1,0
5172,5172,test,healthy,6.3894,274.9494,258.4178,258.4178,16.5316,5.3839,4.9317,1,1,0
5173,5173,test,healthy,6.9451,362.1255,358.3134,358.3134,3.8121,5.1463,4.9317,1,1,0
5174,5174,test,healthy,7.0389,378.3141,415.5119,415.5119,-37.1979,2.2725,4.9317,0,1,0
5175,5175,test,healthy,6.7607,331.5814,320.9311,320.9311,10.6504,2.4745,4.9317,0,1,0
5176,5176,test,healthy,6.9099,356.1692,332.4714,332.4714,23.6978,3.5152,4.9317,0,1,0
5177,5177,test,healthy,6.7138,324.079,328.5005,328.5005,-4.4215,2.7483,4.9317,0,1,0
5178,5178,test,healthy,6.7989,337.7736,322.7101,322.7101,15.0635,3.234,4.9317,0,1,0
5179,5179,test,healthy,6.5941,305.3771,327.76,327.76,-22.3829,1.3125,4.9317,0,1,0
5180,5180,test,healthy,6.7492,329.7335,345.0223,345.0223,-15.2888,0.0,4.9317,0,1,0
5181,5181,test,healthy,6.5478,298.3242,296.4389,296.4389,1.8853,0.0,4.9317,0,1,0
5182,5182,test,healthy,7.375,439.8972,431.863,431.863,8.0342,0.0338,4.9317,0,1,0
5183,5183,test,healthy,7.1069,390.2998,377.2269,377.2269,13.0728,0.3915,4.9317,0,1,0
5184,5184,test,healthy,6.6896,320.2327,328.494,328.494,-8.2612,0.0,4.9317,0,1,0
5185,5185,test,healthy,6.457,284.7803,287.0921,287.0921,-2.3119,0.0,4.9317,0,1,0
5186,5186,test,healthy,6.6204,309.4296,309.5476,309.5476,-0.118,0.0,4.9317,0,1,0
5187,5187,test,healthy,6.6977,321.525,291.4837,291.4837,30.0413,1.4485,4.9317,0,1,0
5188,5188,test,healthy,6.4189,279.2123,254.6381,254.6381,24.5742,2.5455,4.9317,0,1,0
5189,5189,test,healthy,6.6812,318.9174,298.1741,298.1741,20.7434,3.3962,4.9317,0,1,0
5190,5190,test,healthy,6.9981,371.2138,360.7093,360.7093,10.5045,3.5888,4.9317,0,1,0
5191,5191,test,healthy,7.5563,475.5422,455.4662,455.4662,20.076,4.3967,4.9317,0,1,0
5192,5192,test,healthy,7.662,497.1267,499.3426,499.3426,-2.2159,3.7716,4.9317,0,1,0
5193,5193,test,healthy,7.2354,413.6081,421.7595,421.7595,-8.1514,2.765,4.9317,0,1,0
5194,5194,test,healthy,7.1823,403.8854,411.952,411.952,-8.0666,1.7638,4.9317,0,1,0
5195,5195,test,healthy,7.2352,413.5855,393.4462,393.4462,20.1393,2.5758,4.9317,0,1,0
5196,5196,test,healthy,8.0916,591.16,607.0008,607.0008,-15.8407,1.0749,4.9317,0,1,0
5197,5197,test,healthy,8.2782,635.2559,649.2852,649.2852,-14.0293,0.0,4.9317,0,1,0
5198,5198,test,healthy,8.6673,733.7975,713.6819,713.6819,20.1156,0.8104,4.9317,0,1,0
5199,5199,test,healthy,8.6812,737.5071,777.5873,777.5873,-40.0803,0.0,4.9317,0,1,0
5200,5200,test,healthy,9.0256,832.7197,806.4555,806.4555,26.2642,1.2057,4.9317,0,1,0
5201,5201,test,healthy,8.8628,786.7868,799.0197,799.0197,-12.2329,0.0,4.9317,0,1,0
5202,5202,test,healthy,8.9158,801.5576,770.8485,770.8485,30.7091,1.4914,4.9317,0,1,0
5203,5203,test,healthy,8.6386,726.2179,679.7002,679.7002,46.5177,3.999,4.9317,0,1,0
5204,5204,test,healthy,8.2687,632.9828,633.9428,633.9428,-0.96,3.4546,4.9317,0,1,0
5205,5205,test,healthy,8.2877,637.5726,629.1435,629.1435,8.4291,3.5138,4.9317,0,1,0
5206,5206,test,healthy,7.8826,544.1355,556.6724,556.6724,-12.5369,2.2253,4.9317,0,1,0
5207,5207,test,healthy,7.8119,528.7884,562.1124,562.1124,-33.324,0.0,4.9317,0,1,0
5208,5208,test,healthy,7.6286,490.2355,501.8265,501.8265,-11.5911,0.0,4.9317,0,1,0
5209,5209,test,healthy,7.7021,505.4677,486.269,486.269,19.1987,0.7515,4.9317,0,1,0
5210,5210,test,healthy,7.7952,525.1889,547.3986,547.3986,-22.2097,0.0,4.9317,0,1,0
5211,5211,test,healthy,7.5501,474.284,464.3524,464.3524,9.9316,0.1558,4.9317,0,1,0
5212,5212,test,healthy,7.8148,529.41,535.7422,535.7422,-6.3322,0.0,4.9317,0,1,0
5213,5213,test,healthy,8.6082,718.2592,724.216,724.216,-5.9568,0.0,4.9317,0,1,0
5214,5214,test,healthy,8.246,627.5165,612.1025,612.1025,15.414,0.5082,4.9317,0,1,0
5215,5215,test,healthy,8.4349,673.8765,684.6866,684.6866,-10.8101,0.0,4.9317,0,1,0
5216,5216,test,healthy,8.1979,616.0408,608.2634,608.2634,7.7774,0.0173,4.9317,0,1,0
5217,5217,test,healthy,9.5641,996.8686,988.8307,988.8307,8.0379,0.0513,4.9317,0,1,0
5218,5218,test,healthy,8.8674,788.0594,789.5009,789.5009,-1.4414,0.0,4.9317,0,1,0
5219,5219,test,healthy,8.5074,692.2233,684.6232,684.6232,7.6001,0.0059,4.9317,0,1,0
5220,5220,test,healthy,8.1848,612.9463,642.5396,642.5396,-29.5933,0.0,4.9317,0,1,0
5221,5221,test,healthy,8.3155,644.3162,667.8805,667.8805,-23.5643,0.0,4.9317,0,1,0
5222,5222,test,healthy,8.9523,811.842,827.0662,827.0662,-15.2243,0.0,4.9317,0,1,0
5223,5223,test,healthy,9.2198,889.7553,901.6637,901.6637,-11.9084,0.0,4.9317,0,1,0
5224,5224,test,healthy,9.0457,838.5239,856.3998,856.3998,-17.8759,0.0,4.9317,0,1,0
5225,5225,test,healthy,8.9343,806.7635,816.299,816.299,-9.5354,0.0,4.9317,0,1,0
5226,5226,test,healthy,8.9168,801.8391,800.9918,800.9918,0.8473,0.0,4.9317,0,1,0
5227,5227,test,healthy,8.3388,650.0154,619.7118,619.7118,30.3036,1.4653,4.9317,0,1,0
5228,5228,test,healthy,8.1597,607.0334,618.2179,618.2179,-11.1845,0.2637,4.9317,0,1,0
5229,5229,test,healthy,8.4435,676.0192,674.7709,674.7709,1.2483,0.0,4.9317,0,1,0
5230,5230,test,healthy,8.0189,574.5296,579.1181,579.1181,-4.5885,0.0,4.9317,0,1,0
5231,5231,test,healthy,7.5187,467.9966,478.4827,478.4827,-10.4861,0.0,4.9317,0,1,0
5232,5232,test,healthy,7.6309,490.71,486.436,486.436,4.274,0.0,4.9317,0,1,0
5233,5233,test,healthy,7.496,463.4855,475.5918,475.5918,-12.1063,0.0,4.9317,0,1,0
5234,5234,test,healthy,7.6837,501.64,498.2326,498.2326,3.4075,0.0,4.9317,0,1,0
5235,5235,test,healthy,8.2255,622.6025,632.7989,632.7989,-10.1964,0.0,4.9317,0,1,0
5236,5236,test,healthy,8.022,575.2269,574.6497,574.6497,0.5772,0.0,4.9317,0,1,0
5237,5237,test,healthy,7.6808,501.022,495.439,495.439,5.5829,0.0,4.9317,0,1,0
5238,5238,test,healthy,7.7844,522.8761,493.4886,493.4886,29.3874,1.4064,4.9317,0,1,0
5239,5239,test,healthy,7.869,541.1623,535.1386,535.1386,6.0237,1.311,4.9317,0,1,0
5240,5240,test,healthy,7.6787,500.5999,511.1847,511.1847,-10.5848,0.1479,4.9317,0,1,0
5241,5241,test,healthy,7.3226,429.9059,458.8559,458.8559,-28.95,0.0,4.9317,0,1,0
5242,5242,test,healthy,7.3554,436.1411,433.6439,433.6439,2.4972,0.0,4.9317,0,1,0
5243,5243,test,healthy,7.1511,398.2335,407.7391,407.7391,-9.5056,0.0,4.9317,0,1,0
5244,5244,test,healthy,7.5834,481.0094,469.7438,469.7438,11.2656,0.2415,4.9317,0,1,0
5245,5245,test,healthy,8.1318,600.4903,608.1756,608.1756,-7.6853,0.0,4.9317,0,1,0
5246,5246,test,healthy,7.9804,565.8411,586.3203,586.3203,-20.4792,0.0,4.9317,0,1,0
5247,5247,test,healthy,8.1744,610.484,605.7966,605.7966,4.6874,0.0,4.9317,0,1,0
5248,5248,test,healthy,8.3892,662.4622,666.5975,666.5975,-4.1352,0.0,4.9317,0,1,0
5249,5249,test,healthy,8.8821,792.1413,783.891,783.891,8.2502,0.0477,4.9317,0,1,0
5250,5250,test,healthy,8.7739,762.4185,757.0858,757.0858,5.3327,0.0,4.9317,0,1,0
5251,5251,test,healthy,8.6297,723.8963,736.0356,736.0356,-12.1393,0.0,4.9317,0,1,0
5252,5252,test,healthy,8.5541,704.2049,698.3615,698.3615,5.8434,0.0,4.9317,0,1,0
5253,5253,test,healthy,9.2283,892.297,897.4495,897.4495,-5.1525,0.0,4.9317,0,1,0
5254,5254,test,healthy,9.0599,842.6185,827.8549,827.8549,14.7636,0.4664,4.9317,0,1,0
5255,5255,test,healthy,9.071,845.8413,826.7439,826.7439,19.0975,1.2114,4.9317,0,1,0
5256,5256,test,healthy,8.8856,793.128,772.5453,772.5453,20.5827,2.0518,4.9317,0,1,0
5257,5257,test,healthy,9.0498,839.7084,830.0112,830.0112,9.6972,2.1925,4.9317,0,1,0
5258,5258,test,healthy,9.0487,839.3958,866.3996,866.3996,-27.0038,0.0,4.9317,0,1,0
5259,5259,test,healthy,9.4281,953.633,936.53,936.53,17.103,0.6168,4.9317,0,1,0
5260,5260,test,healthy,9.5256,984.5047,1006.8506,1006.8506,-22.3459,0.0,4.9317,0,1,0
5261,5261,test,healthy,9.0973,853.5125,808.6295,808.6295,44.883,2.4025,4.9317,0,1,0
5262,5262,test,healthy,9.7018,1041.9562,1057.0849,1057.0849,-15.1287,0.9474,4.9317,0,1,0
5263,5263,test,healthy,9.6877,1037.2667,1039.1745,1039.1745,-1.9078,0.3421,4.9317,0,1,0
5264,5264,test,healthy,9.8586,1094.8448,1079.5362,1079.5362,15.3085,0.8435,4.9317,0,1,0
5265,5265,test,healthy,9.3845,940.0073,931.2581,931.2581,8.7492,0.9233,4.9317,0,1,0
5266,5266,test,healthy,8.7443,754.409,792.4507,792.4507,-38.0417,0.0,4.9317,0,1,0
5267,5267,test,healthy,8.9001,797.1783,795.5231,795.5231,1.6552,0.0,4.9317,0,1,0
5268,5268,test,healthy,8.5838,711.8943,715.8493,715.8493,-3.955,0.0,4.9317,0,1,0
5269,5269,test,healthy,8.496,689.319,675.6941,675.6941,13.625,0.3932,4.9317,0,1,0
5270,5270,test,healthy,8.5193,695.2653,685.4537,685.4537,9.8116,0.5413,4.9317,0,1,0
5271,5271,test,healthy,9.001,825.6794,832.1226,832.1226,-6.4432,0.0,4.9317,0,1,0
5272,5272,test,healthy,8.3781,659.7049,662.3441,662.3441,-2.6392,0.0,4.9317,0,1,0
5273,5273,test,healthy,8.1813,612.1216,638.8887,638.8887,-26.7671,0.0,4.9317,0,1,0
5274,5274,test,healthy,7.709,506.9282,489.7388,489.7388,17.1894,0.6223,4.9317,0,1,0
5275,5275,test,healthy,7.9023,548.4743,552.2764,552.2764,-3.8022,0.0,4.9317,0,1,0
5276,5276,test,healthy,8.2322,624.198,644.2403,644.2403,-20.0422,0.0,4.9317,0,1,0
5277,5277,test,healthy,7.8296,532.6085,554.0911,554.0911,-21.4826,0.0,4.9317,0,1,0
5278,5278,test,healthy,7.4513,454.6789,462.7592,462.7592,-8.0803,0.0,4.9317,0,1,0
5279,5279,test,healthy,7.8206,530.6457,560.8176,560.8176,-30.1719,0.0,4.9317,0,1,0
5280,5280,test,healthy,7.6765,500.1275,485.6042,485.6042,14.5233,0.4509,4.9317,0,1,0
5281,5281,test,healthy,7.3495,435.0227,426.952,426.952,8.0708,0.4871,4.9317,0,1,0
5282,5282,test,healthy,7.8277,532.1774,538.6074,538.6074,-6.43,0.0,4.9317,0,1,0
5283,5283,test,healthy,8.2095,618.8061,616.2427,616.2427,2.5635,0.0,4.9317,0,1,0
5284,5284,test,healthy,8.0224,575.325,602.1133,602.1133,-26.7883,0.0,4.9317,0,1,0
5285,5285,test,healthy,8.3899,662.6422,671.9567,671.9567,-9.3144,0.0,4.9317,0,1,0
5286,5286,test,healthy,8.495,689.0649,669.1336,669.1336,19.9313,0.7986,4.9317,0,1,0
5287,5287,test,healthy,8.3516,653.175,653.0296,653.0296,0.1454,0.3253,4.9317,0,1,0
5288,5288,test,healthy,8.0978,592.601,589.7046,589.7046,2.8965,0.0288,4.9317,0,1,0
5289,5289,test,healthy,8.2137,619.7857,623.4851,623.4851,-3.6994,0.0,4.9317,0,1,0
5290,5290,test,healthy,8.8998,797.0978,809.5877,809.5877,-12.4899,0.0,4.9317,0,1,0
5291,5291,test,healthy,9.2556,900.5316,893.3578,893.3578,7.1737,0.0,4.9317,0,1,0
5292,5292,test,healthy,9.3776,937.8684,926.1971,926.1971,11.6713,0.2676,4.9317,0,1,0
5293,5293,test,healthy,8.731,750.8149,752.3118,752.3118,-1.497,0.0,4.9317,0,1,0
5294,5294,test,healthy,8.856,784.9147,785.7596,785.7596,-0.8448,0.0,4.9317,0,1,0
5295,5295,test,healthy,9.744,1056.0305,1056.5786,1056.5786,-0.5481,0.0,4.9317,0,1,0
5296,5296,test,healthy,9.6326,1019.1554,1022.7386,1022.7386,-3.5832,0.0,4.9317,0,1,0
5297,5297,test,healthy,9.352,929.9401,940.4093,940.4093,-10.4691,0.0,4.9317,0,1,0
5298,5298,test,healthy,8.6986,742.1333,741.908,741.908,0.2252,0.0,4.9317,0,1,0
5299,5299,test,healthy,8.4856,686.6555,704.1692,704.1692,-17.5138,0.0,4.9317,0,1,0
5300,5300,test,healthy,8.3226,646.0545,658.4736,658.4736,-12.419,0.0,4.9317,0,1,0
5301,5301,test,healthy,7.9996,570.1519,565.2152,565.2152,4.9367,0.0,4.9317,0,1,0
5302,5302,test,healthy,8.2621,631.3846,656.0087,656.0087,-24.6241,0.0,4.9317,0,1,0
5303,5303,test,healthy,8.6401,726.6138,713.6961,713.6961,12.9177,0.3477,4.9317,0,1,0
5304,5304,test,healthy,8.6402,726.6509,724.4316,724.4316,2.2194,0.0077,4.9317,0,1,0
5305,5305,test,healthy,8.5848,712.1641,721.3936,721.3936,-9.2295,0.0,4.9317,0,1,0
5306,5306,test,healthy,8.474,683.7316,699.0166,699.0166,-15.285,0.0,4.9317,0,1,0
5307,5307,test,healthy,9.0537,840.8265,822.225,822.225,18.6015,0.7131,4.9317,0,1,0
5308,5308,test,healthy,8.5735,709.2121,693.7835,693.7835,15.4286,1.2222,4.9317,0,1,0
5309,5309,test,healthy,8.4828,685.9521,694.1198,694.1198,-8.1677,0.2145,4.9317,0,1,0
5310,5310,test,healthy,8.7325,751.2136,724.1787,724.1787,27.0348,1.4697,4.9317,0,1,0
5311,5311,test,healthy,8.4616,680.5817,682.0132,682.0132,-1.4314,0.8951,4.9317,0,1,0
5312,5312,test,healthy,7.9451,557.9536,556.4181,556.4181,1.5355,0.5111,4.9317,0,1,0
5313,5313,test,healthy,7.7764,521.1803,535.419,535.419,-14.2387,0.0,4.9317,0,1,0
5314,5314,test,healthy,7.5202,468.3132,465.3439,465.3439,2.9693,0.0,4.9317,0,1,0
5315,5315,test,healthy,7.9073,549.5575,523.2965,523.2965,26.2611,1.2055,4.9317,0,1,0
5316,5316,test,healthy,8.0865,589.9858,585.7454,585.7454,4.2404,0.9954,4.9317,0,1,0
5317,5317,test,healthy,7.7381,513.0511,517.5857,517.5857,-4.5346,0.2213,4.9317,0,1,0
5318,5318,test,healthy,8.3247,646.5641,628.7323,628.7323,17.8317,0.8849,4.9317,0,1,0
5319,5319,test,healthy,7.8085,528.0427,508.6751,508.6751,19.3676,1.6472,4.9317,0,1,0
5320,5320,test,healthy,7.8409,535.0487,524.9138,524.9138,10.135,1.816,4.9317,0,1,0
5321,5321,test,healthy,7.6726,499.323,497.1105,497.1105,2.2124,1.4756,4.9317,0,1,0
5322,5322,test,healthy,7.1875,404.8348,417.2843,417.2843,-12.4494,0.1927,4.9317,0,1,0
5323,5323,test,healthy,6.8057,338.8882,312.5164,312.5164,26.3717,1.4053,4.9317,0,1,0
5324,5324,test,healthy,6.3794,273.5064,281.18,281.18,-7.6736,0.4294,4.9317,0,1,0
5325,5325,test,healthy,6.1629,243.4759,258.8761,258.8761,-15.4001,0.0,4.9317,0,1,0
5326,5326,test,healthy,6.1427,240.7823,207.4151,207.4151,33.3671,1.6622,4.9317,0,1,0
5327,5327,test,healthy,6.5356,296.4895,298.3601,298.3601,-1.8707,1.0594,4.9317,0,1,0
5328,5328,test,healthy,6.3488,269.1346,271.8906,271.8906,-2.756,0.3996,4.9317,0,1,0
5329,5329,test,healthy,6.958,364.3321,373.9282,373.9282,-9.5961,0.0,4.9317,0,1,0
5330,5330,test,healthy,6.8057,338.8911,329.6131,329.6131,9.278,0.1138,4.9317,0,1,0
5331,5331,test,healthy,6.5469,298.1866,326.4104,326.4104,-28.2238,0.0,4.9317,0,1,0
5332,5332,test,healthy,6.373,272.5912,275.0862,275.0862,-2.495,0.0,4.9317,0,1,0
5333,5333,test,healthy,7.0302,376.7836,372.4946,372.4946,4.289,0.0,4.9317,0,1,0
5334,5334,test,healthy,7.2831,422.4851,428.536,428.536,-6.051,0.0,4.9317,0,1,0
5335,5335,test,healthy,7.0982,388.7586,404.5467,404.5467,-15.7881,0.0,4.9317,0,1,0
5336,5336,test,healthy,7.1467,397.4446,409.1047,409.1047,-11.6601,0.0,4.9317,0,1,0
5337,5337,test,healthy,6.7337,327.2426,315.207,315.207,12.0356,0.291,4.9317,0,1,0
5338,5338,test,healthy,6.6088,307.6461,290.7378,290.7378,16.9084,0.8953,4.9317,0,1,0
5339,5339,test,healthy,6.4967,290.6598,274.9994,274.9994,15.6604,1.4193,4.9317,0,1,0
5340,5340,test,healthy,6.4791,288.0436,276.0395,276.0395,12.0041,1.7083,4.9317,0,1,0
5341,5341,test,healthy,6.9661,365.7149,398.2884,398.2884,-32.5735,0.0,4.9317,0,1,0
5342,5342,test,healthy,7.2509,416.4767,451.4529,451.4529,-34.9763,0.0,4.9317,0,1,0
5343,5343,test,healthy,6.8978,354.1309,362.0485,362.0485,-7.9177,0.0,4.9317,0,1,0
5344,5344,test,healthy,6.8686,349.2535,333.0094,333.0094,16.2441,0.5616,4.9317,0,1,0
5345,5345,test,healthy,6.6362,311.874,303.5623,303.5623,8.3117,0.6132,4.9317,0,1,0
5346,5346,test,healthy,6.224,251.7433,245.1063,245.1063,6.6371,0.5572,4.9317,0,1,0
5347,5347,test,healthy,5.8571,204.5005,207.3696,207.3696,-2.8692,0.0,4.9317,0,1,0
5348,5348,test,healthy,5.7364,190.1988,188.6684,188.6684,1.5303,0.0,4.9317,0,1,0
5349,5349,test,healthy,5.8287,201.079,195.3349,195.3349,5.7441,0.0,4.9317,0,1,0
5350,5350,test,healthy,6.0718,231.4554,258.3304,258.3304,-26.875,0.0,4.9317,0,1,0
5351,5351,test,healthy,6.4992,291.0383,278.4545,278.4545,12.5837,0.3263,4.9317,0,1,0
5352,5352,test,healthy,6.7875,335.9263,332.754,332.754,3.1723,0.0475,4.9317,0,1,0
5353,5353,test,healthy,6.4662,286.1352,276.4209,276.4209,9.7143,0.1893,4.9317,0,1,0
5354,5354,test,healthy,6.6418,312.7448,331.6382,331.6382,-18.8934,0.0,4.9317,0,1,0
5355,5355,test,healthy,7.4914,462.5778,443.5046,443.5046,19.0732,0.7434,4.9317,0,1,0
5356,5356,test,healthy,8.0394,579.1929,619.8445,619.8445,-40.6516,0.0,4.9317,0,1,0
5357,5357,test,healthy,8.3573,654.5668,647.2725,647.2725,7.2943,0.0,4.9317,0,1,0
5358,5358,test,healthy,7.9901,568.0155,569.1147,569.1147,-1.0992,0.0,4.9317,0,1,0
5359,5359,test,healthy,8.6754,735.9688,749.1375,749.1375,-13.1687,0.0,4.9317,0,1,0
5360,5360,test,healthy,8.4962,689.3598,660.0529,660.0529,29.3069,1.4012,4.9317,0,1,0
5361,5361,test,healthy,9.1933,881.8062,873.5148,873.5148,8.2914,1.4516,4.9317,0,1,0
5362,5362,test,healthy,8.9113,800.2971,809.7824,809.7824,-9.4853,0.3592,4.9317,0,1,0
5363,5363,test,healthy,8.7843,765.2282,784.6451,784.6451,-19.4169,0.0,4.9317,0,1,0
5364,5364,test,healthy,9.3924,942.4788,940.8486,940.8486,1.6302,0.0,4.9317,0,1,0
5365,5365,test,healthy,9.3438,927.4312,928.0405,928.0405,-0.6093,0.0,4.9317,0,1,0
5366,5366,test,healthy,8.8513,783.6044,807.2706,807.2706,-23.6663,0.0,4.9317,0,1,0
5367,5367,test,healthy,8.5619,706.2158,687.6815,687.6815,18.5343,0.7088,4.9317,0,1,0
5368,5368,test,healthy,8.7198,747.7964,760.8885,760.8885,-13.092,0.0,4.9317,0,1,0
5369,5369,test,healthy,9.2916,911.4438,901.6545,901.6545,9.7893,0.1466,4.9317,0,1,0
5370,5370,test,healthy,9.2403,895.9137,895.1298,895.1298,0.7838,0.0,4.9317,0,1,0
5371,5371,test,healthy,8.7732,762.2112,742.2346,742.2346,19.9766,0.8015,4.9317,0,1,0
5372,5372,test,healthy,8.5737,709.2816,731.5182,731.5182,-22.2366,0.0,4.9317,0,1,0
5373,5373,test,healthy,8.2549,629.6477,609.6929,609.6929,19.9548,0.8001,4.9317,0,1,0
5374,5374,test,healthy,8.2994,640.4067,634.0264,634.0264,6.3803,0.7276,4.9317,0,1,0
5375,5375,test,healthy,8.679,736.9122,745.2618,745.2618,-8.3495,0.0,4.9317,0,1,0
5376,5376,test,healthy,8.4532,678.4702,669.6693,669.6693,8.801,0.0831,4.9317,0,1,0
5377,5377,test,healthy,9.2399,895.7825,900.8017,900.8017,-5.0192,0.0,4.9317,0,1,0
5378,5378,test,healthy,9.1001,854.3104,864.4437,864.4437,-10.1333,0.0,4.9317,0,1,0
5379,5379,test,healthy,9.0391,836.6254,872.2987,872.2987,-35.6733,0.0,4.9317,0,1,0
5380,5380,test,healthy,8.9444,809.6022,791.219,791.219,18.3832,0.6991,4.9317,0,1,0
5381,5381,test,healthy,8.3698,657.6425,659.9443,659.9443,-2.3019,0.0684,4.9317,0,1,0
5382,5382,test,healthy,8.8548,784.5867,776.837,776.837,7.7497,0.084,4.9317,0,1,0
5383,5383,test,healthy,8.4831,686.0253,699.3917,699.3917,-13.3665,0.0,4.9317,0,1,0
5384,5384,test,healthy,8.6206,721.4999,716.075,716.075,5.4249,0.0,4.9317,0,1,0
5385,5385,test,healthy,8.5087,692.5548,707.8572,707.8572,-15.3024,0.0,4.9317,0,1,0
5386,5386,test,healthy,8.3587,654.9117,643.6543,643.6543,11.2574,0.241,4.9317,0,1,0
5387,5387,test,healthy,8.6137,719.693,725.409,725.409,-5.716,0.0,4.9317,0,1,0
5388,5388,test,healthy,8.2499,628.4514,643.0888,643.0888,-14.6373,0.0,4.9317,0,1,0
5389,5389,test,healthy,7.9103,550.2372,563.5804,563.5804,-13.3432,0.0,4.9317,0,1,0
5390,5390,test,healthy,7.5362,471.5044,459.0114,459.0114,12.493,0.3204,4.9317,0,1,0
5391,5391,test,healthy,7.646,493.8318,478.6321,478.6321,15.1996,0.8148,4.9317,0,1,0
5392,5392,test,healthy,7.3785,440.5709,413.5954,413.5954,26.9755,2.0662,4.9317,0,1,0
5393,5393,test,healthy,6.8965,353.9159,323.2322,323.2322,30.6837,3.556,4.9317,0,1,0
5394,5394,test,healthy,7.2997,425.6001,449.7855,449.7855,-24.1854,1.5187,4.9317,0,1,0
5395,5395,test,healthy,6.934,360.243,407.1226,407.1226,-46.8797,0.0,4.9317,0,1,0
5396,5396,test,healthy,6.6302,310.9428,325.4091,325.4091,-14.4663,0.0,4.9317,0,1,0
5397,5397,test,healthy,7.1379,395.8583,411.5012,411.5012,-15.6429,0.0,4.9317,0,1,0
5398,5398,test,healthy,7.0707,383.882,406.1695,406.1695,-22.2874,0.0,4.9317,0,1,0
5399,5399,test,healthy,6.9503,363.0226,392.4292,392.4292,-29.4067,0.0,4.9317,0,1,0
